text,category,urgency,department
"지난주 수요일 수학 수업 시간에 아이가 질문을 했는데, 진도가 늦어진다며 그냥 넘어가셨다고 들었습니다. 아이가 수학에 흥미를 잃을까 무척 걱정됩니다. 진도를 빼는 것도 중요하지만 모르는 부분을 짚고 넘어가는 수업 방식이 필요하다고 생각합니다. 혹시 개별적인 질의응답 시간이 따로 있는지 확인 후 답변 부탁드립니다.",수업/학습 문제,보통,교무부
어제 영어 단어 시험을 봤는데 하루에 외워야 할 분량이 50개나 된다고 합니다. 초등학생 아이가 감당하기에는 너무 벅찬 숙제량 아닌가요? 아이가 매일 밤 울면서 단어를 외우고 있어서 스트레스가 심합니다. 단어 시험 횟수를 늘리더라도 하루 분량을 조금 줄여주세요.,수업/학습 문제,보통,교무부
최근 체육 시간에 밖에서 뛰어노는 활동보다 교실에서 영상만 보는 경우가 너무 많다고 합니다. 성장기 아이들인 만큼 활동적인 체육 수업이 필요하다고 생각합니다. 미세먼지가 없는 날에는 가급적 운동장이나 체육관에서 신체 활동을 할 수 있도록 수업 방식을 조정해 주실 수 있으실까요? 답변 기다리겠습니다.,수업/학습 문제,보통,교무부
"이번 미술 과제를 위해 준비해야 하는 준비물 리스트를 보았는데, 일반 문구점에서는 구하기 힘든 재료들이 많습니다. 맞벌이 가정이라 평일에 대형 화방까지 다녀오기가 현실적으로 너무 어렵습니다. 학교에서 이런 건 당연히 준비해야 하는 건 아닌가요? 재료비를 걷어 일괄 구매하거나, 쉽게 구할 수 있는 대체 재료를 허용해 주셨으면 합니다.",수업/학습 문제,보통,교무부
"지난 과학 실험 시간에 알코올 램프를 다루다가 아이가 손을 살짝 데일 뻔했다고 합니다. 실험 전에 안전 교육이 충분히 이루어졌는지, 조별로 교사나 보조 인력의 지도가 제대로 진행되고 있는지 궁금합니다. 아이들의 안전과 직결된 문제인 만큼 실험 수업 시 안전 관리에 조금 더 각별한 신경을 써주시길 간곡히 부탁드립니다.",수업/학습 문제,높음,교무부
주말마다 제출해야 하는 독서 감상문 과제의 양이 너무 많아서 아이가 주말에도 전혀 쉬지 못하고 있습니다. 책을 읽고 즐거움을 느껴야 할 시기에 오히려 독서에 대한 거부감만 커지고 있는 것 같습니다. 강제적인 독서록 작성보다는 자율적인 독서 활동을 권장하는 방향으로 과제 방식을 변경해 주실 것을 건의드립니다.,수업/학습 문제,보통,교무부
이번 사회 수행평가 채점 기준이 다소 모호한 것 같습니다. 저희 아이는 교과서 내용에 충실하게 적었는데도 감점이 되었습니다. 어떤 부분이 부족했는지 아이도 저도 이해하기 어려워 다음 평가를 대비하기가 막막합니다. 수행평가 실시 전에 세부적인 평가 루브릭이나 감점 기준을 학부모와 학생들에게 명확히 공지해 주셨으면 합니다.,수업/학습 문제,보통,교무부
"지난주 기말고사 수학 15번 문제에 출제 오류가 있는 것 같습니다. 보기 중에 정답이 없어서 아이가 그 문제에만 10분 넘게 매달리다 다른 문제까지 망쳤다고 속상해하고 있습니다. 이미 시험은 끝났지만, 출제 과정에서 검토가 미흡했던 점은 아쉽습니다. 해당 문제에 대한 전원 정답 처리 및 재발 방지 대책을 묻고 싶습니다.",수업/학습 문제,보통,교무부
"이번 중간고사 국어 시험 난이도가 평소보다 지나치게 높게 출제된 것 같습니다. 반 평균이 심각하게 떨어졌다고 들었는데, 아이들이 수업 시간에 배운 내용만으로는 풀기 어려운 문제들이 많았다고 합니다. 변별력도 중요하지만 학습 의욕을 꺾을 정도의 난이도는 지양해 주셨으면 합니다. 다음 시험에서는 난이도 조절을 부탁드립니다.",수업/학습 문제,보통,교무부
"사회 조별 과제에서 특정 아이 한두 명만 자료 조사와 발표 준비를 다 하고, 나머지 아이들은 참여하지 않았다고 합니다. 그런데 점수는 조원 모두가 동일하게 받아서 열심히 한 아이가 허탈해하고 있습니다. 선생님들 다 고소할겁니다. 조치 취하세요.",수업/학습 문제,높음,교무부
방과 후 컴퓨터 교실 수업의 질이 예전보다 많이 떨어진 것 같습니다. 강사님이 수업 시간에 아이들 진도만 확인하시고 핸드폰만 보신다는 이야기를 아이에게 전해 들었습니다. 돈을 내고 듣는 수업인데 관리가 너무 부실한 것 같아 실망스럽습니다. 방과 후 강사님들에 대한 학교 차원의 주기적인 수업 모니터링을 요청합니다.,수업/학습 문제,보통,교무부
"오늘 오전 온라인 줌 수업 중에 접속 불량으로 튕긴 아이들이 많았는데, 선생님께서는 출석을 인정해주지 않으셨다고 합니다. 학교 시스템 문제나 일시적인 통신 오류로 인한 접속 지연인데, 이를 결석으로 처리하는 것은 너무 억울합니다. 접속 기록을 다시 확인해 주시고, 온라인 수업 시 유연한 출결 관리를 부탁드립니다.",수업/학습 문제,보통,교무부
"음악 리코더 수행평가 동영상 제출 기한이 수요일 저녁까지인데, 공지를 월요일 오후에 해주셔서 연습할 시간이 턱없이 부족합니다. 아파트에 살고 있어 늦은 저녁에는 층간소음 문제로 리코더를 불 수도 없는 상황입니다. 최소한 일주일 전에는 수행평가 일정을 알려주셔서 아이들이 충분히 연습할 수 있도록 배려해 주시기 바랍니다.",수업/학습 문제,보통,교무부
"코딩 정규 수업 진도가 너무 빠르게 나갑니다. 컴퓨터 학원을 다니지 않는 아이들은 용어조차 이해하지 못해 수업 시간 내내 멍하니 앉아만 있다고 합니다. 공교육에서 이루어지는 수업인 만큼, 선행학습을 하지 않은 학생들의 눈높이에 맞춰 기초부터 차근차근 가르쳐 주셨으면 합니다. 보충 자료라도 배부해 주시면 감사하겠습니다.",수업/학습 문제,보통,교무부
"매일 내주시는 한자 쓰기 숙제가 아이에게 너무 큰 부담이 되고 있습니다. 한 글자당 10번씩 써야 하는데, 의미를 이해하며 쓰기보다는 그저 칸 채우기에 급급한 단순 노동이 되어버렸습니다. 쓰기 횟수를 줄이더라도 사자성어의 뜻을 이해하고 활용하는 식의 의미 있는 학습 과제로 변경해 주실 수는 없는지 정중히 문의드립니다.",수업/학습 문제,보통,교무부
역사 수업이 지나치게 연도와 사건 이름 암기 위주로 진행되어 아이가 역사를 너무 지루한 과목으로 인식하고 있습니다. 흐름을 이해하고 역사적 인물의 입장에서 생각해 보는 토론식 수업이나 시청각 자료를 활용한 수업이 더 늘어났으면 좋겠습니다. 아이들이 우리 역사에 흥미를 가질 수 있도록 수업 방식을 조금 개선해 주세요.,수업/학습 문제,보통,교무부
"도덕 시간에 진행된 찬반 토론에서 소수 의견을 낸 아이들에게 선생님께서 면박을 주셨다는 이야기를 들었습니다. 토론 수업은 다양한 의견을 수용하고 논리적으로 설득하는 과정이어야 하는데, 정답이 정해져 있는 것처럼 유도하시는 것은 부적절하다고 봅니다. 자유롭게 발언할 수 있는 수업 분위기를 조성해 주시기를 간곡히 부탁드립니다.",수업/학습 문제,보통,교무부
"내일 실과 시간에 요리 실습이 있다고 들었는데, 학교에서 제공하는 조리 도구들의 위생 상태가 매우 불량하다고 아이가 걱정하고 있습니다. 저번 실습 때 프라이팬에 기름때가 그대로 남아 있었다고 하더군요. 식중독 등의 위험이 있으니 실습 전에 조리 기구 소독 및 세척 상태를 철저하게 점검해 주시기를 강력히 요청합니다.",수업/학습 문제,높음,교무부
이번 학기 창의적 체험활동 계획표를 보니 대부분 교실에서 종이접기나 영화 시청으로 대체되어 있습니다. 예전처럼 외부 강사를 초빙하거나 야외 생태 체험 등을 기대했는데 너무 부실하게 운영되는 것 같아 실망스럽습니다. 남은 학기 동안이라도 아이들이 다양한 경험을 할 수 있도록 보다 내실 있는 체험 프로그램을 기획해 주세요.,수업/학습 문제,보통,교무부
"학교에서 일괄 구매한 한문 부교재의 질이 너무 떨어집니다. 인쇄가 흐릿해서 글자가 잘 보이지 않는 페이지도 많고, 오탈자도 심심치 않게 발견됩니다. 아이들이 공부하는 책인데 검수도 제대로 안 된 교재를 선정한 이유를 모르겠습니다. 다음 학기 부교재 선정 시에는 학부모나 교사들의 꼼꼼한 사전 검토를 거쳐 주시길 바랍니다.",수업/학습 문제,높음,교무부
"수학 수업에서 익힘책 풀이 과정을 선생님이 칠판에 적어주기만 하고, 아이들이 각자 푼 것을 채점해주지는 않는다고 합니다. 아이가 틀린 문제를 왜 틀렸는지 모른 채 그냥 넘어가다 보니 비슷한 유형을 계속 틀리고 있습니다. 번거로우시더라도 일주일에 한 번이라도 아이들 익힘책을 걷어서 개별 피드백을 조금씩이라도 적어주셨으면 합니다.",수업/학습 문제,보통,교무부
"오늘 영어 듣기 평가 중에 교내 방송 스피커에서 지지직거리는 잡음이 너무 심하게 나서 뒷자리 아이들은 내용을 거의 듣지 못했다고 합니다. 시험 성적에 반영되는 중요한 평가인데 방송 시설 점검을 제대로 하지 않은 것 같습니다. 해당 학급에 한해 재시험을 치르거나, 불이익을 받지 않도록 점수 보정 조치를 취해 주시기 바랍니다.",수업/학습 문제,보통,교무부
"최근 치른 국어 논술형 평가 결과지를 받았는데, 점수만 적혀 있고 어떤 부분에서 감점되었는지 첨삭이 전혀 되어 있지 않습니다. 논리력이 부족한 건지 맞춤법이 틀린 건지 알아야 가정에서도 지도를 할 텐데 아쉽습니다. 선생님께서 바쁘시겠지만, 아이들의 글쓰기 능력 향상을 위해 짧은 코멘트라도 꼭 남겨주시길 부탁드립니다.",수업/학습 문제,보통,교무부
"과학 시간에 거의 매일 쪽지시험을 본다고 들었습니다. 배운 내용을 복습하는 취지는 이해하지만, 잦은 시험 탓에 아이가 학교 가는 것 자체를 스트레스 받아 하고 있습니다. 쪽지시험 횟수를 일주일에 한 번 정도로 줄이시고, 수업 시간에는 실험이나 탐구 활동에 더 많은 비중을 두어 주시면 감사하겠습니다. 긍정적인 검토 부탁드립니다.",수업/학습 문제,보통,교무부
"이번 수준별 이동수업 배정 결과에 대해 불만이 있습니다. 저희 아이는 지난번 시험에서 충분히 심화반에 들어갈 성적을 받았음에도 기초반으로 배정되었습니다. 반 편성 기준이 오직 지난 기말고사 성적순인지, 아니면 다른 평가 요소가 개입된 것인지 명확한 해명을 요구합니다. 기준이 명확하지 않다면 학부모들의 불신만 커질 것입니다.",수업/학습 문제,보통,교무부
원어민 선생님과 함께하는 영어 수업 시간에 원어민 교사는 뒤에 서 있기만 하고 한국인 선생님 위주로만 수업이 진행된다고 합니다. 원어민 교사와 직접 대화할 기회가 전혀 없다면 굳이 원어민 수업을 배정한 의미가 없지 않나요? 원어민 교사가 주도적으로 회화 연습을 이끌어갈 수 있도록 수업 방식을 개편해 주셨으면 합니다.,수업/학습 문제,보통,교무부
"음악, 미술 같은 예체능 과목의 내신 반영 비율이 너무 높아서 아이들이 국영수보다 예체능 수행평가에 매달리는 주객전도 현상이 발생하고 있습니다. 예체능은 타고난 재능이 영향을 미치는 과목인데, 이를 주요 과목과 동일한 비중으로 평가하는 것은 불합리하다고 봅니다. 예체능 과목은 절대평가로 전환하거나 반영 비율을 축소해 주세요.",수업/학습 문제,보통,교무부
방과 후 야간 자율학습 시간에 감독 선생님께서 자리에 안 계시는 경우가 많아 교실 분위기가 몹시 소란스럽다고 합니다. 공부하겠다고 남은 아이들인데 면학 분위기 조성이 전혀 안 되고 있어 차라리 학원 자습실로 보내는 게 낫겠다는 생각마저 듭니다. 자율학습 시간 동안 감독 교사의 순찰을 강화하여 정숙한 분위기를 유지해 주십시오.,수업/학습 문제,보통,교무부
매주 독서록을 작성하여 검사받는 제도가 아이들의 자율적인 독서 습관을 해치고 있습니다. 억지로 줄거리를 요약하고 억지 교훈을 짜내는 과정에서 오히려 책을 멀리하게 됩니다. 검사를 위한 독서록 쓰기보다는 한 달에 한 번 독서 토론회를 열어 아이들이 자유롭게 감상을 나누는 활동으로 대체해 주시는 것은 어떨지 건의해 봅니다.,수업/학습 문제,보통,교무부
"발표 위주의 국어 수업 방식 때문에 내성적인 저희 아이가 밤잠을 설치며 괴로워하고 있습니다. 모든 아이가 대중 앞에서 말하기를 잘할 수는 없는데, 발표 횟수만을 적극성의 척도로 삼아 수행평가 점수를 매기는 것은 부당합니다. 글쓰기나 시각 자료 제작 등 다른 방식으로도 참여도를 평가받을 수 있는 선택지를 마련해 주시기 바랍니다.",수업/학습 문제,보통,교무부
금요일마다 내주시는 수학 프린트 과제물이 10장이나 되어 주말 내내 아이가 문제만 풀고 있습니다. 주말에는 가족들과 시간을 보내거나 휴식을 취해야 하는데 과제에 짓눌려 지내는 모습이 안쓰럽습니다. 복습에 필요한 핵심 문제만 추려서 2~3장 내외로 과제량을 대폭 줄여주시길 간곡히 부탁드립니다. 아이들의 휴식권도 보장해 주세요.,수업/학습 문제,보통,교무부
이번 학기 수학 과제로 내주신 심화 문제집은 학교 진도보다 한참 앞선 내용을 담고 있어 선행학습을 하지 않은 아이들은 아예 손도 댈 수 없습니다. 학원이나 과외를 받는 아이들만 풀 수 있는 과제를 내주시는 것은 공교육의 취지에 어긋난다고 봅니다. 학교에서 배운 개념만으로 충분히 해결 가능한 난이도의 과제로 변경해 주십시오.,수업/학습 문제,보통,교무부
"과학 실험 관찰 보고서 양식이 초등학생이 작성하기에는 지나치게 복잡하고 전문적입니다. 가설 설정부터 변인 통제까지 요구하는데, 결국 부모가 대신 써주는 숙제가 되어버렸습니다. 아이 스스로 실험 결과를 관찰하고 느낀 점을 간단히 그림이나 글로 표현할 수 있는 수준으로 양식을 간소화해 주시기를 정중하게 요청하는 바입니다.",수업/학습 문제,보통,교무부
"어제 본 국어 받아쓰기 채점 결과를 보니 띄어쓰기 하나 틀렸다고 문장 전체를 오답 처리하셨더군요. 저학년 아이들에게는 너무 가혹한 채점 기준이 아닌가 싶습니다. 틀린 부분만 감점하거나, 띄어쓰기 오류는 세모 표시를 하여 다시 써보게 하는 식의 유연한 피드백이 아이들의 학습 동기 부여에 훨씬 도움이 될 것이라 생각합니다.",수업/학습 문제,보통,교무부
"현재 체육 수행평가 종목이 '뜀틀 넘기'인데, 저희 아이처럼 신체 활동에 두려움이 많은 아이들에게는 큰 스트레스입니다. 억지로 넘으려다 다칠 위험도 커 보입니다. 단일 종목으로 평가하기보다는 훌라후프, 줄넘기 등 다른 종목을 선택할 수 있는 기회를 주셔서 다양한 신체 능력을 골고루 평가받을 수 있게 해 주시면 감사하겠습니다.",수업/학습 문제,높음,교무부
주 1회 진행되는 진로 수업이 그저 적성 검사지나 돌리고 자습하는 시간으로 전락한 것 같습니다. 아이들이 다양한 직업 세계를 탐색하고 자신의 진로를 진지하게 고민할 수 있도록 외부 전문가 특강이나 직업 체험 프로그램 등을 적극적으로 도입해 주셨으면 합니다. 학교 차원에서 진로 교육의 전문성을 좀 더 높여 주시기를 바랍니다.,수업/학습 문제,보통,교무부
"방과 후 영어 보충수업 교재가 학기 중간에 갑자기 바뀌어 부모 입장에서는 교재비가 이중으로 들게 되었습니다. 기존 교재를 절반도 안 썼는데 충분한 설명 없이 새 교재를 강매하는 것 같아 매우 불쾌합니다. 교재를 변경해야만 했던 명확한 사유를 알려주시고, 기존 교재를 환불 처리하거나 끝까지 활용하는 방안을 강구해 주십시오.",수업/학습 문제,보통,교무부
"기말고사가 끝난 지 2주가 지났는데 아직도 과목별 성적 이의신청 기간 공지나 가채점 결과 확인이 이루어지지 않고 있습니다. 성적 처리가 지연되면서 방학 중 학원 등록이나 다음 학기 학습 계획을 세우는 데 큰 차질을 빚고 있습니다. 행정 처리를 서둘러 주시고, 평가 결과 공개 일정을 학부모들에게 신속히 안내해 주시기 바랍니다.",수업/학습 문제,보통,교무부
고등학교 3학년인데 국어 수업 시간에 수능 연계 교재인 EBS 교재는 거의 다루지 않고 선생님께서 직접 만드신 프린트물로만 수업을 하십니다. 수능이 얼마 남지 않은 시점에서 연계 교재 풀이가 무엇보다 중요한데 수업 방식이 입시 현실과 동떨어져 있는 것 같습니다. EBS 교재를 주교재로 활용하여 수업을 진행해 주실 것을 강력히 건의합니다.,수업/학습 문제,보통,교무부
"사회와 역사 과목에서 교과서 대신 매번 나누어주시는 프린트물 관리가 너무 어렵습니다. 아이가 잃어버리는 경우도 많고 순서대로 정리하기도 벅차 시험 기간에 공부할 자료가 부족해 쩔쩔맵니다. 가급적 교과서 위주로 진도를 나가주시고, 꼭 필요한 자료라면 학기 초에 하나의 제본된 책자로 묶어서 배부해 주셨으면 훨씬 수월할 것 같습니다.",수업/학습 문제,보통,교무부
수업 설명와 관련해 학생이 내용을 충분히 이해하기 어려웠다고 이야기했습니다. 관련 내용을 다시 안내해 주시기 바랍니다,수업/학습 문제,보통,교무부
수업 설명와 관련해 학생이 내용을 충분히 이해하기 어려웠다고 이야기했습니다. 학생들이 이해할 수 있도록 보충 설명을 부탁드립니다,수업/학습 문제,보통,교무부
수업 설명와 관련해 학생이 내용을 충분히 이해하기 어려웠다고 이야기했습니다. 가정에서도 확인할 수 있는 기준을 공유해 주시면 좋겠습니다,수업/학습 문제,보통,교무부
수업 설명와 관련해 학생이 내용을 충분히 이해하기 어려웠다고 이야기했습니다. 향후 같은 혼란이 없도록 안내 방식을 점검해 주시기 바랍니다,수업/학습 문제,보통,교무부
수업 설명와 관련해 가정에서 확인하기에 안내 내용이 다소 부족했습니다. 관련 내용을 다시 안내해 주시기 바랍니다,수업/학습 문제,보통,교무부
수업 설명와 관련해 가정에서 확인하기에 안내 내용이 다소 부족했습니다. 학생들이 이해할 수 있도록 보충 설명을 부탁드립니다,수업/학습 문제,보통,교무부
수업 설명와 관련해 가정에서 확인하기에 안내 내용이 다소 부족했습니다. 가정에서도 확인할 수 있는 기준을 공유해 주시면 좋겠습니다,수업/학습 문제,보통,교무부
수업 설명와 관련해 가정에서 확인하기에 안내 내용이 다소 부족했습니다. 향후 같은 혼란이 없도록 안내 방식을 점검해 주시기 바랍니다,수업/학습 문제,보통,교무부
수업 설명와 관련해 학생마다 이해 정도의 차이가 커 보였습니다. 관련 내용을 다시 안내해 주시기 바랍니다,수업/학습 문제,보통,교무부
수업 설명와 관련해 학생마다 이해 정도의 차이가 커 보였습니다. 학생들이 이해할 수 있도록 보충 설명을 부탁드립니다,수업/학습 문제,보통,교무부
수업 설명와 관련해 학생마다 이해 정도의 차이가 커 보였습니다. 가정에서도 확인할 수 있는 기준을 공유해 주시면 좋겠습니다,수업/학습 문제,보통,교무부
수업 설명와 관련해 학생마다 이해 정도의 차이가 커 보였습니다. 향후 같은 혼란이 없도록 안내 방식을 점검해 주시기 바랍니다,수업/학습 문제,보통,교무부
수업 설명와 관련해 공지된 내용과 실제 진행 방식이 달라 혼란이 있었습니다. 관련 내용을 다시 안내해 주시기 바랍니다,수업/학습 문제,보통,교무부
수업 설명와 관련해 공지된 내용과 실제 진행 방식이 달라 혼란이 있었습니다. 학생들이 이해할 수 있도록 보충 설명을 부탁드립니다,수업/학습 문제,보통,교무부
수업 설명와 관련해 공지된 내용과 실제 진행 방식이 달라 혼란이 있었습니다. 가정에서도 확인할 수 있는 기준을 공유해 주시면 좋겠습니다,수업/학습 문제,보통,교무부
수업 설명와 관련해 공지된 내용과 실제 진행 방식이 달라 혼란이 있었습니다. 향후 같은 혼란이 없도록 안내 방식을 점검해 주시기 바랍니다,수업/학습 문제,보통,교무부
수업 설명와 관련해 학습 계획을 세우기 위해 추가 설명이 필요합니다. 관련 내용을 다시 안내해 주시기 바랍니다,수업/학습 문제,보통,교무부
수업 설명와 관련해 학습 계획을 세우기 위해 추가 설명이 필요합니다. 학생들이 이해할 수 있도록 보충 설명을 부탁드립니다,수업/학습 문제,보통,교무부
수업 설명와 관련해 학습 계획을 세우기 위해 추가 설명이 필요합니다. 가정에서도 확인할 수 있는 기준을 공유해 주시면 좋겠습니다,수업/학습 문제,보통,교무부
수업 설명와 관련해 학습 계획을 세우기 위해 추가 설명이 필요합니다. 향후 같은 혼란이 없도록 안내 방식을 점검해 주시기 바랍니다,수업/학습 문제,보통,교무부
수업 설명와 관련해 수업 후 복습 과정에서 기준을 확인하기 어려웠습니다. 관련 내용을 다시 안내해 주시기 바랍니다,수업/학습 문제,보통,교무부
수업 설명와 관련해 수업 후 복습 과정에서 기준을 확인하기 어려웠습니다. 학생들이 이해할 수 있도록 보충 설명을 부탁드립니다,수업/학습 문제,보통,교무부
수업 설명와 관련해 수업 후 복습 과정에서 기준을 확인하기 어려웠습니다. 가정에서도 확인할 수 있는 기준을 공유해 주시면 좋겠습니다,수업/학습 문제,보통,교무부
수업 설명와 관련해 수업 후 복습 과정에서 기준을 확인하기 어려웠습니다. 향후 같은 혼란이 없도록 안내 방식을 점검해 주시기 바랍니다,수업/학습 문제,보통,교무부
과제 안내와 관련해 학생이 내용을 충분히 이해하기 어려웠다고 이야기했습니다. 관련 내용을 다시 안내해 주시기 바랍니다,수업/학습 문제,보통,교무부
과제 안내와 관련해 학생이 내용을 충분히 이해하기 어려웠다고 이야기했습니다. 학생들이 이해할 수 있도록 보충 설명을 부탁드립니다,수업/학습 문제,보통,교무부
과제 안내와 관련해 학생이 내용을 충분히 이해하기 어려웠다고 이야기했습니다. 가정에서도 확인할 수 있는 기준을 공유해 주시면 좋겠습니다,수업/학습 문제,보통,교무부
과제 안내와 관련해 학생이 내용을 충분히 이해하기 어려웠다고 이야기했습니다. 향후 같은 혼란이 없도록 안내 방식을 점검해 주시기 바랍니다,수업/학습 문제,보통,교무부
과제 안내와 관련해 가정에서 확인하기에 안내 내용이 다소 부족했습니다. 관련 내용을 다시 안내해 주시기 바랍니다,수업/학습 문제,보통,교무부
과제 안내와 관련해 가정에서 확인하기에 안내 내용이 다소 부족했습니다. 학생들이 이해할 수 있도록 보충 설명을 부탁드립니다,수업/학습 문제,보통,교무부
과제 안내와 관련해 가정에서 확인하기에 안내 내용이 다소 부족했습니다. 가정에서도 확인할 수 있는 기준을 공유해 주시면 좋겠습니다,수업/학습 문제,보통,교무부
과제 안내와 관련해 가정에서 확인하기에 안내 내용이 다소 부족했습니다. 향후 같은 혼란이 없도록 안내 방식을 점검해 주시기 바랍니다,수업/학습 문제,보통,교무부
과제 안내와 관련해 학생마다 이해 정도의 차이가 커 보였습니다. 관련 내용을 다시 안내해 주시기 바랍니다,수업/학습 문제,보통,교무부
과제 안내와 관련해 학생마다 이해 정도의 차이가 커 보였습니다. 학생들이 이해할 수 있도록 보충 설명을 부탁드립니다,수업/학습 문제,보통,교무부
과제 안내와 관련해 학생마다 이해 정도의 차이가 커 보였습니다. 가정에서도 확인할 수 있는 기준을 공유해 주시면 좋겠습니다,수업/학습 문제,보통,교무부
과제 안내와 관련해 학생마다 이해 정도의 차이가 커 보였습니다. 향후 같은 혼란이 없도록 안내 방식을 점검해 주시기 바랍니다,수업/학습 문제,보통,교무부
과제 안내와 관련해 공지된 내용과 실제 진행 방식이 달라 혼란이 있었습니다. 관련 내용을 다시 안내해 주시기 바랍니다,수업/학습 문제,보통,교무부
과제 안내와 관련해 공지된 내용과 실제 진행 방식이 달라 혼란이 있었습니다. 학생들이 이해할 수 있도록 보충 설명을 부탁드립니다,수업/학습 문제,보통,교무부
과제 안내와 관련해 공지된 내용과 실제 진행 방식이 달라 혼란이 있었습니다. 가정에서도 확인할 수 있는 기준을 공유해 주시면 좋겠습니다,수업/학습 문제,보통,교무부
과제 안내와 관련해 공지된 내용과 실제 진행 방식이 달라 혼란이 있었습니다. 향후 같은 혼란이 없도록 안내 방식을 점검해 주시기 바랍니다,수업/학습 문제,보통,교무부
과제 안내와 관련해 학습 계획을 세우기 위해 추가 설명이 필요합니다. 관련 내용을 다시 안내해 주시기 바랍니다,수업/학습 문제,보통,교무부
과제 안내와 관련해 학습 계획을 세우기 위해 추가 설명이 필요합니다. 학생들이 이해할 수 있도록 보충 설명을 부탁드립니다,수업/학습 문제,보통,교무부
과제 안내와 관련해 학습 계획을 세우기 위해 추가 설명이 필요합니다. 가정에서도 확인할 수 있는 기준을 공유해 주시면 좋겠습니다,수업/학습 문제,보통,교무부
과제 안내와 관련해 학습 계획을 세우기 위해 추가 설명이 필요합니다. 향후 같은 혼란이 없도록 안내 방식을 점검해 주시기 바랍니다,수업/학습 문제,보통,교무부
과제 안내와 관련해 수업 후 복습 과정에서 기준을 확인하기 어려웠습니다. 관련 내용을 다시 안내해 주시기 바랍니다,수업/학습 문제,보통,교무부
과제 안내와 관련해 수업 후 복습 과정에서 기준을 확인하기 어려웠습니다. 학생들이 이해할 수 있도록 보충 설명을 부탁드립니다,수업/학습 문제,보통,교무부
과제 안내와 관련해 수업 후 복습 과정에서 기준을 확인하기 어려웠습니다. 가정에서도 확인할 수 있는 기준을 공유해 주시면 좋겠습니다,수업/학습 문제,보통,교무부
과제 안내와 관련해 수업 후 복습 과정에서 기준을 확인하기 어려웠습니다. 향후 같은 혼란이 없도록 안내 방식을 점검해 주시기 바랍니다,수업/학습 문제,보통,교무부
평가 기준와 관련해 학생이 내용을 충분히 이해하기 어려웠다고 이야기했습니다. 관련 내용을 다시 안내해 주시기 바랍니다,수업/학습 문제,보통,교무부
평가 기준와 관련해 학생이 내용을 충분히 이해하기 어려웠다고 이야기했습니다. 학생들이 이해할 수 있도록 보충 설명을 부탁드립니다,수업/학습 문제,보통,교무부
평가 기준와 관련해 학생이 내용을 충분히 이해하기 어려웠다고 이야기했습니다. 가정에서도 확인할 수 있는 기준을 공유해 주시면 좋겠습니다,수업/학습 문제,보통,교무부
평가 기준와 관련해 학생이 내용을 충분히 이해하기 어려웠다고 이야기했습니다. 향후 같은 혼란이 없도록 안내 방식을 점검해 주시기 바랍니다,수업/학습 문제,보통,교무부
평가 기준와 관련해 가정에서 확인하기에 안내 내용이 다소 부족했습니다. 관련 내용을 다시 안내해 주시기 바랍니다,수업/학습 문제,보통,교무부
평가 기준와 관련해 가정에서 확인하기에 안내 내용이 다소 부족했습니다. 학생들이 이해할 수 있도록 보충 설명을 부탁드립니다,수업/학습 문제,보통,교무부
평가 기준와 관련해 가정에서 확인하기에 안내 내용이 다소 부족했습니다. 가정에서도 확인할 수 있는 기준을 공유해 주시면 좋겠습니다,수업/학습 문제,보통,교무부
평가 기준와 관련해 가정에서 확인하기에 안내 내용이 다소 부족했습니다. 향후 같은 혼란이 없도록 안내 방식을 점검해 주시기 바랍니다,수업/학습 문제,보통,교무부
평가 기준와 관련해 학생마다 이해 정도의 차이가 커 보였습니다. 관련 내용을 다시 안내해 주시기 바랍니다,수업/학습 문제,보통,교무부
평가 기준와 관련해 학생마다 이해 정도의 차이가 커 보였습니다. 학생들이 이해할 수 있도록 보충 설명을 부탁드립니다,수업/학습 문제,보통,교무부
평가 기준와 관련해 학생마다 이해 정도의 차이가 커 보였습니다. 가정에서도 확인할 수 있는 기준을 공유해 주시면 좋겠습니다,수업/학습 문제,보통,교무부
평가 기준와 관련해 학생마다 이해 정도의 차이가 커 보였습니다. 향후 같은 혼란이 없도록 안내 방식을 점검해 주시기 바랍니다,수업/학습 문제,보통,교무부
평가 기준와 관련해 공지된 내용과 실제 진행 방식이 달라 혼란이 있었습니다. 관련 내용을 다시 안내해 주시기 바랍니다,수업/학습 문제,보통,교무부
평가 기준와 관련해 공지된 내용과 실제 진행 방식이 달라 혼란이 있었습니다. 학생들이 이해할 수 있도록 보충 설명을 부탁드립니다,수업/학습 문제,보통,교무부
평가 기준와 관련해 공지된 내용과 실제 진행 방식이 달라 혼란이 있었습니다. 가정에서도 확인할 수 있는 기준을 공유해 주시면 좋겠습니다,수업/학습 문제,보통,교무부
평가 기준와 관련해 공지된 내용과 실제 진행 방식이 달라 혼란이 있었습니다. 향후 같은 혼란이 없도록 안내 방식을 점검해 주시기 바랍니다,수업/학습 문제,보통,교무부
평가 기준와 관련해 학습 계획을 세우기 위해 추가 설명이 필요합니다. 관련 내용을 다시 안내해 주시기 바랍니다,수업/학습 문제,보통,교무부
평가 기준와 관련해 학습 계획을 세우기 위해 추가 설명이 필요합니다. 학생들이 이해할 수 있도록 보충 설명을 부탁드립니다,수업/학습 문제,보통,교무부
평가 기준와 관련해 학습 계획을 세우기 위해 추가 설명이 필요합니다. 가정에서도 확인할 수 있는 기준을 공유해 주시면 좋겠습니다,수업/학습 문제,보통,교무부
평가 기준와 관련해 학습 계획을 세우기 위해 추가 설명이 필요합니다. 향후 같은 혼란이 없도록 안내 방식을 점검해 주시기 바랍니다,수업/학습 문제,보통,교무부
평가 기준와 관련해 수업 후 복습 과정에서 기준을 확인하기 어려웠습니다. 관련 내용을 다시 안내해 주시기 바랍니다,수업/학습 문제,보통,교무부
평가 기준와 관련해 수업 후 복습 과정에서 기준을 확인하기 어려웠습니다. 학생들이 이해할 수 있도록 보충 설명을 부탁드립니다,수업/학습 문제,보통,교무부
평가 기준와 관련해 수업 후 복습 과정에서 기준을 확인하기 어려웠습니다. 가정에서도 확인할 수 있는 기준을 공유해 주시면 좋겠습니다,수업/학습 문제,보통,교무부
평가 기준와 관련해 수업 후 복습 과정에서 기준을 확인하기 어려웠습니다. 향후 같은 혼란이 없도록 안내 방식을 점검해 주시기 바랍니다,수업/학습 문제,보통,교무부
보충 학습와 관련해 학생이 내용을 충분히 이해하기 어려웠다고 이야기했습니다. 관련 내용을 다시 안내해 주시기 바랍니다,수업/학습 문제,보통,교무부
보충 학습와 관련해 학생이 내용을 충분히 이해하기 어려웠다고 이야기했습니다. 학생들이 이해할 수 있도록 보충 설명을 부탁드립니다,수업/학습 문제,보통,교무부
보충 학습와 관련해 학생이 내용을 충분히 이해하기 어려웠다고 이야기했습니다. 가정에서도 확인할 수 있는 기준을 공유해 주시면 좋겠습니다,수업/학습 문제,보통,교무부
보충 학습와 관련해 학생이 내용을 충분히 이해하기 어려웠다고 이야기했습니다. 향후 같은 혼란이 없도록 안내 방식을 점검해 주시기 바랍니다,수업/학습 문제,보통,교무부
보충 학습와 관련해 가정에서 확인하기에 안내 내용이 다소 부족했습니다. 관련 내용을 다시 안내해 주시기 바랍니다,수업/학습 문제,보통,교무부
보충 학습와 관련해 가정에서 확인하기에 안내 내용이 다소 부족했습니다. 학생들이 이해할 수 있도록 보충 설명을 부탁드립니다,수업/학습 문제,보통,교무부
보충 학습와 관련해 가정에서 확인하기에 안내 내용이 다소 부족했습니다. 가정에서도 확인할 수 있는 기준을 공유해 주시면 좋겠습니다,수업/학습 문제,보통,교무부
보충 학습와 관련해 가정에서 확인하기에 안내 내용이 다소 부족했습니다. 향후 같은 혼란이 없도록 안내 방식을 점검해 주시기 바랍니다,수업/학습 문제,보통,교무부
보충 학습와 관련해 학생마다 이해 정도의 차이가 커 보였습니다. 관련 내용을 다시 안내해 주시기 바랍니다,수업/학습 문제,보통,교무부
보충 학습와 관련해 학생마다 이해 정도의 차이가 커 보였습니다. 학생들이 이해할 수 있도록 보충 설명을 부탁드립니다,수업/학습 문제,보통,교무부
보충 학습와 관련해 학생마다 이해 정도의 차이가 커 보였습니다. 가정에서도 확인할 수 있는 기준을 공유해 주시면 좋겠습니다,수업/학습 문제,보통,교무부
보충 학습와 관련해 학생마다 이해 정도의 차이가 커 보였습니다. 향후 같은 혼란이 없도록 안내 방식을 점검해 주시기 바랍니다,수업/학습 문제,보통,교무부
보충 학습와 관련해 공지된 내용과 실제 진행 방식이 달라 혼란이 있었습니다. 관련 내용을 다시 안내해 주시기 바랍니다,수업/학습 문제,보통,교무부
보충 학습와 관련해 공지된 내용과 실제 진행 방식이 달라 혼란이 있었습니다. 학생들이 이해할 수 있도록 보충 설명을 부탁드립니다,수업/학습 문제,보통,교무부
보충 학습와 관련해 공지된 내용과 실제 진행 방식이 달라 혼란이 있었습니다. 가정에서도 확인할 수 있는 기준을 공유해 주시면 좋겠습니다,수업/학습 문제,보통,교무부
보충 학습와 관련해 공지된 내용과 실제 진행 방식이 달라 혼란이 있었습니다. 향후 같은 혼란이 없도록 안내 방식을 점검해 주시기 바랍니다,수업/학습 문제,보통,교무부
보충 학습와 관련해 학습 계획을 세우기 위해 추가 설명이 필요합니다. 관련 내용을 다시 안내해 주시기 바랍니다,수업/학습 문제,보통,교무부
보충 학습와 관련해 학습 계획을 세우기 위해 추가 설명이 필요합니다. 학생들이 이해할 수 있도록 보충 설명을 부탁드립니다,수업/학습 문제,보통,교무부
보충 학습와 관련해 학습 계획을 세우기 위해 추가 설명이 필요합니다. 가정에서도 확인할 수 있는 기준을 공유해 주시면 좋겠습니다,수업/학습 문제,보통,교무부
보충 학습와 관련해 학습 계획을 세우기 위해 추가 설명이 필요합니다. 향후 같은 혼란이 없도록 안내 방식을 점검해 주시기 바랍니다,수업/학습 문제,보통,교무부
보충 학습와 관련해 수업 후 복습 과정에서 기준을 확인하기 어려웠습니다. 관련 내용을 다시 안내해 주시기 바랍니다,수업/학습 문제,보통,교무부
보충 학습와 관련해 수업 후 복습 과정에서 기준을 확인하기 어려웠습니다. 학생들이 이해할 수 있도록 보충 설명을 부탁드립니다,수업/학습 문제,보통,교무부
보충 학습와 관련해 수업 후 복습 과정에서 기준을 확인하기 어려웠습니다. 가정에서도 확인할 수 있는 기준을 공유해 주시면 좋겠습니다,수업/학습 문제,보통,교무부
보충 학습와 관련해 수업 후 복습 과정에서 기준을 확인하기 어려웠습니다. 향후 같은 혼란이 없도록 안내 방식을 점검해 주시기 바랍니다,수업/학습 문제,보통,교무부
수업 진도와 관련해 학생이 내용을 충분히 이해하기 어려웠다고 이야기했습니다. 관련 내용을 다시 안내해 주시기 바랍니다,수업/학습 문제,보통,교무부
수업 진도와 관련해 학생이 내용을 충분히 이해하기 어려웠다고 이야기했습니다. 학생들이 이해할 수 있도록 보충 설명을 부탁드립니다,수업/학습 문제,보통,교무부
수업 진도와 관련해 학생이 내용을 충분히 이해하기 어려웠다고 이야기했습니다. 가정에서도 확인할 수 있는 기준을 공유해 주시면 좋겠습니다,수업/학습 문제,보통,교무부
수업 진도와 관련해 학생이 내용을 충분히 이해하기 어려웠다고 이야기했습니다. 향후 같은 혼란이 없도록 안내 방식을 점검해 주시기 바랍니다,수업/학습 문제,보통,교무부
수업 진도와 관련해 가정에서 확인하기에 안내 내용이 다소 부족했습니다. 관련 내용을 다시 안내해 주시기 바랍니다,수업/학습 문제,보통,교무부
수업 진도와 관련해 가정에서 확인하기에 안내 내용이 다소 부족했습니다. 학생들이 이해할 수 있도록 보충 설명을 부탁드립니다,수업/학습 문제,보통,교무부
수업 진도와 관련해 가정에서 확인하기에 안내 내용이 다소 부족했습니다. 가정에서도 확인할 수 있는 기준을 공유해 주시면 좋겠습니다,수업/학습 문제,보통,교무부
수업 진도와 관련해 가정에서 확인하기에 안내 내용이 다소 부족했습니다. 향후 같은 혼란이 없도록 안내 방식을 점검해 주시기 바랍니다,수업/학습 문제,보통,교무부
수업 진도와 관련해 학생마다 이해 정도의 차이가 커 보였습니다. 관련 내용을 다시 안내해 주시기 바랍니다,수업/학습 문제,보통,교무부
수업 진도와 관련해 학생마다 이해 정도의 차이가 커 보였습니다. 학생들이 이해할 수 있도록 보충 설명을 부탁드립니다,수업/학습 문제,보통,교무부
수업 진도와 관련해 학생마다 이해 정도의 차이가 커 보였습니다. 가정에서도 확인할 수 있는 기준을 공유해 주시면 좋겠습니다,수업/학습 문제,보통,교무부
수업 진도와 관련해 학생마다 이해 정도의 차이가 커 보였습니다. 향후 같은 혼란이 없도록 안내 방식을 점검해 주시기 바랍니다,수업/학습 문제,보통,교무부
수업 진도와 관련해 공지된 내용과 실제 진행 방식이 달라 혼란이 있었습니다. 관련 내용을 다시 안내해 주시기 바랍니다,수업/학습 문제,보통,교무부
수업 진도와 관련해 공지된 내용과 실제 진행 방식이 달라 혼란이 있었습니다. 학생들이 이해할 수 있도록 보충 설명을 부탁드립니다,수업/학습 문제,보통,교무부
수업 진도와 관련해 공지된 내용과 실제 진행 방식이 달라 혼란이 있었습니다. 가정에서도 확인할 수 있는 기준을 공유해 주시면 좋겠습니다,수업/학습 문제,보통,교무부
수업 진도와 관련해 공지된 내용과 실제 진행 방식이 달라 혼란이 있었습니다. 향후 같은 혼란이 없도록 안내 방식을 점검해 주시기 바랍니다,수업/학습 문제,보통,교무부
수업 진도와 관련해 학습 계획을 세우기 위해 추가 설명이 필요합니다. 관련 내용을 다시 안내해 주시기 바랍니다,수업/학습 문제,보통,교무부
수업 진도와 관련해 학습 계획을 세우기 위해 추가 설명이 필요합니다. 학생들이 이해할 수 있도록 보충 설명을 부탁드립니다,수업/학습 문제,보통,교무부
수업 진도와 관련해 학습 계획을 세우기 위해 추가 설명이 필요합니다. 가정에서도 확인할 수 있는 기준을 공유해 주시면 좋겠습니다,수업/학습 문제,보통,교무부
수업 진도와 관련해 학습 계획을 세우기 위해 추가 설명이 필요합니다. 향후 같은 혼란이 없도록 안내 방식을 점검해 주시기 바랍니다,수업/학습 문제,보통,교무부
수업 진도와 관련해 수업 후 복습 과정에서 기준을 확인하기 어려웠습니다. 관련 내용을 다시 안내해 주시기 바랍니다,수업/학습 문제,보통,교무부
수업 진도와 관련해 수업 후 복습 과정에서 기준을 확인하기 어려웠습니다. 학생들이 이해할 수 있도록 보충 설명을 부탁드립니다,수업/학습 문제,보통,교무부
수업 진도와 관련해 수업 후 복습 과정에서 기준을 확인하기 어려웠습니다. 가정에서도 확인할 수 있는 기준을 공유해 주시면 좋겠습니다,수업/학습 문제,보통,교무부
수업 진도와 관련해 수업 후 복습 과정에서 기준을 확인하기 어려웠습니다. 향후 같은 혼란이 없도록 안내 방식을 점검해 주시기 바랍니다,수업/학습 문제,보통,교무부
질문 응답와 관련해 학생이 내용을 충분히 이해하기 어려웠다고 이야기했습니다. 관련 내용을 다시 안내해 주시기 바랍니다,수업/학습 문제,보통,교무부
질문 응답와 관련해 학생이 내용을 충분히 이해하기 어려웠다고 이야기했습니다. 학생들이 이해할 수 있도록 보충 설명을 부탁드립니다,수업/학습 문제,보통,교무부
질문 응답와 관련해 학생이 내용을 충분히 이해하기 어려웠다고 이야기했습니다. 가정에서도 확인할 수 있는 기준을 공유해 주시면 좋겠습니다,수업/학습 문제,보통,교무부
질문 응답와 관련해 학생이 내용을 충분히 이해하기 어려웠다고 이야기했습니다. 향후 같은 혼란이 없도록 안내 방식을 점검해 주시기 바랍니다,수업/학습 문제,보통,교무부
질문 응답와 관련해 가정에서 확인하기에 안내 내용이 다소 부족했습니다. 관련 내용을 다시 안내해 주시기 바랍니다,수업/학습 문제,보통,교무부
질문 응답와 관련해 가정에서 확인하기에 안내 내용이 다소 부족했습니다. 학생들이 이해할 수 있도록 보충 설명을 부탁드립니다,수업/학습 문제,보통,교무부
질문 응답와 관련해 가정에서 확인하기에 안내 내용이 다소 부족했습니다. 가정에서도 확인할 수 있는 기준을 공유해 주시면 좋겠습니다,수업/학습 문제,보통,교무부
질문 응답와 관련해 가정에서 확인하기에 안내 내용이 다소 부족했습니다. 향후 같은 혼란이 없도록 안내 방식을 점검해 주시기 바랍니다,수업/학습 문제,보통,교무부
질문 응답와 관련해 학생마다 이해 정도의 차이가 커 보였습니다. 관련 내용을 다시 안내해 주시기 바랍니다,수업/학습 문제,보통,교무부
질문 응답와 관련해 학생마다 이해 정도의 차이가 커 보였습니다. 학생들이 이해할 수 있도록 보충 설명을 부탁드립니다,수업/학습 문제,보통,교무부
질문 응답와 관련해 학생마다 이해 정도의 차이가 커 보였습니다. 가정에서도 확인할 수 있는 기준을 공유해 주시면 좋겠습니다,수업/학습 문제,보통,교무부
질문 응답와 관련해 학생마다 이해 정도의 차이가 커 보였습니다. 향후 같은 혼란이 없도록 안내 방식을 점검해 주시기 바랍니다,수업/학습 문제,보통,교무부
질문 응답와 관련해 공지된 내용과 실제 진행 방식이 달라 혼란이 있었습니다. 관련 내용을 다시 안내해 주시기 바랍니다,수업/학습 문제,보통,교무부
질문 응답와 관련해 공지된 내용과 실제 진행 방식이 달라 혼란이 있었습니다. 학생들이 이해할 수 있도록 보충 설명을 부탁드립니다,수업/학습 문제,보통,교무부
질문 응답와 관련해 공지된 내용과 실제 진행 방식이 달라 혼란이 있었습니다. 가정에서도 확인할 수 있는 기준을 공유해 주시면 좋겠습니다,수업/학습 문제,보통,교무부
질문 응답와 관련해 공지된 내용과 실제 진행 방식이 달라 혼란이 있었습니다. 향후 같은 혼란이 없도록 안내 방식을 점검해 주시기 바랍니다,수업/학습 문제,보통,교무부
질문 응답와 관련해 학습 계획을 세우기 위해 추가 설명이 필요합니다. 관련 내용을 다시 안내해 주시기 바랍니다,수업/학습 문제,보통,교무부
질문 응답와 관련해 학습 계획을 세우기 위해 추가 설명이 필요합니다. 학생들이 이해할 수 있도록 보충 설명을 부탁드립니다,수업/학습 문제,보통,교무부
질문 응답와 관련해 학습 계획을 세우기 위해 추가 설명이 필요합니다. 가정에서도 확인할 수 있는 기준을 공유해 주시면 좋겠습니다,수업/학습 문제,보통,교무부
질문 응답와 관련해 학습 계획을 세우기 위해 추가 설명이 필요합니다. 향후 같은 혼란이 없도록 안내 방식을 점검해 주시기 바랍니다,수업/학습 문제,보통,교무부
질문 응답와 관련해 수업 후 복습 과정에서 기준을 확인하기 어려웠습니다. 관련 내용을 다시 안내해 주시기 바랍니다,수업/학습 문제,보통,교무부
질문 응답와 관련해 수업 후 복습 과정에서 기준을 확인하기 어려웠습니다. 학생들이 이해할 수 있도록 보충 설명을 부탁드립니다,수업/학습 문제,보통,교무부
질문 응답와 관련해 수업 후 복습 과정에서 기준을 확인하기 어려웠습니다. 가정에서도 확인할 수 있는 기준을 공유해 주시면 좋겠습니다,수업/학습 문제,보통,교무부
질문 응답와 관련해 수업 후 복습 과정에서 기준을 확인하기 어려웠습니다. 향후 같은 혼란이 없도록 안내 방식을 점검해 주시기 바랍니다,수업/학습 문제,보통,교무부
온라인 과제와 관련해 학생이 내용을 충분히 이해하기 어려웠다고 이야기했습니다. 관련 내용을 다시 안내해 주시기 바랍니다,수업/학습 문제,보통,교무부
온라인 과제와 관련해 학생이 내용을 충분히 이해하기 어려웠다고 이야기했습니다. 학생들이 이해할 수 있도록 보충 설명을 부탁드립니다,수업/학습 문제,보통,교무부
온라인 과제와 관련해 학생이 내용을 충분히 이해하기 어려웠다고 이야기했습니다. 가정에서도 확인할 수 있는 기준을 공유해 주시면 좋겠습니다,수업/학습 문제,보통,교무부
온라인 과제와 관련해 학생이 내용을 충분히 이해하기 어려웠다고 이야기했습니다. 향후 같은 혼란이 없도록 안내 방식을 점검해 주시기 바랍니다,수업/학습 문제,보통,교무부
온라인 과제와 관련해 가정에서 확인하기에 안내 내용이 다소 부족했습니다. 관련 내용을 다시 안내해 주시기 바랍니다,수업/학습 문제,보통,교무부
온라인 과제와 관련해 가정에서 확인하기에 안내 내용이 다소 부족했습니다. 학생들이 이해할 수 있도록 보충 설명을 부탁드립니다,수업/학습 문제,보통,교무부
온라인 과제와 관련해 가정에서 확인하기에 안내 내용이 다소 부족했습니다. 가정에서도 확인할 수 있는 기준을 공유해 주시면 좋겠습니다,수업/학습 문제,보통,교무부
온라인 과제와 관련해 가정에서 확인하기에 안내 내용이 다소 부족했습니다. 향후 같은 혼란이 없도록 안내 방식을 점검해 주시기 바랍니다,수업/학습 문제,보통,교무부
온라인 과제와 관련해 학생마다 이해 정도의 차이가 커 보였습니다. 관련 내용을 다시 안내해 주시기 바랍니다,수업/학습 문제,보통,교무부
온라인 과제와 관련해 학생마다 이해 정도의 차이가 커 보였습니다. 학생들이 이해할 수 있도록 보충 설명을 부탁드립니다,수업/학습 문제,보통,교무부
온라인 과제와 관련해 학생마다 이해 정도의 차이가 커 보였습니다. 가정에서도 확인할 수 있는 기준을 공유해 주시면 좋겠습니다,수업/학습 문제,보통,교무부
온라인 과제와 관련해 학생마다 이해 정도의 차이가 커 보였습니다. 향후 같은 혼란이 없도록 안내 방식을 점검해 주시기 바랍니다,수업/학습 문제,보통,교무부
온라인 과제와 관련해 공지된 내용과 실제 진행 방식이 달라 혼란이 있었습니다. 관련 내용을 다시 안내해 주시기 바랍니다,수업/학습 문제,보통,교무부
온라인 과제와 관련해 공지된 내용과 실제 진행 방식이 달라 혼란이 있었습니다. 학생들이 이해할 수 있도록 보충 설명을 부탁드립니다,수업/학습 문제,보통,교무부
온라인 과제와 관련해 공지된 내용과 실제 진행 방식이 달라 혼란이 있었습니다. 가정에서도 확인할 수 있는 기준을 공유해 주시면 좋겠습니다,수업/학습 문제,보통,교무부
온라인 과제와 관련해 공지된 내용과 실제 진행 방식이 달라 혼란이 있었습니다. 향후 같은 혼란이 없도록 안내 방식을 점검해 주시기 바랍니다,수업/학습 문제,보통,교무부
"오늘 아이에게 들었는데, 담임 선생님께서 수업 중에 저희 아이에게 다른 아이들 앞에서 심하게 모욕적인 언사를 하며 혼을 내셨다고 합니다. 아이가 수치심에 몹시 상처를 받은 것 같아 부모로서 화가 납니다. 정확히 어떤 상황이었는지 해명을 요구하며, 훈육이 필요하더라도 다른 학생들 앞에서 공개적으로 망신을 주는 일은 없도록 주의해 주십시오.",교사 태도/행동,보통,교무부
"수학 선생님께서 평소에 성적이 우수한 특정 아이들만 편애하시고 칭찬 스티커도 그 아이들에게만 몰아주신다는 이야기를 들었습니다. 성적이 조금 부족한 아이들은 선생님의 무관심 속에서 소외감을 느끼며 상처받고 있습니다. 모든 아이들을 차별 없이 공정하게 대해주시고, 작은 노력에도 골고루 칭찬해 주시는 교육자다운 모습을 보여주시길 바랍니다.",교사 태도/행동,보통,교무부
"어제 방과 후에 담임 선생님과 전화 상담을 했는데, 내내 귀찮다는 듯한 말투와 한숨을 쉬시는 태도에 무척 당황스러웠습니다. 맞벌이라 낮에 연락을 못 드려 죄송하다고 말씀드렸는데도 빨리 끊으려고만 하셔서 쫓기듯 통화를 마쳤습니다. 학부모와의 소통도 교사의 중요한 역할 중 하나인데, 상담에 임하시는 태도 개선을 정중히 요청드립니다.",교사 태도/행동,보통,교무부
"아이가 며칠째 알림장에 부모의 확인 서명을 받아가고, 궁금한 점을 메모하여 보냈음에도 선생님의 피드백이나 확인 도장이 전혀 없습니다. 심지어 아이가 직접 여쭤봐도 나중에 보겠다며 무시하셨다고 합니다. 학부모와 교사의 기본적인 소통 창구인 알림장 관리에 조금만 더 신경을 써주시고, 남긴 메모에 대해서는 꼭 답변을 주셨으면 합니다.",교사 태도/행동,보통,교무부
"체육 선생님께서 수업 시간에 아이들에게 '이 새끼, 저 새끼'하며 험한 폭언을 일삼으신다고 합니다. 훈육의 목적이라 하더라도 교사가 학생들에게 욕설을 사용하는 것은 결코 용납될 수 없는 일입니다. 아이들이 선생님의 언행을 무의식적으로 배울까 봐 두렵습니다. 해당 교사의 공식적인 사과와 재발 방지를 위한 학교 측의 조치를 강력히 촉구합니다.",교사 태도/행동,보통,교무부
"요즘 시대에 체벌이 금지되어 있음에도 불구하고, 어제 미술 선생님께서 아이들 떠든다며 손들고 서 있게 하거나 오리걸음을 시키셨다고 들었습니다. 이는 명백한 간접 체벌이자 아동 학대 소지가 있는 행동이라고 생각합니다. 교육청에 민원을 넣기 전에 학교 차원에서 먼저 진상을 파악하시고, 합당한 조치 결과를 신속히 알려주시기를 바랍니다.",교사 태도/행동,높음,교무부
학급 회의 시간에 아이들이 건의한 '자리 바꾸기 방식 변경' 의견을 담임 선생님께서 쓸데없는 소리라며 묵살하셨다고 합니다. 학생들의 자치 활동을 보장하고 의견을 존중해야 할 교사께서 오히려 독단적으로 학급을 운영하시는 태도는 문제가 있다고 봅니다. 아이들이 스스로 규칙을 정하고 지켜나갈 수 있도록 자율성을 보장해 주셨으면 합니다.,교사 태도/행동,보통,교무부
스승의 날을 앞두고 선생님께서 종례 시간에 '너희들 내일 나한테 뭐 해줄 거냐'라며 농담 반 진담 반으로 선물을 암시하는 발언을 하셨다고 아이가 전해주었습니다. 김영란법 시행 이후 작은 캔커피 하나도 조심스러운 마당에 교사로서 오해를 살 만한 발언은 매우 부적절하다고 생각합니다. 학부모들에게 부담을 주는 언행은 삼가 주십시오.,교사 태도/행동,보통,교무부
"학교에서 긴급한 공지가 오거나 아이가 아파서 연락을 드려야 할 때, 담임 선생님께서 전화를 아예 받지 않으시고 콜백조차 없으신 경우가 한두 번이 아닙니다. 개인 프라이버시도 중요하지만, 근무 시간 내이거나 긴급 상황일 때는 최소한 문자로라도 피드백을 주셔야 하는 것 아닙니까? 비상 연락망이 제대로 작동될 수 있도록 조치 바랍니다.",교사 태도/행동,보통,교무부
"지난주 학부모 총회 때 담임 선생님의 고압적이고 일방적인 진행 방식에 많은 학부모들이 불쾌감을 느꼈습니다. 학부모들의 질문을 자르거나, '어머니들은 잘 모르시겠지만'이라는 무시하는 듯한 화법은 정말 실망스러웠습니다. 학부모를 교육의 파트너로 존중해 주시고, 앞으로의 간담회나 회의에서는 상호 존중하는 태도를 보여주시기를 건의합니다.",교사 태도/행동,보통,교무부
"저희 아이가 그림 그리기에 소질이 없지만 나름대로 밤새워 열심히 숙제를 해갔는데, 미술 선생님께서 보시고는 '이게 최선이냐'며 무안을 주셨다고 합니다. 결과물이 다소 부족하더라도 아이의 노력과 과정을 칭찬해 주셨다면 더 발전할 수 있었을 텐데 안타깝습니다. 아이들의 자존감을 깎아내리기보다는 긍정적인 격려를 아끼지 말아 주세요.",교사 태도/행동,보통,교무부
"영어 선생님께서 수행평가 조를 짤 때 성적 상위권 아이들끼리만 한 조를 만들어주시고, 성적이 낮은 아이들은 알아서 하라며 방치하셨다는 이야기를 들었습니다. 노골적인 성적 차별이자 학습 분위기를 저해하는 행동이라고 생각합니다. 수준별로 섞어 서로 돕고 배울 수 있도록 공평하게 조 편성을 다시 해 주시기를 강력하게 요구하는 바입니다.",교사 태도/행동,보통,교무부
"아침에 배가 아파 화장실에 들르느라 2분 지각을 했는데, 담임 선생님께서 일주일 동안 방과 후에 남아 화장실 청소를 하라는 과도한 벌을 내리셨습니다. 고의적인 상습 지각도 아닌데 사유를 묻지도 않고 이렇게 가혹한 페널티를 주는 것은 납득하기 어렵습니다. 아이의 억울함을 헤아려 주시고 합리적인 수준의 지도를 부탁드립니다.",교사 태도/행동,보통,교무부
"어제 담임 선생님 개인 인스타그램에 저희 아이 얼굴이 모자이크 처리도 없이 그대로 올라온 것을 우연히 보게 되었습니다. 교실에서 재미있는 표정을 지었다며 올리신 것 같은데, 학부모의 동의 없이 아이 사진을 SNS에 게시하는 것은 심각한 초상권 침해입니다. 즉각 해당 게시물을 삭제해 주시고, 다시는 이런 일이 없도록 각별히 주의하십시오.",교사 태도/행동,높음,교무부
"저희 아이 반에 특정 학생 한 명을 주동자들이 은근히 따돌리는 일이 벌어지고 있는데, 담임 선생님께서는 이를 아시면서도 '아이들끼리의 일'이라며 방관하고 계신다고 들었습니다. 학교 폭력은 초기에 교사가 적극적으로 개입하여 바로잡아야 큰 사고를 막을 수 있습니다. 신속히 사태를 파악하시고 가해 학생들에 대한 적절한 선도 조치를 취해 주세요.",교사 태도/행동,높음,교무부
"학생 주임 선생님께서 아침 등굣길에 교복 치마 길이가 짧다며 아이들의 치마를 들춰보거나 다리를 툭툭 치며 지적하신다고 합니다. 복장 규제는 필요하지만, 신체 접촉을 동반한 강압적인 단속 방식은 여학생들에게 큰 수치심을 유발할 수 있는 성희롱적 소지가 다분합니다. 말로서 타이르고 구두로 경고하는 방식의 건전한 생활 지도를 촉구합니다.",교사 태도/행동,높음,교무부
"가정환경 조사서에 부모 직업을 적어 낸 이후부터, 담임 선생님께서 아이를 대하는 태도가 눈에 띄게 달라지셨다고 합니다. 전문직 학부모 자녀에게는 친절하게 대하면서, 그렇지 않은 아이들에게는 함부로 대한다는 소문이 파다합니다. 교사가 학생의 가정 형편이나 부모 직업에 따라 선입견을 품고 차별하는 일은 절대 있어서는 안 될 것입니다.",교사 태도/행동,보통,교무부
"수업 중에 질문을 하러 교탁으로 간 아이에게 선생님께서 '넌 왜 이렇게 귀찮게 굴어, 꺼져'라는 식으로 반말과 섞인 폭언을 하셨다고 합니다. 믿기 힘든 이야기라 몇 번이나 되물었지만 아이가 눈물까지 흘리며 말하더군요. 교사로서의 품위를 의심케 하는 이 상황에 대해 당장 내일 찾아뵙고 정식으로 항의할 예정이니 면담 시간을 비워두십시오.",교사 태도/행동,보통,교무부
"매일 종례 시간이 30분 이상 지연되어 학원 버스를 놓치거나 방과 후 스케줄이 엉망이 되는 일이 비일비재합니다. 담임 선생님께서 그날 화가 나셨다는 이유로 아이들을 꼼짝 못 하게 앉혀두고 설교를 늘어놓으시는 건 일종의 감정풀이 아닌가요? 정해진 하교 시간을 엄수해 주시고, 전달 사항은 요점만 간단히 마쳐 주시기를 간곡히 당부드립니다.",교사 태도/행동,보통,교무부
"급식 시간에 아이가 편식을 해서 콩나물을 조금 남겼는데, 급식 지도 선생님께서 이를 보시고는 다 먹을 때까지 자리에서 일어나지 못하게 강요하셨다고 합니다. 구역질을 하면서도 억지로 삼키는 아이를 윽박지르셨다니 부모로서 피가 거꾸로 솟는 심정입니다. 강압적인 식사 지도는 아이에게 트라우마만 남길 뿐이니 절대적으로 지양해 주시길 바랍니다.",교사 태도/행동,보통,교무부
"최근 아이가 집안 사정으로 많이 우울해하고 학교생활에 적응을 못 하고 있습니다. 여러 차례 담임 선생님께 전화로 사정을 말씀드리고 각별한 관심과 상담을 부탁드렸음에도 불구하고, 한 달이 넘도록 아이와 단 한 번의 개별 면담도 진행하지 않으셨더군요. 도움이 가장 필요한 학생을 이렇게 방치하시는 선생님의 직무 유기에 깊은 유감을 표합니다.",교사 태도/행동,보통,교무부
"과학실에서 비커가 깨졌는데, 선생님께서 전후 사정을 묻지도 않고 평소 장난이 심한 저희 아이를 범인으로 지목하여 몰아세우셨다고 합니다. 나중에 다른 아이의 실수로 밝혀졌음에도 사과 한마디 없이 유야무야 넘어가셨다니 너무 화가 납니다. 아이에게 억울한 누명을 씌운 점에 대해 정식으로 사과해 주시고, 섣부른 판단으로 상처 주는 일 없게 해주세요.",교사 태도/행동,보통,교무부
"지난 학부모 공개 수업 때 담임 선생님의 모습은 평소 아이들에게 전해 듣던 모습과 너무나 달랐습니다. 평소에는 소리만 지르시고 칭찬 한 번 없으시다던 분이, 부모님들 앞에서는 천사처럼 웃으며 다정하게 수업하시더군요. 보여주기식 연극에 우롱당한 기분입니다. 평상시에도 공개 수업 때처럼 따뜻하고 열정적인 모습으로 아이들을 지도해 주십시오.",교사 태도/행동,보통,교무부
"알림장을 매일 확인하고 있는데, 선생님께서 적어주시는 전달 사항의 글씨가 너무 날림이라 도저히 알아볼 수가 없습니다. 맞춤법이 틀린 경우도 종종 발견되어 교사로서의 기본 자질마저 의심스럽습니다. 학부모들이 정확하게 공지 사항을 숙지할 수 있도록 가급적 인쇄물로 배부해 주시거나 정자로 또박또박 작성해 주시기를 건의드리는 바입니다.",교사 태도/행동,보통,교무부
"오늘 담임 선생님과의 학부모 상담에서 1시간 내내 우리 아이의 부족한 점, 산만한 점 등 단점만 지적하시어 얼굴을 들 수가 없었습니다. 부모 입장에서는 학교생활 중 잘하는 점이나 발전 가능성도 듣고 싶은데, 시종일관 부정적인 평가만 늘어놓으시니 기운이 다 빠지더군요. 다음 상담에서는 아이의 장점을 찾아 격려해 주시는 모습도 보여주세요.",교사 태도/행동,보통,교무부
"음악 선생님께서 오늘 아침 출근길에 가벼운 접촉 사고가 나셨다며, 수업 시간 내내 짜증을 내시고 아이들의 사소한 장난에도 불같이 화를 내셨다고 합니다. 개인적인 불상사로 기분이 상하신 건 이해하지만, 그 화풀이를 엄한 학생들에게 하는 것은 프로페셔널하지 못한 태도입니다. 공과 사는 엄격히 구분하여 수업에 임해 주시기를 바랍니다.",교사 태도/행동,높음,교무부
"체육 시간에 아이가 넘어져 무릎에 피가 나고 심하게 까졌는데도 불구하고, 선생님께서는 '그 정도는 괜찮다'며 양호실에 보내주지도 않으셨다고 합니다. 하교 후 피딱지가 엉겨 붙은 상처를 보고 얼마나 놀랐는지 모릅니다. 아이가 다쳤을 때는 즉각적으로 보건실에서 응급처치를 받을 수 있도록 신속하게 조치해 주셔야 하는 것 아닙니까?",교사 태도/행동,높음,교무부
중학교 2학년 아이가 이성 친구와 친하게 지낸다는 이유만으로 담임 선생님께서 교무실로 따로 불러내어 '벌써부터 연애질이냐'며 모욕적인 언사를 하셨다고 합니다. 건전한 교우 관계마저 불건전한 시선으로 바라보고 과도하게 사생활을 통제하려는 선생님의 태도는 구시대적 발상입니다. 아이들의 인권과 감정을 존중하는 지도를 부탁드립니다.,교사 태도/행동,높음,교무부
"수업 중 아이가 이해가 안 되는 부분을 질문했는데, 선생님께서 '넌 방금 설명했는데 그것도 모르냐'며 핀잔을 주셔서 아이가 크게 무안을 당했다고 합니다. 그 이후로 저희 아이뿐만 아니라 반 아이들 전체가 질문하는 것을 두려워하게 되었습니다. 모르는 것을 가르쳐주는 곳이 학교입니다. 질문을 장려하고 친절히 답변해 주시는 분위기를 만들어 주세요.",교사 태도/행동,보통,교무부
"수학 선생님께서 수업 중에 남학생들에게는 '너희는 이과 가야지', 여학생들에게는 '여자는 꼼꼼하니까 문과가 어울린다'는 식의 성차별적이고 고정관념에 박힌 발언을 자주 하신다고 합니다. 다양한 가능성을 열어두고 꿈을 키워가야 할 아이들에게 성별을 이유로 한계를 짓는 발언은 매우 부적절합니다. 교사로서 성인지 감수성을 높여 주시기 바랍니다.",교사 태도/행동,보통,교무부
"도덕 시간에 숙제를 안 해온 아이들을 교단 앞으로 불러 세운 뒤, 다른 친구들에게 '이런 게으른 애들은 커서 뭐가 될까?'라며 조롱 섞인 비난을 하셨다고 들었습니다. 과제 미제출에 대한 합당한 벌을 주실 수는 있으나, 인격을 모독하고 급우들 앞에서 공개적으로 수치심을 주는 행위는 교육 폭력이나 다름없습니다. 정중한 사과를 요구합니다.",교사 태도/행동,높음,교무부
"저희 아이가 지난달에 전학을 왔는데, 낯선 환경에 적응하느라 매일 밥도 혼자 먹고 쉬는 시간에도 혼자 엎드려 있다고 합니다. 그런데도 담임 선생님께서는 전학생이 잘 적응하고 있는지 묻거나 짝꿍을 맺어주는 등의 최소한의 배려조차 없으시더군요. 소속감을 느낄 수 있도록 선생님께서 먼저 다가가 살뜰히 챙겨주시면 정말 감사하겠습니다.",교사 태도/행동,보통,교무부
"저희 아이는 경계선 지능을 가진 특수 교육 대상자입니다. 일반 학급에 통합되어 수업을 듣고 있는데, 담임 선생님께서 진도가 늦어진다며 아이를 맨 뒷자리에 방치하고 없는 사람 취급하신다고 합니다. 통합 교육의 취지를 완전히 무색하게 만드는 처사입니다. 장애 아동도 차별 없이 동등한 교육 기회를 누릴 수 있도록 세심한 배려를 촉구합니다.",교사 태도/행동,보통,교무부
담임 선생님께서 쉬는 시간에도 아이들이 복도에 나가는 것을 금지하고 무조건 자리에 앉아 조용히 책만 읽게 통제하신다고 합니다. 수업 시간에 집중하기 위해서는 쉬는 시간에 화장실도 가고 친구들과 가볍게 대화하며 긴장을 푸는 시간도 반드시 필요합니다. 군대도 아니고 10살짜리 아이들에게 너무 가혹한 통제이니 규칙을 조금 완화해 주세요.,교사 태도/행동,보통,교무부
체육 대회 연습 중에 줄을 빨리 안 섰다는 이유로 땡볕이 내리쬐는 운동장에서 반 전체 아이들에게 쪼그려 뛰기 50번의 단체 기합을 주셨다고 들었습니다. 한두 명의 잘못을 연대 책임으로 물어 단체로 체벌하는 방식은 부당하다고 생각합니다. 규칙을 어긴 학생에게만 개별적으로 합리적인 페널티를 부여하는 방식으로 지도 방법을 바꿔 주십시오.,교사 태도/행동,보통,교무부
"아이들끼리 사소한 말다툼이 있었는데, 담임 선생님께서 억지로 서로 악수하고 포옹하게 하며 강제 화해를 시키셨다고 합니다. 감정이 풀리지도 않은 상태에서 보여주기식 화해를 강요하는 것은 오히려 마음속 응어리만 키울 뿐입니다. 아이들의 감정을 충분히 들어주시고 스스로 갈등을 해결할 수 있도록 중재자 역할만 해 주시기를 정중히 건의합니다.",교사 태도/행동,보통,교무부
"여학생들이 체육복을 갈아입을 마땅한 탈의실이 없어 교실에서 문을 잠그고 갈아입는데, 남자 담임 선생님께서 노크도 없이 불쑥불쑥 문을 열고 들어오셔서 아이들이 기겁하는 일이 잦다고 합니다. 사춘기 여학생들의 프라이버시를 전혀 존중하지 않는 무신경한 행동에 깊은 불쾌감을 느낍니다. 환복 시간 동안은 교실 출입을 삼가시거나 미리 꼭 노크해 주세요.",교사 태도/행동,높음,교무부
"아이의 결석 문제로 오전에 장문의 문자를 남겼으나 하루 종일 '읽음' 표시만 뜨고 아무런 답장이 없으셨습니다. 바쁘실 테니 이해하려 했으나, 며칠 뒤 다른 엄마가 보낸 간식 찬조 문자에는 바로 답장을 하셨다는 사실을 알고 몹시 불쾌했습니다. 학부모의 연락을 선택적으로 무시하시는 태도는 교사로서의 자질이 부족해 보입니다. 시정 바랍니다.",교사 태도/행동,보통,교무부
사회 수업 시간에 담임 선생님께서 전화를 받으러 나가시거나 교무실에 서류를 갖다주신다며 자리를 비우시는 시간이 너무 잦다고 합니다. 심할 때는 20분 넘게 아이들끼리만 교실에 방치되어 자습을 했다고 하더군요. 학생들의 정당한 학습권을 침해하는 명백한 근무 태만 행위입니다. 수업 시간 이탈을 자제해 주시고 본연의 임무에 충실해 주십시오.,교사 태도/행동,높음,교무부
"상담 시간에 제가 조심스럽게 털어놓은 저희 가정의 경제적 어려움이나 이혼 숙려 기간이라는 개인적인 가정사를, 선생님께서 다른 학부모들이나 동료 교사들에게 무심코 발설하고 다니신다는 소문을 들었습니다. 비밀 보장이 생명인 교사가 학생의 민감한 개인 정보를 함부로 누설한 것에 대해 큰 분노를 느낍니다. 당장 교장실로 항의 방문하겠습니다.",교사 태도/행동,보통,교무부
상담 과정와 관련해 학생이 상황을 부담스럽게 받아들였다고 말했습니다. 사실관계를 확인한 뒤 필요한 안내를 부탁드립니다,교사 태도/행동,보통,교무부
상담 과정와 관련해 학생이 상황을 부담스럽게 받아들였다고 말했습니다. 학생이 안정적으로 생활할 수 있도록 지도 방식을 검토해 주시기 바랍니다,교사 태도/행동,보통,교무부
상담 과정와 관련해 학생이 상황을 부담스럽게 받아들였다고 말했습니다. 관련 상황에 대해 학교의 설명을 듣고 싶습니다,교사 태도/행동,보통,교무부
상담 과정와 관련해 학생이 상황을 부담스럽게 받아들였다고 말했습니다. 향후 소통 과정에서 학생이 위축되지 않도록 살펴봐 주시기 바랍니다,교사 태도/행동,보통,교무부
상담 과정와 관련해 가정에서 듣기에 표현의 의도가 충분히 전달되지 않은 것 같습니다. 사실관계를 확인한 뒤 필요한 안내를 부탁드립니다,교사 태도/행동,보통,교무부
상담 과정와 관련해 가정에서 듣기에 표현의 의도가 충분히 전달되지 않은 것 같습니다. 학생이 안정적으로 생활할 수 있도록 지도 방식을 검토해 주시기 바랍니다,교사 태도/행동,보통,교무부
상담 과정와 관련해 가정에서 듣기에 표현의 의도가 충분히 전달되지 않은 것 같습니다. 관련 상황에 대해 학교의 설명을 듣고 싶습니다,교사 태도/행동,보통,교무부
상담 과정와 관련해 가정에서 듣기에 표현의 의도가 충분히 전달되지 않은 것 같습니다. 향후 소통 과정에서 학생이 위축되지 않도록 살펴봐 주시기 바랍니다,교사 태도/행동,보통,교무부
상담 과정와 관련해 학생이 자신이 존중받지 못했다고 느낀 부분이 있었습니다. 사실관계를 확인한 뒤 필요한 안내를 부탁드립니다,교사 태도/행동,보통,교무부
상담 과정와 관련해 학생이 자신이 존중받지 못했다고 느낀 부분이 있었습니다. 학생이 안정적으로 생활할 수 있도록 지도 방식을 검토해 주시기 바랍니다,교사 태도/행동,보통,교무부
상담 과정와 관련해 학생이 자신이 존중받지 못했다고 느낀 부분이 있었습니다. 관련 상황에 대해 학교의 설명을 듣고 싶습니다,교사 태도/행동,보통,교무부
상담 과정와 관련해 학생이 자신이 존중받지 못했다고 느낀 부분이 있었습니다. 향후 소통 과정에서 학생이 위축되지 않도록 살펴봐 주시기 바랍니다,교사 태도/행동,보통,교무부
상담 과정와 관련해 안내 과정에서 오해가 생길 수 있는 표현이 있었다고 생각합니다. 사실관계를 확인한 뒤 필요한 안내를 부탁드립니다,교사 태도/행동,보통,교무부
상담 과정와 관련해 안내 과정에서 오해가 생길 수 있는 표현이 있었다고 생각합니다. 학생이 안정적으로 생활할 수 있도록 지도 방식을 검토해 주시기 바랍니다,교사 태도/행동,보통,교무부
상담 과정와 관련해 안내 과정에서 오해가 생길 수 있는 표현이 있었다고 생각합니다. 관련 상황에 대해 학교의 설명을 듣고 싶습니다,교사 태도/행동,보통,교무부
상담 과정와 관련해 안내 과정에서 오해가 생길 수 있는 표현이 있었다고 생각합니다. 향후 소통 과정에서 학생이 위축되지 않도록 살펴봐 주시기 바랍니다,교사 태도/행동,보통,교무부
상담 과정와 관련해 학생의 입장에서 설명이 조금 더 필요해 보였습니다. 사실관계를 확인한 뒤 필요한 안내를 부탁드립니다,교사 태도/행동,보통,교무부
상담 과정와 관련해 학생의 입장에서 설명이 조금 더 필요해 보였습니다. 학생이 안정적으로 생활할 수 있도록 지도 방식을 검토해 주시기 바랍니다,교사 태도/행동,보통,교무부
상담 과정와 관련해 학생의 입장에서 설명이 조금 더 필요해 보였습니다. 관련 상황에 대해 학교의 설명을 듣고 싶습니다,교사 태도/행동,보통,교무부
상담 과정와 관련해 학생의 입장에서 설명이 조금 더 필요해 보였습니다. 향후 소통 과정에서 학생이 위축되지 않도록 살펴봐 주시기 바랍니다,교사 태도/행동,보통,교무부
상담 과정와 관련해 상황을 정확히 확인하고 싶은 부분이 있습니다. 사실관계를 확인한 뒤 필요한 안내를 부탁드립니다,교사 태도/행동,보통,교무부
상담 과정와 관련해 상황을 정확히 확인하고 싶은 부분이 있습니다. 학생이 안정적으로 생활할 수 있도록 지도 방식을 검토해 주시기 바랍니다,교사 태도/행동,보통,교무부
상담 과정와 관련해 상황을 정확히 확인하고 싶은 부분이 있습니다. 관련 상황에 대해 학교의 설명을 듣고 싶습니다,교사 태도/행동,보통,교무부
상담 과정와 관련해 상황을 정확히 확인하고 싶은 부분이 있습니다. 향후 소통 과정에서 학생이 위축되지 않도록 살펴봐 주시기 바랍니다,교사 태도/행동,보통,교무부
지도 표현와 관련해 학생이 상황을 부담스럽게 받아들였다고 말했습니다. 사실관계를 확인한 뒤 필요한 안내를 부탁드립니다,교사 태도/행동,보통,교무부
지도 표현와 관련해 학생이 상황을 부담스럽게 받아들였다고 말했습니다. 학생이 안정적으로 생활할 수 있도록 지도 방식을 검토해 주시기 바랍니다,교사 태도/행동,보통,교무부
지도 표현와 관련해 학생이 상황을 부담스럽게 받아들였다고 말했습니다. 관련 상황에 대해 학교의 설명을 듣고 싶습니다,교사 태도/행동,보통,교무부
지도 표현와 관련해 학생이 상황을 부담스럽게 받아들였다고 말했습니다. 향후 소통 과정에서 학생이 위축되지 않도록 살펴봐 주시기 바랍니다,교사 태도/행동,보통,교무부
지도 표현와 관련해 가정에서 듣기에 표현의 의도가 충분히 전달되지 않은 것 같습니다. 사실관계를 확인한 뒤 필요한 안내를 부탁드립니다,교사 태도/행동,보통,교무부
지도 표현와 관련해 가정에서 듣기에 표현의 의도가 충분히 전달되지 않은 것 같습니다. 학생이 안정적으로 생활할 수 있도록 지도 방식을 검토해 주시기 바랍니다,교사 태도/행동,보통,교무부
지도 표현와 관련해 가정에서 듣기에 표현의 의도가 충분히 전달되지 않은 것 같습니다. 관련 상황에 대해 학교의 설명을 듣고 싶습니다,교사 태도/행동,보통,교무부
지도 표현와 관련해 가정에서 듣기에 표현의 의도가 충분히 전달되지 않은 것 같습니다. 향후 소통 과정에서 학생이 위축되지 않도록 살펴봐 주시기 바랍니다,교사 태도/행동,보통,교무부
지도 표현와 관련해 학생이 자신이 존중받지 못했다고 느낀 부분이 있었습니다. 사실관계를 확인한 뒤 필요한 안내를 부탁드립니다,교사 태도/행동,보통,교무부
지도 표현와 관련해 학생이 자신이 존중받지 못했다고 느낀 부분이 있었습니다. 학생이 안정적으로 생활할 수 있도록 지도 방식을 검토해 주시기 바랍니다,교사 태도/행동,보통,교무부
지도 표현와 관련해 학생이 자신이 존중받지 못했다고 느낀 부분이 있었습니다. 관련 상황에 대해 학교의 설명을 듣고 싶습니다,교사 태도/행동,보통,교무부
지도 표현와 관련해 학생이 자신이 존중받지 못했다고 느낀 부분이 있었습니다. 향후 소통 과정에서 학생이 위축되지 않도록 살펴봐 주시기 바랍니다,교사 태도/행동,보통,교무부
지도 표현와 관련해 안내 과정에서 오해가 생길 수 있는 표현이 있었다고 생각합니다. 사실관계를 확인한 뒤 필요한 안내를 부탁드립니다,교사 태도/행동,보통,교무부
지도 표현와 관련해 안내 과정에서 오해가 생길 수 있는 표현이 있었다고 생각합니다. 학생이 안정적으로 생활할 수 있도록 지도 방식을 검토해 주시기 바랍니다,교사 태도/행동,보통,교무부
지도 표현와 관련해 안내 과정에서 오해가 생길 수 있는 표현이 있었다고 생각합니다. 관련 상황에 대해 학교의 설명을 듣고 싶습니다,교사 태도/행동,보통,교무부
지도 표현와 관련해 안내 과정에서 오해가 생길 수 있는 표현이 있었다고 생각합니다. 향후 소통 과정에서 학생이 위축되지 않도록 살펴봐 주시기 바랍니다,교사 태도/행동,보통,교무부
지도 표현와 관련해 학생의 입장에서 설명이 조금 더 필요해 보였습니다. 사실관계를 확인한 뒤 필요한 안내를 부탁드립니다,교사 태도/행동,보통,교무부
지도 표현와 관련해 학생의 입장에서 설명이 조금 더 필요해 보였습니다. 학생이 안정적으로 생활할 수 있도록 지도 방식을 검토해 주시기 바랍니다,교사 태도/행동,보통,교무부
지도 표현와 관련해 학생의 입장에서 설명이 조금 더 필요해 보였습니다. 관련 상황에 대해 학교의 설명을 듣고 싶습니다,교사 태도/행동,보통,교무부
지도 표현와 관련해 학생의 입장에서 설명이 조금 더 필요해 보였습니다. 향후 소통 과정에서 학생이 위축되지 않도록 살펴봐 주시기 바랍니다,교사 태도/행동,보통,교무부
지도 표현와 관련해 상황을 정확히 확인하고 싶은 부분이 있습니다. 사실관계를 확인한 뒤 필요한 안내를 부탁드립니다,교사 태도/행동,보통,교무부
지도 표현와 관련해 상황을 정확히 확인하고 싶은 부분이 있습니다. 학생이 안정적으로 생활할 수 있도록 지도 방식을 검토해 주시기 바랍니다,교사 태도/행동,보통,교무부
지도 표현와 관련해 상황을 정확히 확인하고 싶은 부분이 있습니다. 관련 상황에 대해 학교의 설명을 듣고 싶습니다,교사 태도/행동,보통,교무부
지도 표현와 관련해 상황을 정확히 확인하고 싶은 부분이 있습니다. 향후 소통 과정에서 학생이 위축되지 않도록 살펴봐 주시기 바랍니다,교사 태도/행동,보통,교무부
학생 응대와 관련해 학생이 상황을 부담스럽게 받아들였다고 말했습니다. 사실관계를 확인한 뒤 필요한 안내를 부탁드립니다,교사 태도/행동,보통,교무부
학생 응대와 관련해 학생이 상황을 부담스럽게 받아들였다고 말했습니다. 학생이 안정적으로 생활할 수 있도록 지도 방식을 검토해 주시기 바랍니다,교사 태도/행동,보통,교무부
학생 응대와 관련해 학생이 상황을 부담스럽게 받아들였다고 말했습니다. 관련 상황에 대해 학교의 설명을 듣고 싶습니다,교사 태도/행동,보통,교무부
학생 응대와 관련해 학생이 상황을 부담스럽게 받아들였다고 말했습니다. 향후 소통 과정에서 학생이 위축되지 않도록 살펴봐 주시기 바랍니다,교사 태도/행동,보통,교무부
학생 응대와 관련해 가정에서 듣기에 표현의 의도가 충분히 전달되지 않은 것 같습니다. 사실관계를 확인한 뒤 필요한 안내를 부탁드립니다,교사 태도/행동,보통,교무부
학생 응대와 관련해 가정에서 듣기에 표현의 의도가 충분히 전달되지 않은 것 같습니다. 학생이 안정적으로 생활할 수 있도록 지도 방식을 검토해 주시기 바랍니다,교사 태도/행동,보통,교무부
학생 응대와 관련해 가정에서 듣기에 표현의 의도가 충분히 전달되지 않은 것 같습니다. 관련 상황에 대해 학교의 설명을 듣고 싶습니다,교사 태도/행동,보통,교무부
학생 응대와 관련해 가정에서 듣기에 표현의 의도가 충분히 전달되지 않은 것 같습니다. 향후 소통 과정에서 학생이 위축되지 않도록 살펴봐 주시기 바랍니다,교사 태도/행동,보통,교무부
학생 응대와 관련해 학생이 자신이 존중받지 못했다고 느낀 부분이 있었습니다. 사실관계를 확인한 뒤 필요한 안내를 부탁드립니다,교사 태도/행동,보통,교무부
학생 응대와 관련해 학생이 자신이 존중받지 못했다고 느낀 부분이 있었습니다. 학생이 안정적으로 생활할 수 있도록 지도 방식을 검토해 주시기 바랍니다,교사 태도/행동,보통,교무부
학생 응대와 관련해 학생이 자신이 존중받지 못했다고 느낀 부분이 있었습니다. 관련 상황에 대해 학교의 설명을 듣고 싶습니다,교사 태도/행동,보통,교무부
학생 응대와 관련해 학생이 자신이 존중받지 못했다고 느낀 부분이 있었습니다. 향후 소통 과정에서 학생이 위축되지 않도록 살펴봐 주시기 바랍니다,교사 태도/행동,보통,교무부
학생 응대와 관련해 안내 과정에서 오해가 생길 수 있는 표현이 있었다고 생각합니다. 사실관계를 확인한 뒤 필요한 안내를 부탁드립니다,교사 태도/행동,보통,교무부
학생 응대와 관련해 안내 과정에서 오해가 생길 수 있는 표현이 있었다고 생각합니다. 학생이 안정적으로 생활할 수 있도록 지도 방식을 검토해 주시기 바랍니다,교사 태도/행동,보통,교무부
학생 응대와 관련해 안내 과정에서 오해가 생길 수 있는 표현이 있었다고 생각합니다. 관련 상황에 대해 학교의 설명을 듣고 싶습니다,교사 태도/행동,보통,교무부
학생 응대와 관련해 안내 과정에서 오해가 생길 수 있는 표현이 있었다고 생각합니다. 향후 소통 과정에서 학생이 위축되지 않도록 살펴봐 주시기 바랍니다,교사 태도/행동,보통,교무부
학생 응대와 관련해 학생의 입장에서 설명이 조금 더 필요해 보였습니다. 사실관계를 확인한 뒤 필요한 안내를 부탁드립니다,교사 태도/행동,보통,교무부
학생 응대와 관련해 학생의 입장에서 설명이 조금 더 필요해 보였습니다. 학생이 안정적으로 생활할 수 있도록 지도 방식을 검토해 주시기 바랍니다,교사 태도/행동,보통,교무부
학생 응대와 관련해 학생의 입장에서 설명이 조금 더 필요해 보였습니다. 관련 상황에 대해 학교의 설명을 듣고 싶습니다,교사 태도/행동,보통,교무부
학생 응대와 관련해 학생의 입장에서 설명이 조금 더 필요해 보였습니다. 향후 소통 과정에서 학생이 위축되지 않도록 살펴봐 주시기 바랍니다,교사 태도/행동,보통,교무부
학생 응대와 관련해 상황을 정확히 확인하고 싶은 부분이 있습니다. 사실관계를 확인한 뒤 필요한 안내를 부탁드립니다,교사 태도/행동,보통,교무부
학생 응대와 관련해 상황을 정확히 확인하고 싶은 부분이 있습니다. 학생이 안정적으로 생활할 수 있도록 지도 방식을 검토해 주시기 바랍니다,교사 태도/행동,보통,교무부
학생 응대와 관련해 상황을 정확히 확인하고 싶은 부분이 있습니다. 관련 상황에 대해 학교의 설명을 듣고 싶습니다,교사 태도/행동,보통,교무부
학생 응대와 관련해 상황을 정확히 확인하고 싶은 부분이 있습니다. 향후 소통 과정에서 학생이 위축되지 않도록 살펴봐 주시기 바랍니다,교사 태도/행동,보통,교무부
학급 안내와 관련해 학생이 상황을 부담스럽게 받아들였다고 말했습니다. 사실관계를 확인한 뒤 필요한 안내를 부탁드립니다,교사 태도/행동,보통,교무부
학급 안내와 관련해 학생이 상황을 부담스럽게 받아들였다고 말했습니다. 학생이 안정적으로 생활할 수 있도록 지도 방식을 검토해 주시기 바랍니다,교사 태도/행동,보통,교무부
학급 안내와 관련해 학생이 상황을 부담스럽게 받아들였다고 말했습니다. 관련 상황에 대해 학교의 설명을 듣고 싶습니다,교사 태도/행동,보통,교무부
학급 안내와 관련해 학생이 상황을 부담스럽게 받아들였다고 말했습니다. 향후 소통 과정에서 학생이 위축되지 않도록 살펴봐 주시기 바랍니다,교사 태도/행동,보통,교무부
학급 안내와 관련해 가정에서 듣기에 표현의 의도가 충분히 전달되지 않은 것 같습니다. 사실관계를 확인한 뒤 필요한 안내를 부탁드립니다,교사 태도/행동,보통,교무부
학급 안내와 관련해 가정에서 듣기에 표현의 의도가 충분히 전달되지 않은 것 같습니다. 학생이 안정적으로 생활할 수 있도록 지도 방식을 검토해 주시기 바랍니다,교사 태도/행동,보통,교무부
학급 안내와 관련해 가정에서 듣기에 표현의 의도가 충분히 전달되지 않은 것 같습니다. 관련 상황에 대해 학교의 설명을 듣고 싶습니다,교사 태도/행동,보통,교무부
학급 안내와 관련해 가정에서 듣기에 표현의 의도가 충분히 전달되지 않은 것 같습니다. 향후 소통 과정에서 학생이 위축되지 않도록 살펴봐 주시기 바랍니다,교사 태도/행동,보통,교무부
학급 안내와 관련해 학생이 자신이 존중받지 못했다고 느낀 부분이 있었습니다. 사실관계를 확인한 뒤 필요한 안내를 부탁드립니다,교사 태도/행동,보통,교무부
학급 안내와 관련해 학생이 자신이 존중받지 못했다고 느낀 부분이 있었습니다. 학생이 안정적으로 생활할 수 있도록 지도 방식을 검토해 주시기 바랍니다,교사 태도/행동,보통,교무부
학급 안내와 관련해 학생이 자신이 존중받지 못했다고 느낀 부분이 있었습니다. 관련 상황에 대해 학교의 설명을 듣고 싶습니다,교사 태도/행동,보통,교무부
학급 안내와 관련해 학생이 자신이 존중받지 못했다고 느낀 부분이 있었습니다. 향후 소통 과정에서 학생이 위축되지 않도록 살펴봐 주시기 바랍니다,교사 태도/행동,보통,교무부
학급 안내와 관련해 안내 과정에서 오해가 생길 수 있는 표현이 있었다고 생각합니다. 사실관계를 확인한 뒤 필요한 안내를 부탁드립니다,교사 태도/행동,보통,교무부
학급 안내와 관련해 안내 과정에서 오해가 생길 수 있는 표현이 있었다고 생각합니다. 학생이 안정적으로 생활할 수 있도록 지도 방식을 검토해 주시기 바랍니다,교사 태도/행동,보통,교무부
학급 안내와 관련해 안내 과정에서 오해가 생길 수 있는 표현이 있었다고 생각합니다. 관련 상황에 대해 학교의 설명을 듣고 싶습니다,교사 태도/행동,보통,교무부
학급 안내와 관련해 안내 과정에서 오해가 생길 수 있는 표현이 있었다고 생각합니다. 향후 소통 과정에서 학생이 위축되지 않도록 살펴봐 주시기 바랍니다,교사 태도/행동,보통,교무부
학급 안내와 관련해 학생의 입장에서 설명이 조금 더 필요해 보였습니다. 사실관계를 확인한 뒤 필요한 안내를 부탁드립니다,교사 태도/행동,보통,교무부
학급 안내와 관련해 학생의 입장에서 설명이 조금 더 필요해 보였습니다. 학생이 안정적으로 생활할 수 있도록 지도 방식을 검토해 주시기 바랍니다,교사 태도/행동,보통,교무부
학급 안내와 관련해 학생의 입장에서 설명이 조금 더 필요해 보였습니다. 관련 상황에 대해 학교의 설명을 듣고 싶습니다,교사 태도/행동,보통,교무부
학급 안내와 관련해 학생의 입장에서 설명이 조금 더 필요해 보였습니다. 향후 소통 과정에서 학생이 위축되지 않도록 살펴봐 주시기 바랍니다,교사 태도/행동,보통,교무부
학급 안내와 관련해 상황을 정확히 확인하고 싶은 부분이 있습니다. 사실관계를 확인한 뒤 필요한 안내를 부탁드립니다,교사 태도/행동,보통,교무부
학급 안내와 관련해 상황을 정확히 확인하고 싶은 부분이 있습니다. 학생이 안정적으로 생활할 수 있도록 지도 방식을 검토해 주시기 바랍니다,교사 태도/행동,보통,교무부
학급 안내와 관련해 상황을 정확히 확인하고 싶은 부분이 있습니다. 관련 상황에 대해 학교의 설명을 듣고 싶습니다,교사 태도/행동,보통,교무부
학급 안내와 관련해 상황을 정확히 확인하고 싶은 부분이 있습니다. 향후 소통 과정에서 학생이 위축되지 않도록 살펴봐 주시기 바랍니다,교사 태도/행동,보통,교무부
피드백 방식와 관련해 학생이 상황을 부담스럽게 받아들였다고 말했습니다. 사실관계를 확인한 뒤 필요한 안내를 부탁드립니다,교사 태도/행동,보통,교무부
피드백 방식와 관련해 학생이 상황을 부담스럽게 받아들였다고 말했습니다. 학생이 안정적으로 생활할 수 있도록 지도 방식을 검토해 주시기 바랍니다,교사 태도/행동,보통,교무부
피드백 방식와 관련해 학생이 상황을 부담스럽게 받아들였다고 말했습니다. 관련 상황에 대해 학교의 설명을 듣고 싶습니다,교사 태도/행동,보통,교무부
피드백 방식와 관련해 학생이 상황을 부담스럽게 받아들였다고 말했습니다. 향후 소통 과정에서 학생이 위축되지 않도록 살펴봐 주시기 바랍니다,교사 태도/행동,보통,교무부
피드백 방식와 관련해 가정에서 듣기에 표현의 의도가 충분히 전달되지 않은 것 같습니다. 사실관계를 확인한 뒤 필요한 안내를 부탁드립니다,교사 태도/행동,보통,교무부
피드백 방식와 관련해 가정에서 듣기에 표현의 의도가 충분히 전달되지 않은 것 같습니다. 학생이 안정적으로 생활할 수 있도록 지도 방식을 검토해 주시기 바랍니다,교사 태도/행동,보통,교무부
피드백 방식와 관련해 가정에서 듣기에 표현의 의도가 충분히 전달되지 않은 것 같습니다. 관련 상황에 대해 학교의 설명을 듣고 싶습니다,교사 태도/행동,보통,교무부
피드백 방식와 관련해 가정에서 듣기에 표현의 의도가 충분히 전달되지 않은 것 같습니다. 향후 소통 과정에서 학생이 위축되지 않도록 살펴봐 주시기 바랍니다,교사 태도/행동,보통,교무부
피드백 방식와 관련해 학생이 자신이 존중받지 못했다고 느낀 부분이 있었습니다. 사실관계를 확인한 뒤 필요한 안내를 부탁드립니다,교사 태도/행동,보통,교무부
피드백 방식와 관련해 학생이 자신이 존중받지 못했다고 느낀 부분이 있었습니다. 학생이 안정적으로 생활할 수 있도록 지도 방식을 검토해 주시기 바랍니다,교사 태도/행동,보통,교무부
피드백 방식와 관련해 학생이 자신이 존중받지 못했다고 느낀 부분이 있었습니다. 관련 상황에 대해 학교의 설명을 듣고 싶습니다,교사 태도/행동,보통,교무부
피드백 방식와 관련해 학생이 자신이 존중받지 못했다고 느낀 부분이 있었습니다. 향후 소통 과정에서 학생이 위축되지 않도록 살펴봐 주시기 바랍니다,교사 태도/행동,보통,교무부
피드백 방식와 관련해 안내 과정에서 오해가 생길 수 있는 표현이 있었다고 생각합니다. 사실관계를 확인한 뒤 필요한 안내를 부탁드립니다,교사 태도/행동,보통,교무부
피드백 방식와 관련해 안내 과정에서 오해가 생길 수 있는 표현이 있었다고 생각합니다. 학생이 안정적으로 생활할 수 있도록 지도 방식을 검토해 주시기 바랍니다,교사 태도/행동,보통,교무부
피드백 방식와 관련해 안내 과정에서 오해가 생길 수 있는 표현이 있었다고 생각합니다. 관련 상황에 대해 학교의 설명을 듣고 싶습니다,교사 태도/행동,보통,교무부
피드백 방식와 관련해 안내 과정에서 오해가 생길 수 있는 표현이 있었다고 생각합니다. 향후 소통 과정에서 학생이 위축되지 않도록 살펴봐 주시기 바랍니다,교사 태도/행동,보통,교무부
피드백 방식와 관련해 학생의 입장에서 설명이 조금 더 필요해 보였습니다. 사실관계를 확인한 뒤 필요한 안내를 부탁드립니다,교사 태도/행동,보통,교무부
피드백 방식와 관련해 학생의 입장에서 설명이 조금 더 필요해 보였습니다. 학생이 안정적으로 생활할 수 있도록 지도 방식을 검토해 주시기 바랍니다,교사 태도/행동,보통,교무부
피드백 방식와 관련해 학생의 입장에서 설명이 조금 더 필요해 보였습니다. 관련 상황에 대해 학교의 설명을 듣고 싶습니다,교사 태도/행동,보통,교무부
피드백 방식와 관련해 학생의 입장에서 설명이 조금 더 필요해 보였습니다. 향후 소통 과정에서 학생이 위축되지 않도록 살펴봐 주시기 바랍니다,교사 태도/행동,보통,교무부
피드백 방식와 관련해 상황을 정확히 확인하고 싶은 부분이 있습니다. 사실관계를 확인한 뒤 필요한 안내를 부탁드립니다,교사 태도/행동,보통,교무부
피드백 방식와 관련해 상황을 정확히 확인하고 싶은 부분이 있습니다. 학생이 안정적으로 생활할 수 있도록 지도 방식을 검토해 주시기 바랍니다,교사 태도/행동,보통,교무부
피드백 방식와 관련해 상황을 정확히 확인하고 싶은 부분이 있습니다. 관련 상황에 대해 학교의 설명을 듣고 싶습니다,교사 태도/행동,보통,교무부
피드백 방식와 관련해 상황을 정확히 확인하고 싶은 부분이 있습니다. 향후 소통 과정에서 학생이 위축되지 않도록 살펴봐 주시기 바랍니다,교사 태도/행동,보통,교무부
생활 지도와 관련해 학생이 상황을 부담스럽게 받아들였다고 말했습니다. 사실관계를 확인한 뒤 필요한 안내를 부탁드립니다,교사 태도/행동,보통,교무부
생활 지도와 관련해 학생이 상황을 부담스럽게 받아들였다고 말했습니다. 학생이 안정적으로 생활할 수 있도록 지도 방식을 검토해 주시기 바랍니다,교사 태도/행동,보통,교무부
생활 지도와 관련해 학생이 상황을 부담스럽게 받아들였다고 말했습니다. 관련 상황에 대해 학교의 설명을 듣고 싶습니다,교사 태도/행동,보통,교무부
생활 지도와 관련해 학생이 상황을 부담스럽게 받아들였다고 말했습니다. 향후 소통 과정에서 학생이 위축되지 않도록 살펴봐 주시기 바랍니다,교사 태도/행동,보통,교무부
생활 지도와 관련해 가정에서 듣기에 표현의 의도가 충분히 전달되지 않은 것 같습니다. 사실관계를 확인한 뒤 필요한 안내를 부탁드립니다,교사 태도/행동,보통,교무부
생활 지도와 관련해 가정에서 듣기에 표현의 의도가 충분히 전달되지 않은 것 같습니다. 학생이 안정적으로 생활할 수 있도록 지도 방식을 검토해 주시기 바랍니다,교사 태도/행동,보통,교무부
생활 지도와 관련해 가정에서 듣기에 표현의 의도가 충분히 전달되지 않은 것 같습니다. 관련 상황에 대해 학교의 설명을 듣고 싶습니다,교사 태도/행동,보통,교무부
생활 지도와 관련해 가정에서 듣기에 표현의 의도가 충분히 전달되지 않은 것 같습니다. 향후 소통 과정에서 학생이 위축되지 않도록 살펴봐 주시기 바랍니다,교사 태도/행동,보통,교무부
생활 지도와 관련해 학생이 자신이 존중받지 못했다고 느낀 부분이 있었습니다. 사실관계를 확인한 뒤 필요한 안내를 부탁드립니다,교사 태도/행동,보통,교무부
생활 지도와 관련해 학생이 자신이 존중받지 못했다고 느낀 부분이 있었습니다. 학생이 안정적으로 생활할 수 있도록 지도 방식을 검토해 주시기 바랍니다,교사 태도/행동,보통,교무부
생활 지도와 관련해 학생이 자신이 존중받지 못했다고 느낀 부분이 있었습니다. 관련 상황에 대해 학교의 설명을 듣고 싶습니다,생활지도/안전,보통,생활안전부
생활 지도와 관련해 학생이 자신이 존중받지 못했다고 느낀 부분이 있었습니다. 향후 소통 과정에서 학생이 위축되지 않도록 살펴봐 주시기 바랍니다,교사 태도/행동,보통,교무부
생활 지도와 관련해 안내 과정에서 오해가 생길 수 있는 표현이 있었다고 생각합니다. 사실관계를 확인한 뒤 필요한 안내를 부탁드립니다,교사 태도/행동,보통,교무부
생활 지도와 관련해 안내 과정에서 오해가 생길 수 있는 표현이 있었다고 생각합니다. 학생이 안정적으로 생활할 수 있도록 지도 방식을 검토해 주시기 바랍니다,교사 태도/행동,보통,교무부
생활 지도와 관련해 안내 과정에서 오해가 생길 수 있는 표현이 있었다고 생각합니다. 관련 상황에 대해 학교의 설명을 듣고 싶습니다,교사 태도/행동,보통,교무부
생활 지도와 관련해 안내 과정에서 오해가 생길 수 있는 표현이 있었다고 생각합니다. 향후 소통 과정에서 학생이 위축되지 않도록 살펴봐 주시기 바랍니다,교사 태도/행동,보통,교무부
생활 지도와 관련해 학생의 입장에서 설명이 조금 더 필요해 보였습니다. 사실관계를 확인한 뒤 필요한 안내를 부탁드립니다,교사 태도/행동,보통,교무부
생활 지도와 관련해 학생의 입장에서 설명이 조금 더 필요해 보였습니다. 학생이 안정적으로 생활할 수 있도록 지도 방식을 검토해 주시기 바랍니다,교사 태도/행동,보통,교무부
생활 지도와 관련해 학생의 입장에서 설명이 조금 더 필요해 보였습니다. 관련 상황에 대해 학교의 설명을 듣고 싶습니다,교사 태도/행동,보통,교무부
생활 지도와 관련해 학생의 입장에서 설명이 조금 더 필요해 보였습니다. 향후 소통 과정에서 학생이 위축되지 않도록 살펴봐 주시기 바랍니다,교사 태도/행동,보통,교무부
생활 지도와 관련해 상황을 정확히 확인하고 싶은 부분이 있습니다. 사실관계를 확인한 뒤 필요한 안내를 부탁드립니다,교사 태도/행동,보통,교무부
생활 지도와 관련해 상황을 정확히 확인하고 싶은 부분이 있습니다. 학생이 안정적으로 생활할 수 있도록 지도 방식을 검토해 주시기 바랍니다,교사 태도/행동,보통,교무부
생활 지도와 관련해 상황을 정확히 확인하고 싶은 부분이 있습니다. 관련 상황에 대해 학교의 설명을 듣고 싶습니다,교사 태도/행동,보통,교무부
생활 지도와 관련해 상황을 정확히 확인하고 싶은 부분이 있습니다. 향후 소통 과정에서 학생이 위축되지 않도록 살펴봐 주시기 바랍니다,교사 태도/행동,보통,교무부
수업 중 발언와 관련해 학생이 상황을 부담스럽게 받아들였다고 말했습니다. 사실관계를 확인한 뒤 필요한 안내를 부탁드립니다,교사 태도/행동,보통,교무부
수업 중 발언와 관련해 학생이 상황을 부담스럽게 받아들였다고 말했습니다. 학생이 안정적으로 생활할 수 있도록 지도 방식을 검토해 주시기 바랍니다,교사 태도/행동,보통,교무부
수업 중 발언와 관련해 학생이 상황을 부담스럽게 받아들였다고 말했습니다. 관련 상황에 대해 학교의 설명을 듣고 싶습니다,교사 태도/행동,보통,교무부
수업 중 발언와 관련해 학생이 상황을 부담스럽게 받아들였다고 말했습니다. 향후 소통 과정에서 학생이 위축되지 않도록 살펴봐 주시기 바랍니다,교사 태도/행동,보통,교무부
수업 중 발언와 관련해 가정에서 듣기에 표현의 의도가 충분히 전달되지 않은 것 같습니다. 사실관계를 확인한 뒤 필요한 안내를 부탁드립니다,교사 태도/행동,보통,교무부
수업 중 발언와 관련해 가정에서 듣기에 표현의 의도가 충분히 전달되지 않은 것 같습니다. 학생이 안정적으로 생활할 수 있도록 지도 방식을 검토해 주시기 바랍니다,교사 태도/행동,보통,교무부
수업 중 발언와 관련해 가정에서 듣기에 표현의 의도가 충분히 전달되지 않은 것 같습니다. 관련 상황에 대해 학교의 설명을 듣고 싶습니다,교사 태도/행동,보통,교무부
수업 중 발언와 관련해 가정에서 듣기에 표현의 의도가 충분히 전달되지 않은 것 같습니다. 향후 소통 과정에서 학생이 위축되지 않도록 살펴봐 주시기 바랍니다,교사 태도/행동,보통,교무부
수업 중 발언와 관련해 학생이 자신이 존중받지 못했다고 느낀 부분이 있었습니다. 사실관계를 확인한 뒤 필요한 안내를 부탁드립니다,교사 태도/행동,보통,교무부
수업 중 발언와 관련해 학생이 자신이 존중받지 못했다고 느낀 부분이 있었습니다. 학생이 안정적으로 생활할 수 있도록 지도 방식을 검토해 주시기 바랍니다,교사 태도/행동,보통,교무부
수업 중 발언와 관련해 학생이 자신이 존중받지 못했다고 느낀 부분이 있었습니다. 관련 상황에 대해 학교의 설명을 듣고 싶습니다,교사 태도/행동,보통,교무부
수업 중 발언와 관련해 학생이 자신이 존중받지 못했다고 느낀 부분이 있었습니다. 향후 소통 과정에서 학생이 위축되지 않도록 살펴봐 주시기 바랍니다,교사 태도/행동,보통,교무부
수업 중 발언와 관련해 안내 과정에서 오해가 생길 수 있는 표현이 있었다고 생각합니다. 사실관계를 확인한 뒤 필요한 안내를 부탁드립니다,교사 태도/행동,보통,교무부
수업 중 발언와 관련해 안내 과정에서 오해가 생길 수 있는 표현이 있었다고 생각합니다. 학생이 안정적으로 생활할 수 있도록 지도 방식을 검토해 주시기 바랍니다,교사 태도/행동,보통,교무부
수업 중 발언와 관련해 안내 과정에서 오해가 생길 수 있는 표현이 있었다고 생각합니다. 관련 상황에 대해 학교의 설명을 듣고 싶습니다,교사 태도/행동,보통,교무부
수업 중 발언와 관련해 안내 과정에서 오해가 생길 수 있는 표현이 있었다고 생각합니다. 향후 소통 과정에서 학생이 위축되지 않도록 살펴봐 주시기 바랍니다,교사 태도/행동,보통,교무부
서관 2층 여자 화장실에서 하수구 냄새가 너무 심하게 올라와 아이들이 구역질을 할 정도라고 합니다. 게다가 청소도 제대로 안 되어 있어 변기에 오물이 묻어 있는 경우가 다반사라고 하네요. 아이들이 하루 종일 생활하는 공간인 만큼 쾌적한 환경 유지는 필수입니다. 청소 인력을 충원하시거나 배관 점검을 통해 악취 문제를 조속히 해결해 주세요.,시설/환경,보통,시설관리
"연일 35도를 웃도는 폭염인데 3학년 2반 교실 에어컨이 고장 난 지 벌써 3일째라고 합니다. 아이들이 땀띠가 나고 두통을 호소하며 정상적인 수업을 받지 못하고 있습니다. 학교 측에서는 부품이 없다는 핑계만 대고 있는데, 선풍기 몇 대로는 어림도 없습니다. 이동식 에어컨이라도 긴급히 설치해 주시거나 다른 교실로 임시 이동시켜 주십시오.",시설/환경,높음,시설관리
어제 아이가 운동장 모래놀이터에서 놀다가 흙 속에 묻혀 있던 깨진 유리 조각에 손을 베여 바늘로 꿰매는 사고를 당했습니다. 정기적으로 모래를 뒤집고 이물질을 걸러내는 작업을 전혀 하지 않으시는 건가요? 자칫하면 아이들 눈이나 얼굴에 찔릴 수도 있는 아찔한 상황입니다. 전면적인 모래 교체 및 철저한 이물질 제거 작업을 강력히 촉구합니다.,시설/환경,높음,시설관리
급식실 식판과 수저에서 덜 씻긴 고춧가루나 밥알이 눌어붙어 있는 것을 여러 번 발견했다고 아이가 불평합니다. 단체 급식의 생명은 위생인데 식기 세척 상태가 이토록 불량하다니 식중독이라도 걸릴까 무척 불안합니다. 식기세척기 성능을 점검하시고 배식 전 조리 종사원들의 철저한 육안 검수 과정을 거쳐 청결한 식기를 제공해 주시기를 바랍니다.,시설/환경,높음,시설관리
"한겨울 영하의 날씨인데도 학교에서 에너지 절약을 이유로 교실 난방 온도를 18도에 맞춰두어 아이들이 패딩을 입고 오들오들 떨며 수업을 듣고 있습니다. 손이 시려 연필도 제대로 쥐지 못하다고 하네요. 아이들의 건강과 면학 분위기 조성을 위해 교실 적정 온도를 22도 이상으로 올려 주시고, 중앙 통제식 난방 시스템도 개선해 주셨으면 합니다.",시설/환경,높음,시설관리
"비가 오는 날이면 본관 중앙 계단 복도 바닥이 너무 미끄러워서 아이들이 넘어져 엉덩방아를 찧는 일이 비일비재합니다. 저학년 아이들은 뼈가 약해 자칫 큰 골절 사고로 이어질 수 있습니다. 복도 바닥에 미끄럼 방지 매트를 깔아주시거나, 비 오는 날에는 물기 제거 전담 인력을 배치하여 안전사고를 미연에 방지해 주시기를 정중하게 건의드립니다.",시설/환경,높음,시설관리
동관 3층에서 4층으로 올라가는 계단 손잡이 난간이 덜컹거리고 나사가 풀려 있어 아이들이 장난을 치며 기대다가 밑으로 추락할 위험이 커 보입니다. 학기 초부터 아이들이 계속 흔들린다고 이야기했다는데 아직도 수리가 안 된 이유를 모르겠습니다. 대형 사고가 발생하기 전에 학교 시설물 안전 점검을 실시하고 즉각적인 보수 공사를 진행해 주세요.,시설/환경,높음,시설관리
"실내 체육관 바닥에 먼지가 너무 많아서 아이들이 한 시간만 체육을 하고 와도 양말이 새까매지고 콧물이 줄줄 흐릅니다. 환기 시설도 제대로 작동하지 않아 공기가 무척 탁하다고 하네요. 호흡기 질환을 유발할 수 있는 심각한 문제입니다. 대형 공기청정기를 추가로 설치해 주시고, 매일 아침 체육관 바닥 물걸레 청소를 실시해 주시기를 바랍니다.",시설/환경,보통,시설관리
"각 층 복도에 설치된 정수기 필터를 언제 마지막으로 교체하셨는지 투명하게 공개해 주십시오. 물에서 쇠맛이 나고 쾌쾌한 냄새가 난다며 아이들이 학교에서 물을 마시지 않고 참았다가 집에 와서 허겁지겁 마시고 있습니다. 정수기 청결 상태와 필터 교체 주기를 철저히 준수해 주시고, 수질 검사 결과표를 정수기 옆에 상시 부착해 두시길 요청합니다.",시설/환경,보통,시설관리
저희 아이 반 교탁과 아이들 책걸상이 너무 낡아서 모서리 시트지가 다 벗겨져 있습니다. 튀어나온 합판 가시에 아이들이 긁혀서 옷이 찢어지고 살갗이 벗겨지는 상처를 자주 입고 옵니다. 게다가 의자 다리 길이는 맞지도 않아 덜그럭거린다고 하네요. 아이들 체형과 안전에 맞는 새 책걸상으로 전면 교체해 주시기를 학부모 대표로서 강력히 건의합니다.,시설/환경,높음,시설관리
교실 칠판이 구형 물칠판이라 창문을 통해 들어오는 햇빛에 반사되어 뒷자리나 사이드에 앉은 아이들은 판서 글씨가 아예 보이지 않는다고 합니다. 눈도 금방 피로해지고 시력 저하가 우려됩니다. 요즘 다른 학교들은 대부분 빛 반사가 적은 전자 칠판이나 무광 분필 칠판으로 교체하는 추세입니다. 우리 학교도 쾌적한 시청각 환경을 조성해 주십시오.,시설/환경,높음,시설관리
학기 초에 배정받은 개인 사물함 문짝이 떨어져 나가 자물쇠를 채울 수가 없어 아이가 무거운 교과서와 개인 물품을 매일 가방에 싸 들고 다니고 있습니다. 어깨가 아프다고 파스까지 붙일 정도입니다. 행정실에 수차례 고쳐 달라고 말했는데도 한 달째 감감무소식이라니 답답합니다. 신속히 사물함을 수리하거나 남는 새 사물함으로 교체해 주시기 바랍니다.,시설/환경,보통,시설관리
"방과 후에 아이가 숙제를 하려고 학교 도서관에 갔는데, 열람실 책상과 의자 개수가 전교생 수에 비해 턱없이 부족하여 바닥에 쭈그려 앉아 책을 봤다고 합니다. 장서 수도 부족하지만 아이들이 편하게 앉아 책을 읽을 수 있는 기본적인 인프라마저 부족한 현실이 안타깝습니다. 도서관 리모델링을 통해 열람 공간을 확충해 주시기를 긍정적으로 검토해 주세요.",시설/환경,보통,시설관리
"보건실에 있는 침대 이불과 베개에서 퀴퀴한 땀 냄새가 나고 얼룩이 묻어 있어, 배가 아파 누워있던 아이가 더 불쾌감을 느꼈다고 합니다. 아픈 아이들이 잠시 쉬며 안정을 취하는 공간인데 위생 관리가 이토록 허술해서야 되겠습니까? 침구류 세탁 주기를 단축하시고 정기적인 일광 소독을 실시하여 청결하고 포근한 보건실 환경을 만들어 주시길 바랍니다.",시설/환경,보통,시설관리
과학실에서 화학 실험을 자주 하는데 환풍기가 고장 났는지 작동하지 않아 교실 안에 독한 가스 냄새가 가득 찬다고 합니다. 아이들이 머리가 아프고 눈이 따갑다고 고통을 호소하고 있습니다. 환기가 제대로 되지 않는 밀폐된 공간에서의 유독성 실험은 매우 위험합니다. 즉각 환기 시스템을 수리하시고 정상 작동 확인 전까지는 실험 수업을 중단해 주십시오.,시설/환경,높음,시설관리
"음악실 방음벽이 너무 얇은지, 옆 반에서 단소나 리코더를 부는 소리가 그대로 들려와 수업에 전혀 집중할 수가 없다고 합니다. 심지어 바로 위층이 고학년 교실이라 층간 소음 민원도 잦다고 들었습니다. 쾌적한 음악 수업과 타 학급의 학습권 보장을 위해 음악실 벽면에 방음재를 보강하는 공사를 방학 기간을 이용해 꼭 진행해 주셨으면 좋겠습니다.",시설/환경,보통,시설관리
"미술실 세면대 4개 중 3개가 꽉 막혀 물이 전혀 내려가지 않고 있습니다. 물감 묻은 붓과 팔레트를 씻으려다 땟물이 역류하여 아이들 교복 소매가 다 버렸습니다. 찰흙이나 물감 찌꺼기 때문에 배관이 막힌 것 같은데, 뚫어뻥 같은 임시방편 말고 전문 업체를 불러 하수관을 시원하게 뚫어주십시오. 아이들이 쾌적하게 뒷정리를 할 수 있게 도와주세요.",시설/환경,보통,시설관리
"학교 후문 바로 옆에서 진행 중인 아파트 신축 공사 현장의 소음과 분진이 너무 심각합니다. 수업 중에 선생님 목소리가 안 들릴 정도로 쿵쾅거리고, 창문을 열면 먼지가 뽀얗게 들어와 책상이 까매집니다. 학교 차원에서 시공사에 강력히 항의하여 소음 방지벽 증축 및 공사 시간 조정을 요구해 주시고, 관할 구청에도 적극적으로 민원을 제기해 주십시오.",시설/환경,높음,시설관리
아이들 등하굣길 통학로에 설치된 노란색 안전 펜스가 군데군데 찌그러지고 파손된 채 날카로운 철사가 삐져나와 있어 지나가는 아이들 옷이 걸리거나 살이 베일 위험이 큽니다. 어린이 보호구역 내의 시설물은 안전이 최우선입니다. 지자체와 협의하시어 파손된 안전 펜스를 즉각 보수하고 튼튼하고 안전한 재질로 전면 교체해 주시기를 강력히 요구하는 바입니다.,시설/환경,높음,시설관리
자전거로 등하교하는 학생들이 많은데 자전거 보관소에 비가림막이 설치되어 있지 않아 비나 눈이 오는 날이면 안장과 체인이 다 젖어 녹슬고 고장 나기 일쑤입니다. 자전거 이용을 권장하면서 정작 보관 시설은 이토록 열악하다니 아쉽습니다. 비바람을 막을 수 있는 지붕 형태의 튼튼한 비가림막 구조물을 조속히 설치해 주시기를 정중하게 건의드립니다.,시설/환경,높음,시설관리
"쓰레기 분리수거장이 후문 쪽 식당 바로 옆에 위치해 있어 잔반 통과 섞여 썩는 냄새가 진동을 합니다. 파리와 모기 등 해충이 들끓어 미관상으로도 좋지 않고 위생적으로도 매우 불결합니다. 쓰레기장 위치를 학생들 동선과 떨어진 구석으로 이전해 주시거나, 매일 철저한 물청소와 방역 소독을 통해 악취를 근본적으로 차단해 주시길 간곡히 부탁드립니다.",시설/환경,보통,시설관리
"여름철이 다가오는데 교실 창문 방충망이 여기저기 찢어지고 구멍이 나 있어 모기와 벌레들이 교실로 무자비하게 들어옵니다. 아이들이 모기에 물려 긁느라 수업에 집중하지 못하고, 벌레를 쫓느라 교실 안이 매번 아수라장이 된다고 하네요. 본격적인 장마와 폭염이 시작되기 전에 전 교실의 방충망 파손 여부를 전수조사하고 새것으로 꼼꼼히 교체해 주십시오.",시설/환경,높음,시설관리
"화장실에 세면대 비누와 두루마리 휴지가 항상 비어 있다고 아이가 매번 불평을 합니다. 용변을 보고 휴지가 없어 난감해하는 아이들이 한둘이 아니며, 손을 대충 물로만 씻고 나오니 감기나 전염병 예방도 걱정됩니다. 비품 관리하시는 분께 각별히 신경 써달라고 전해주시고, 각 층 화장실에 일일 점검표를 부착하여 소모품이 제때 보충될 수 있도록 조치해 주세요.",시설/환경,보통,시설관리
운동장 조회대 옆 관람석 스탠드에 설치된 차광막 천막이 낡아서 비바람에 찢어진 채로 위태롭게 펄럭이고 있습니다. 철제 프레임도 녹이 슬어 있어 강풍이라도 불면 천막이나 지지대가 무너져 밑에서 쉬던 아이들이 크게 다칠 것 같아 조마조마합니다. 미관상으로도 흉물스러우니 낡은 천막을 철거하고 튼튼한 폴리카보네이트 재질의 지붕으로 새로 시공해 주십시오.,시설/환경,높음,시설관리
"선생님들 출퇴근 차량이 드나드는 정문 주차장 진입로와 아이들의 도보 통학로가 명확히 분리되어 있지 않아 매일 아침 등굣길이 아수라장입니다. 갑자기 튀어나오는 차량 때문에 아이들이 깜짝 놀라 멈칫하는 아찔한 순간을 여러 번 목격했습니다. 안전봉을 세워 보행자 전용 통로를 확실하게 분리해 주시고, 등하교 시간대에는 교문 앞 차량 출입을 통제해 주십시오.",시설/환경,높음,시설관리
"다리를 다쳐 깁스를 한 저희 아이가 엘리베이터를 타려고 했더니, 선생님 전용이라며 교장 선생님께서 호통을 치며 내리라고 하셨다더군요. 결국 목발을 짚고 4층까지 계단을 올랐다고 합니다. 몸이 불편한 학생이나 무거운 짐을 든 학생들은 자유롭게 엘리베이터를 이용할 수 있도록 허용하는 것이 마땅한 교육 기관의 도리 아닌가요? 규정을 즉각 시정해 주십시오.",시설/환경,보통,시설관리
각 교실에 설치된 안내 방송용 스피커의 음질이 너무 불량하여 치직거리는 잡음만 크게 들리고 교장 선생님 훈화 말씀이나 중요 공지사항이 하나도 전달되지 않습니다. 화재나 지진 같은 비상 상황 발생 시 대피 방송을 제대로 듣지 못해 대형 참사로 이어질까 봐 덜컥 겁이 납니다. 방송실 앰프와 각 반 스피커 회선을 전면 교체하는 공사를 시급히 진행해 주세요.,시설/환경,높음,시설관리
"운동장에 잡초가 너무 무성하게 자라 있어 아이들이 축구를 하거나 달리기 수행평가를 할 때 발이 걸려 넘어지는 사고가 잦습니다. 모래 반, 풀 반이라 여기가 학교 운동장인지 버려진 공터인지 헷갈릴 정도입니다. 방과 후나 주말을 이용하여 제초 작업을 대대적으로 실시해 주시고, 정기적인 운동장 표면 평탄화 작업을 통해 아이들이 맘껏 뛸 수 있게 해 주세요.",시설/환경,높음,시설관리
"학교 건물 뒤편 주택가와 맞닿은 붉은 벽돌 담장이 한쪽으로 심하게 기울어져 있어 붕괴 위험이 높아 보입니다. 균열 사이로 시멘트 가루가 떨어지기도 하는데 며칠 전 내린 폭우 탓에 지반이 더 약해진 것은 아닌지 심히 우려스럽습니다. 전문가의 안전 진단을 긴급히 받아보시고, 필요하다면 옹벽 구조를 덧대거나 무너뜨리고 새로 튼튼한 담장을 쌓아 올려 주십시오.",시설/환경,높음,시설관리
"현관 입구에 있는 실내화 주머니 보관함 개수가 학생 수보다 현저히 적어서, 아이들이 그냥 바닥에 실내화 주머니를 널브러뜨리고 교실로 올라갑니다. 비 오는 날이면 신발장에 진흙이 범벅되어 현관이 엉망진창이고 냄새도 심합니다. 여유 있는 공간에 수납장을 넉넉히 추가 설치해 주시고 반별로 구역을 지정하여 아이들이 깔끔하게 정리하는 습관을 들이도록 지도해 주세요.",시설/환경,보통,시설관리
"3학년 1반 교실 창가 쪽 형광등 2개가 며칠째 계속 깜빡거리고 빛이 파르르 떨리는데도 수리가 안 되고 있습니다. 깜빡거리는 불빛 아래서 책을 보면 눈이 금방 시려 시력이 나빠질 뿐만 아니라, 집중력도 크게 떨어집니다. 행정실에 형광등 교체 신청을 여러 번 했다고 하던데 처리가 너무 늦네요. 내일 아침 아이들 등교 전까지 반드시 새 램프로 교체해 주시길 바랍니다.",시설/환경,낮음,시설관리
"체육관 내에 위치한 체육 교구 창고의 환기구가 고장 나 먼지와 곰팡이 냄새가 지독합니다. 뜀틀 매트나 공에서 퀴퀴한 냄새가 배어 나와 만지기조차 싫다고 아이들이 투덜거립니다. 비염이나 천식이 있는 아이들에게는 치명적인 환경입니다. 고장 난 환풍기를 대용량으로 수리해 주시고, 주기적으로 체육 창고 문을 열어 맞바람이 치도록 환기 관리에 신경 써 주셨으면 합니다.",시설/환경,높음,시설관리
급식 먹고 양치를 하려 해도 세면대 수도꼭지가 층마다 5개뿐이라 아이들이 길게 줄을 서다 결국 점심시간이 끝나버려 양치를 포기하는 일이 다반사입니다. 코로나 이후 개인위생 관리가 더욱 중요해진 시점입니다. 복도 자투리 공간이나 화장실 앞쪽에 다인용 양치 전용 수도 시설을 추가로 확충하여 아이들이 식후 양치질을 거르지 않도록 적극적인 지원을 부탁드립니다.,시설/환경,보통,시설관리
"탈의실 공간이 너무 비좁아 30명이 넘는 아이들이 한꺼번에 옷을 갈아입다 보면 팔꿈치로 서로 치고 부딪히는 등 큰 혼잡이 빚어집니다. 게다가 창문에 블라인드나 가림막 커튼조차 없어서 밖에서 안이 훤히 들여다보일까 봐 조마조마하다고 하네요. 빈 교실이나 유휴 공간을 활용하여 탈의실을 좀 더 넓은 곳으로 옮겨 주시고, 창문에는 반드시 불투명 시트지나 커튼을 달아주세요.",시설/환경,높음,시설관리
학교 교문 위에 설치된 미세먼지 신호등 알리미 전광판이 한 달째 전원이 꺼져 있는 상태로 방치되어 있습니다. 요즘 황사와 미세먼지가 극성이라 아침마다 전광판 수치를 보고 마스크 착용 여부나 야외 활동 가능 여부를 판단하는데 기계가 먹통이니 여간 답답한 게 아닙니까? 단순히 플러그가 빠진 것인지 기계 결함인지 확인하여 조속히 정상 가동시켜 주시기를 바랍니다.,시설/환경,보통,시설관리
"급식실 의자 여러 개의 등받이가 깨져 있거나 다리 고무 패킹이 빠져 앉을 때마다 끼익거리는 소음이 나고 까닥거립니다. 아이가 앉았다가 뒤로 넘어갈 뻔한 아찔한 순간도 있었다고 하더군요. 성장기 아이들의 척추 건강과 안전을 위협하는 파손된 식당 의자들을 전수 검사하여 당장 폐기해 주시고, 튼튼하고 안전한 새 의자로 신속하게 교체해 주실 것을 강력히 촉구합니다.",시설/환경,높음,시설관리
"2층 남자 화장실 제일 안쪽 양변기가 일주일이 멀다 하고 상습적으로 막힙니다. 오물이 역류하여 바닥에 흘러넘친 적도 있다는데, 그럴 때마다 악취가 복도까지 퍼져 아이들이 화장실 가기를 꺼려 합니다. 단순히 뚫기만 해서는 해결될 문제가 아닌 것 같으니 배관 내부에 나무뿌리나 큰 이물질이 막혀 있는 건 아닌지 내시경 카메라 등을 동원하여 근본적인 배관 공사를 해주세요.",시설/환경,높음,시설관리
"학교 앞 스쿨존 교문 진입로에 있는 과속 방지턱의 높이가 너무 낮고 페인트가 다 지워져 있어, 오토바이나 배달 차량들이 속도를 전혀 줄이지 않고 쌩쌩 달립니다. 정문에서 튀어나오는 아이들과 부딪힐 뻔한 사고를 목격한 학부모들이 한둘이 아니습니다. 지자체 교통과와 협력하여 과속 방지턱을 규격에 맞게 더 높게 재설치하고, 눈에 확 띄도록 노란색 도색 작업을 다시 해주세요.",시설/환경,높음,시설관리
"컴퓨터실 PC가 도입된 지 10년이 다 되어가는 구형 모델이라 부팅하는 데만 10분이 넘게 걸리고, 코딩 프로그램 하나 돌리려 해도 버벅거려 멈춰버리기 일쑤라고 합니다. 4차 산업혁명 시대에 소프트웨어 교육을 강조하면서 정작 하드웨어 인프라가 이렇게 열악해서야 어떻게 제대로 된 IT 교육이 이루어지겠습니까? 최신 사양의 컴퓨터로 전면 교체할 예산 편성을 요구합니다.",시설/환경,보통,시설관리
저희 아이 반 교실이 복도 계단 바로 앞이라 지나가는 다른 반 아이들이 창문 너머로 계속 쳐다보고 장난을 쳐서 수업 분위기가 몹시 산만해진다고 합니다. 아이들이 집중력을 잃고 덩달아 창밖을 쳐다보게 된다고 하네요. 학습권 보장을 위해 복도 쪽 창문 하단 절반 정도에는 밖에서 안이 보이지 않도록 불투명 안개 시트지를 꼼꼼하게 부착해 주시기를 정중하게 건의드리는 바입니다.,시설/환경,높음,시설관리
교실 냉난방와 관련해 학생들이 이용하기에 불편함이 있다는 이야기를 들었습니다. 시설 상태를 점검하고 필요한 조치를 부탁드립니다,시설/환경,보통,시설관리
교실 냉난방와 관련해 학생들이 이용하기에 불편함이 있다는 이야기를 들었습니다. 조치 예정 시점을 안내해 주시면 감사하겠습니다,시설/환경,보통,시설관리
교실 냉난방와 관련해 학생들이 이용하기에 불편함이 있다는 이야기를 들었습니다. 학생들이 안전하게 이용할 수 있도록 확인해 주시기 바랍니다,시설/환경,높음,시설관리
교실 냉난방와 관련해 학생들이 이용하기에 불편함이 있다는 이야기를 들었습니다. 불편이 계속되지 않도록 관리 계획을 검토해 주시기 바랍니다,시설/환경,보통,시설관리
교실 냉난방와 관련해 수업과 학교생활에 지장이 있을 수 있어 보입니다. 시설 상태를 점검하고 필요한 조치를 부탁드립니다,시설/환경,보통,시설관리
교실 냉난방와 관련해 수업과 학교생활에 지장이 있을 수 있어 보입니다. 조치 예정 시점을 안내해 주시면 감사하겠습니다,시설/환경,보통,시설관리
교실 냉난방와 관련해 수업과 학교생활에 지장이 있을 수 있어 보입니다. 학생들이 안전하게 이용할 수 있도록 확인해 주시기 바랍니다,시설/환경,높음,시설관리
교실 냉난방와 관련해 수업과 학교생활에 지장이 있을 수 있어 보입니다. 불편이 계속되지 않도록 관리 계획을 검토해 주시기 바랍니다,시설/환경,보통,시설관리
교실 냉난방와 관련해 점검이 필요한 상태로 보여 걱정됩니다. 시설 상태를 점검하고 필요한 조치를 부탁드립니다,시설/환경,보통,시설관리
교실 냉난방와 관련해 점검이 필요한 상태로 보여 걱정됩니다. 조치 예정 시점을 안내해 주시면 감사하겠습니다,시설/환경,보통,시설관리
교실 냉난방와 관련해 점검이 필요한 상태로 보여 걱정됩니다. 학생들이 안전하게 이용할 수 있도록 확인해 주시기 바랍니다,시설/환경,높음,시설관리
교실 냉난방와 관련해 점검이 필요한 상태로 보여 걱정됩니다. 불편이 계속되지 않도록 관리 계획을 검토해 주시기 바랍니다,시설/환경,보통,시설관리
교실 냉난방와 관련해 여러 학생이 함께 사용하는 공간이라 관리가 필요합니다. 시설 상태를 점검하고 필요한 조치를 부탁드립니다,시설/환경,보통,시설관리
교실 냉난방와 관련해 여러 학생이 함께 사용하는 공간이라 관리가 필요합니다. 조치 예정 시점을 안내해 주시면 감사하겠습니다,시설/환경,보통,시설관리
교실 냉난방와 관련해 여러 학생이 함께 사용하는 공간이라 관리가 필요합니다. 학생들이 안전하게 이용할 수 있도록 확인해 주시기 바랍니다,시설/환경,높음,시설관리
교실 냉난방와 관련해 여러 학생이 함께 사용하는 공간이라 관리가 필요합니다. 불편이 계속되지 않도록 관리 계획을 검토해 주시기 바랍니다,시설/환경,보통,시설관리
교실 냉난방와 관련해 최근 상태가 나빠졌다는 이야기가 있었습니다. 시설 상태를 점검하고 필요한 조치를 부탁드립니다,시설/환경,보통,시설관리
교실 냉난방와 관련해 최근 상태가 나빠졌다는 이야기가 있었습니다. 조치 예정 시점을 안내해 주시면 감사하겠습니다,시설/환경,보통,시설관리
교실 냉난방와 관련해 최근 상태가 나빠졌다는 이야기가 있었습니다. 학생들이 안전하게 이용할 수 있도록 확인해 주시기 바랍니다,시설/환경,높음,시설관리
교실 냉난방와 관련해 최근 상태가 나빠졌다는 이야기가 있었습니다. 불편이 계속되지 않도록 관리 계획을 검토해 주시기 바랍니다,시설/환경,보통,시설관리
교실 냉난방와 관련해 안전과 위생 측면에서 확인이 필요합니다. 시설 상태를 점검하고 필요한 조치를 부탁드립니다,시설/환경,높음,시설관리
교실 냉난방와 관련해 안전과 위생 측면에서 확인이 필요합니다. 조치 예정 시점을 안내해 주시면 감사하겠습니다,시설/환경,높음,시설관리
교실 냉난방와 관련해 안전과 위생 측면에서 확인이 필요합니다. 학생들이 안전하게 이용할 수 있도록 확인해 주시기 바랍니다,시설/환경,높음,시설관리
교실 냉난방와 관련해 안전과 위생 측면에서 확인이 필요합니다. 불편이 계속되지 않도록 관리 계획을 검토해 주시기 바랍니다,시설/환경,높음,시설관리
화장실 청결와 관련해 학생들이 이용하기에 불편함이 있다는 이야기를 들었습니다. 시설 상태를 점검하고 필요한 조치를 부탁드립니다,시설/환경,보통,시설관리
화장실 청결와 관련해 학생들이 이용하기에 불편함이 있다는 이야기를 들었습니다. 조치 예정 시점을 안내해 주시면 감사하겠습니다,시설/환경,보통,시설관리
화장실 청결와 관련해 학생들이 이용하기에 불편함이 있다는 이야기를 들었습니다. 학생들이 안전하게 이용할 수 있도록 확인해 주시기 바랍니다,시설/환경,높음,시설관리
화장실 청결와 관련해 학생들이 이용하기에 불편함이 있다는 이야기를 들었습니다. 불편이 계속되지 않도록 관리 계획을 검토해 주시기 바랍니다,시설/환경,보통,시설관리
화장실 청결와 관련해 수업과 학교생활에 지장이 있을 수 있어 보입니다. 시설 상태를 점검하고 필요한 조치를 부탁드립니다,시설/환경,보통,시설관리
화장실 청결와 관련해 수업과 학교생활에 지장이 있을 수 있어 보입니다. 조치 예정 시점을 안내해 주시면 감사하겠습니다,시설/환경,보통,시설관리
화장실 청결와 관련해 수업과 학교생활에 지장이 있을 수 있어 보입니다. 학생들이 안전하게 이용할 수 있도록 확인해 주시기 바랍니다,시설/환경,높음,시설관리
화장실 청결와 관련해 수업과 학교생활에 지장이 있을 수 있어 보입니다. 불편이 계속되지 않도록 관리 계획을 검토해 주시기 바랍니다,시설/환경,보통,시설관리
화장실 청결와 관련해 점검이 필요한 상태로 보여 걱정됩니다. 시설 상태를 점검하고 필요한 조치를 부탁드립니다,시설/환경,보통,시설관리
화장실 청결와 관련해 점검이 필요한 상태로 보여 걱정됩니다. 조치 예정 시점을 안내해 주시면 감사하겠습니다,시설/환경,보통,시설관리
화장실 청결와 관련해 점검이 필요한 상태로 보여 걱정됩니다. 학생들이 안전하게 이용할 수 있도록 확인해 주시기 바랍니다,시설/환경,높음,시설관리
화장실 청결와 관련해 점검이 필요한 상태로 보여 걱정됩니다. 불편이 계속되지 않도록 관리 계획을 검토해 주시기 바랍니다,시설/환경,보통,시설관리
화장실 청결와 관련해 여러 학생이 함께 사용하는 공간이라 관리가 필요합니다. 시설 상태를 점검하고 필요한 조치를 부탁드립니다,시설/환경,보통,시설관리
화장실 청결와 관련해 여러 학생이 함께 사용하는 공간이라 관리가 필요합니다. 조치 예정 시점을 안내해 주시면 감사하겠습니다,시설/환경,보통,시설관리
화장실 청결와 관련해 여러 학생이 함께 사용하는 공간이라 관리가 필요합니다. 학생들이 안전하게 이용할 수 있도록 확인해 주시기 바랍니다,시설/환경,높음,시설관리
화장실 청결와 관련해 여러 학생이 함께 사용하는 공간이라 관리가 필요합니다. 불편이 계속되지 않도록 관리 계획을 검토해 주시기 바랍니다,시설/환경,보통,시설관리
화장실 청결와 관련해 최근 상태가 나빠졌다는 이야기가 있었습니다. 시설 상태를 점검하고 필요한 조치를 부탁드립니다,시설/환경,보통,시설관리
화장실 청결와 관련해 최근 상태가 나빠졌다는 이야기가 있었습니다. 조치 예정 시점을 안내해 주시면 감사하겠습니다,시설/환경,보통,시설관리
화장실 청결와 관련해 최근 상태가 나빠졌다는 이야기가 있었습니다. 학생들이 안전하게 이용할 수 있도록 확인해 주시기 바랍니다,시설/환경,높음,시설관리
화장실 청결와 관련해 최근 상태가 나빠졌다는 이야기가 있었습니다. 불편이 계속되지 않도록 관리 계획을 검토해 주시기 바랍니다,시설/환경,보통,시설관리
화장실 청결와 관련해 안전과 위생 측면에서 확인이 필요합니다. 시설 상태를 점검하고 필요한 조치를 부탁드립니다,시설/환경,높음,시설관리
화장실 청결와 관련해 안전과 위생 측면에서 확인이 필요합니다. 조치 예정 시점을 안내해 주시면 감사하겠습니다,시설/환경,높음,시설관리
화장실 청결와 관련해 안전과 위생 측면에서 확인이 필요합니다. 학생들이 안전하게 이용할 수 있도록 확인해 주시기 바랍니다,시설/환경,높음,시설관리
화장실 청결와 관련해 안전과 위생 측면에서 확인이 필요합니다. 불편이 계속되지 않도록 관리 계획을 검토해 주시기 바랍니다,시설/환경,높음,시설관리
복도 조명와 관련해 학생들이 이용하기에 불편함이 있다는 이야기를 들었습니다. 시설 상태를 점검하고 필요한 조치를 부탁드립니다,시설/환경,보통,시설관리
복도 조명와 관련해 학생들이 이용하기에 불편함이 있다는 이야기를 들었습니다. 조치 예정 시점을 안내해 주시면 감사하겠습니다,시설/환경,보통,시설관리
복도 조명와 관련해 학생들이 이용하기에 불편함이 있다는 이야기를 들었습니다. 학생들이 안전하게 이용할 수 있도록 확인해 주시기 바랍니다,시설/환경,높음,시설관리
복도 조명와 관련해 학생들이 이용하기에 불편함이 있다는 이야기를 들었습니다. 불편이 계속되지 않도록 관리 계획을 검토해 주시기 바랍니다,시설/환경,보통,시설관리
복도 조명와 관련해 수업과 학교생활에 지장이 있을 수 있어 보입니다. 시설 상태를 점검하고 필요한 조치를 부탁드립니다,시설/환경,보통,시설관리
복도 조명와 관련해 수업과 학교생활에 지장이 있을 수 있어 보입니다. 조치 예정 시점을 안내해 주시면 감사하겠습니다,시설/환경,보통,시설관리
복도 조명와 관련해 수업과 학교생활에 지장이 있을 수 있어 보입니다. 학생들이 안전하게 이용할 수 있도록 확인해 주시기 바랍니다,시설/환경,높음,시설관리
복도 조명와 관련해 수업과 학교생활에 지장이 있을 수 있어 보입니다. 불편이 계속되지 않도록 관리 계획을 검토해 주시기 바랍니다,시설/환경,보통,시설관리
복도 조명와 관련해 점검이 필요한 상태로 보여 걱정됩니다. 시설 상태를 점검하고 필요한 조치를 부탁드립니다,시설/환경,보통,시설관리
복도 조명와 관련해 점검이 필요한 상태로 보여 걱정됩니다. 조치 예정 시점을 안내해 주시면 감사하겠습니다,시설/환경,보통,시설관리
복도 조명와 관련해 점검이 필요한 상태로 보여 걱정됩니다. 학생들이 안전하게 이용할 수 있도록 확인해 주시기 바랍니다,시설/환경,높음,시설관리
복도 조명와 관련해 점검이 필요한 상태로 보여 걱정됩니다. 불편이 계속되지 않도록 관리 계획을 검토해 주시기 바랍니다,시설/환경,보통,시설관리
복도 조명와 관련해 여러 학생이 함께 사용하는 공간이라 관리가 필요합니다. 시설 상태를 점검하고 필요한 조치를 부탁드립니다,시설/환경,보통,시설관리
복도 조명와 관련해 여러 학생이 함께 사용하는 공간이라 관리가 필요합니다. 조치 예정 시점을 안내해 주시면 감사하겠습니다,시설/환경,보통,시설관리
복도 조명와 관련해 여러 학생이 함께 사용하는 공간이라 관리가 필요합니다. 학생들이 안전하게 이용할 수 있도록 확인해 주시기 바랍니다,시설/환경,높음,시설관리
복도 조명와 관련해 여러 학생이 함께 사용하는 공간이라 관리가 필요합니다. 불편이 계속되지 않도록 관리 계획을 검토해 주시기 바랍니다,시설/환경,보통,시설관리
복도 조명와 관련해 최근 상태가 나빠졌다는 이야기가 있었습니다. 시설 상태를 점검하고 필요한 조치를 부탁드립니다,시설/환경,보통,시설관리
복도 조명와 관련해 최근 상태가 나빠졌다는 이야기가 있었습니다. 조치 예정 시점을 안내해 주시면 감사하겠습니다,시설/환경,보통,시설관리
복도 조명와 관련해 최근 상태가 나빠졌다는 이야기가 있었습니다. 학생들이 안전하게 이용할 수 있도록 확인해 주시기 바랍니다,시설/환경,높음,시설관리
복도 조명와 관련해 최근 상태가 나빠졌다는 이야기가 있었습니다. 불편이 계속되지 않도록 관리 계획을 검토해 주시기 바랍니다,시설/환경,보통,시설관리
복도 조명와 관련해 안전과 위생 측면에서 확인이 필요합니다. 시설 상태를 점검하고 필요한 조치를 부탁드립니다,시설/환경,높음,시설관리
복도 조명와 관련해 안전과 위생 측면에서 확인이 필요합니다. 조치 예정 시점을 안내해 주시면 감사하겠습니다,시설/환경,높음,시설관리
복도 조명와 관련해 안전과 위생 측면에서 확인이 필요합니다. 학생들이 안전하게 이용할 수 있도록 확인해 주시기 바랍니다,시설/환경,높음,시설관리
복도 조명와 관련해 안전과 위생 측면에서 확인이 필요합니다. 불편이 계속되지 않도록 관리 계획을 검토해 주시기 바랍니다,시설/환경,높음,시설관리
책걸상 상태와 관련해 학생들이 이용하기에 불편함이 있다는 이야기를 들었습니다. 시설 상태를 점검하고 필요한 조치를 부탁드립니다,시설/환경,보통,시설관리
책걸상 상태와 관련해 학생들이 이용하기에 불편함이 있다는 이야기를 들었습니다. 조치 예정 시점을 안내해 주시면 감사하겠습니다,시설/환경,보통,시설관리
책걸상 상태와 관련해 학생들이 이용하기에 불편함이 있다는 이야기를 들었습니다. 학생들이 안전하게 이용할 수 있도록 확인해 주시기 바랍니다,시설/환경,높음,시설관리
책걸상 상태와 관련해 학생들이 이용하기에 불편함이 있다는 이야기를 들었습니다. 불편이 계속되지 않도록 관리 계획을 검토해 주시기 바랍니다,시설/환경,보통,시설관리
책걸상 상태와 관련해 수업과 학교생활에 지장이 있을 수 있어 보입니다. 시설 상태를 점검하고 필요한 조치를 부탁드립니다,시설/환경,보통,시설관리
책걸상 상태와 관련해 수업과 학교생활에 지장이 있을 수 있어 보입니다. 조치 예정 시점을 안내해 주시면 감사하겠습니다,시설/환경,보통,시설관리
책걸상 상태와 관련해 수업과 학교생활에 지장이 있을 수 있어 보입니다. 학생들이 안전하게 이용할 수 있도록 확인해 주시기 바랍니다,시설/환경,높음,시설관리
책걸상 상태와 관련해 수업과 학교생활에 지장이 있을 수 있어 보입니다. 불편이 계속되지 않도록 관리 계획을 검토해 주시기 바랍니다,시설/환경,보통,시설관리
책걸상 상태와 관련해 점검이 필요한 상태로 보여 걱정됩니다. 시설 상태를 점검하고 필요한 조치를 부탁드립니다,시설/환경,보통,시설관리
책걸상 상태와 관련해 점검이 필요한 상태로 보여 걱정됩니다. 조치 예정 시점을 안내해 주시면 감사하겠습니다,시설/환경,보통,시설관리
책걸상 상태와 관련해 점검이 필요한 상태로 보여 걱정됩니다. 학생들이 안전하게 이용할 수 있도록 확인해 주시기 바랍니다,시설/환경,높음,시설관리
책걸상 상태와 관련해 점검이 필요한 상태로 보여 걱정됩니다. 불편이 계속되지 않도록 관리 계획을 검토해 주시기 바랍니다,시설/환경,보통,시설관리
책걸상 상태와 관련해 여러 학생이 함께 사용하는 공간이라 관리가 필요합니다. 시설 상태를 점검하고 필요한 조치를 부탁드립니다,시설/환경,보통,시설관리
책걸상 상태와 관련해 여러 학생이 함께 사용하는 공간이라 관리가 필요합니다. 조치 예정 시점을 안내해 주시면 감사하겠습니다,시설/환경,보통,시설관리
책걸상 상태와 관련해 여러 학생이 함께 사용하는 공간이라 관리가 필요합니다. 학생들이 안전하게 이용할 수 있도록 확인해 주시기 바랍니다,시설/환경,높음,시설관리
책걸상 상태와 관련해 여러 학생이 함께 사용하는 공간이라 관리가 필요합니다. 불편이 계속되지 않도록 관리 계획을 검토해 주시기 바랍니다,시설/환경,보통,시설관리
책걸상 상태와 관련해 최근 상태가 나빠졌다는 이야기가 있었습니다. 시설 상태를 점검하고 필요한 조치를 부탁드립니다,시설/환경,보통,시설관리
책걸상 상태와 관련해 최근 상태가 나빠졌다는 이야기가 있었습니다. 조치 예정 시점을 안내해 주시면 감사하겠습니다,시설/환경,보통,시설관리
책걸상 상태와 관련해 최근 상태가 나빠졌다는 이야기가 있었습니다. 학생들이 안전하게 이용할 수 있도록 확인해 주시기 바랍니다,시설/환경,높음,시설관리
책걸상 상태와 관련해 최근 상태가 나빠졌다는 이야기가 있었습니다. 불편이 계속되지 않도록 관리 계획을 검토해 주시기 바랍니다,시설/환경,보통,시설관리
책걸상 상태와 관련해 안전과 위생 측면에서 확인이 필요합니다. 시설 상태를 점검하고 필요한 조치를 부탁드립니다,시설/환경,높음,시설관리
책걸상 상태와 관련해 안전과 위생 측면에서 확인이 필요합니다. 조치 예정 시점을 안내해 주시면 감사하겠습니다,시설/환경,높음,시설관리
책걸상 상태와 관련해 안전과 위생 측면에서 확인이 필요합니다. 학생들이 안전하게 이용할 수 있도록 확인해 주시기 바랍니다,시설/환경,높음,시설관리
책걸상 상태와 관련해 안전과 위생 측면에서 확인이 필요합니다. 불편이 계속되지 않도록 관리 계획을 검토해 주시기 바랍니다,시설/환경,높음,시설관리
운동장 시설와 관련해 학생들이 이용하기에 불편함이 있다는 이야기를 들었습니다. 시설 상태를 점검하고 필요한 조치를 부탁드립니다,시설/환경,보통,시설관리
운동장 시설와 관련해 학생들이 이용하기에 불편함이 있다는 이야기를 들었습니다. 조치 예정 시점을 안내해 주시면 감사하겠습니다,시설/환경,보통,시설관리
운동장 시설와 관련해 학생들이 이용하기에 불편함이 있다는 이야기를 들었습니다. 학생들이 안전하게 이용할 수 있도록 확인해 주시기 바랍니다,시설/환경,높음,시설관리
운동장 시설와 관련해 학생들이 이용하기에 불편함이 있다는 이야기를 들었습니다. 불편이 계속되지 않도록 관리 계획을 검토해 주시기 바랍니다,시설/환경,보통,시설관리
운동장 시설와 관련해 수업과 학교생활에 지장이 있을 수 있어 보입니다. 시설 상태를 점검하고 필요한 조치를 부탁드립니다,시설/환경,보통,시설관리
운동장 시설와 관련해 수업과 학교생활에 지장이 있을 수 있어 보입니다. 조치 예정 시점을 안내해 주시면 감사하겠습니다,시설/환경,보통,시설관리
운동장 시설와 관련해 수업과 학교생활에 지장이 있을 수 있어 보입니다. 학생들이 안전하게 이용할 수 있도록 확인해 주시기 바랍니다,시설/환경,높음,시설관리
운동장 시설와 관련해 수업과 학교생활에 지장이 있을 수 있어 보입니다. 불편이 계속되지 않도록 관리 계획을 검토해 주시기 바랍니다,시설/환경,보통,시설관리
운동장 시설와 관련해 점검이 필요한 상태로 보여 걱정됩니다. 시설 상태를 점검하고 필요한 조치를 부탁드립니다,시설/환경,보통,시설관리
운동장 시설와 관련해 점검이 필요한 상태로 보여 걱정됩니다. 조치 예정 시점을 안내해 주시면 감사하겠습니다,시설/환경,보통,시설관리
운동장 시설와 관련해 점검이 필요한 상태로 보여 걱정됩니다. 학생들이 안전하게 이용할 수 있도록 확인해 주시기 바랍니다,시설/환경,높음,시설관리
운동장 시설와 관련해 점검이 필요한 상태로 보여 걱정됩니다. 불편이 계속되지 않도록 관리 계획을 검토해 주시기 바랍니다,시설/환경,보통,시설관리
운동장 시설와 관련해 여러 학생이 함께 사용하는 공간이라 관리가 필요합니다. 시설 상태를 점검하고 필요한 조치를 부탁드립니다,시설/환경,보통,시설관리
운동장 시설와 관련해 여러 학생이 함께 사용하는 공간이라 관리가 필요합니다. 조치 예정 시점을 안내해 주시면 감사하겠습니다,시설/환경,보통,시설관리
운동장 시설와 관련해 여러 학생이 함께 사용하는 공간이라 관리가 필요합니다. 학생들이 안전하게 이용할 수 있도록 확인해 주시기 바랍니다,시설/환경,높음,시설관리
운동장 시설와 관련해 여러 학생이 함께 사용하는 공간이라 관리가 필요합니다. 불편이 계속되지 않도록 관리 계획을 검토해 주시기 바랍니다,시설/환경,보통,시설관리
운동장 시설와 관련해 최근 상태가 나빠졌다는 이야기가 있었습니다. 시설 상태를 점검하고 필요한 조치를 부탁드립니다,시설/환경,보통,시설관리
운동장 시설와 관련해 최근 상태가 나빠졌다는 이야기가 있었습니다. 조치 예정 시점을 안내해 주시면 감사하겠습니다,시설/환경,보통,시설관리
운동장 시설와 관련해 최근 상태가 나빠졌다는 이야기가 있었습니다. 학생들이 안전하게 이용할 수 있도록 확인해 주시기 바랍니다,시설/환경,높음,시설관리
운동장 시설와 관련해 최근 상태가 나빠졌다는 이야기가 있었습니다. 불편이 계속되지 않도록 관리 계획을 검토해 주시기 바랍니다,시설/환경,보통,시설관리
운동장 시설와 관련해 안전과 위생 측면에서 확인이 필요합니다. 시설 상태를 점검하고 필요한 조치를 부탁드립니다,시설/환경,높음,시설관리
운동장 시설와 관련해 안전과 위생 측면에서 확인이 필요합니다. 조치 예정 시점을 안내해 주시면 감사하겠습니다,시설/환경,높음,시설관리
운동장 시설와 관련해 안전과 위생 측면에서 확인이 필요합니다. 학생들이 안전하게 이용할 수 있도록 확인해 주시기 바랍니다,시설/환경,높음,시설관리
운동장 시설와 관련해 안전과 위생 측면에서 확인이 필요합니다. 불편이 계속되지 않도록 관리 계획을 검토해 주시기 바랍니다,시설/환경,높음,시설관리
급수대 관리와 관련해 학생들이 이용하기에 불편함이 있다는 이야기를 들었습니다. 시설 상태를 점검하고 필요한 조치를 부탁드립니다,시설/환경,보통,시설관리
급수대 관리와 관련해 학생들이 이용하기에 불편함이 있다는 이야기를 들었습니다. 조치 예정 시점을 안내해 주시면 감사하겠습니다,시설/환경,보통,시설관리
급수대 관리와 관련해 학생들이 이용하기에 불편함이 있다는 이야기를 들었습니다. 학생들이 안전하게 이용할 수 있도록 확인해 주시기 바랍니다,시설/환경,높음,시설관리
급수대 관리와 관련해 학생들이 이용하기에 불편함이 있다는 이야기를 들었습니다. 불편이 계속되지 않도록 관리 계획을 검토해 주시기 바랍니다,시설/환경,보통,시설관리
급수대 관리와 관련해 수업과 학교생활에 지장이 있을 수 있어 보입니다. 시설 상태를 점검하고 필요한 조치를 부탁드립니다,시설/환경,보통,시설관리
급수대 관리와 관련해 수업과 학교생활에 지장이 있을 수 있어 보입니다. 조치 예정 시점을 안내해 주시면 감사하겠습니다,시설/환경,보통,시설관리
급수대 관리와 관련해 수업과 학교생활에 지장이 있을 수 있어 보입니다. 학생들이 안전하게 이용할 수 있도록 확인해 주시기 바랍니다,시설/환경,높음,시설관리
급수대 관리와 관련해 수업과 학교생활에 지장이 있을 수 있어 보입니다. 불편이 계속되지 않도록 관리 계획을 검토해 주시기 바랍니다,시설/환경,보통,시설관리
급수대 관리와 관련해 점검이 필요한 상태로 보여 걱정됩니다. 시설 상태를 점검하고 필요한 조치를 부탁드립니다,시설/환경,보통,시설관리
급수대 관리와 관련해 점검이 필요한 상태로 보여 걱정됩니다. 조치 예정 시점을 안내해 주시면 감사하겠습니다,시설/환경,보통,시설관리
급수대 관리와 관련해 점검이 필요한 상태로 보여 걱정됩니다. 학생들이 안전하게 이용할 수 있도록 확인해 주시기 바랍니다,시설/환경,높음,시설관리
급수대 관리와 관련해 점검이 필요한 상태로 보여 걱정됩니다. 불편이 계속되지 않도록 관리 계획을 검토해 주시기 바랍니다,시설/환경,보통,시설관리
급수대 관리와 관련해 여러 학생이 함께 사용하는 공간이라 관리가 필요합니다. 시설 상태를 점검하고 필요한 조치를 부탁드립니다,시설/환경,보통,시설관리
급수대 관리와 관련해 여러 학생이 함께 사용하는 공간이라 관리가 필요합니다. 조치 예정 시점을 안내해 주시면 감사하겠습니다,시설/환경,보통,시설관리
급수대 관리와 관련해 여러 학생이 함께 사용하는 공간이라 관리가 필요합니다. 학생들이 안전하게 이용할 수 있도록 확인해 주시기 바랍니다,시설/환경,높음,시설관리
급수대 관리와 관련해 여러 학생이 함께 사용하는 공간이라 관리가 필요합니다. 불편이 계속되지 않도록 관리 계획을 검토해 주시기 바랍니다,시설/환경,보통,시설관리
급수대 관리와 관련해 최근 상태가 나빠졌다는 이야기가 있었습니다. 시설 상태를 점검하고 필요한 조치를 부탁드립니다,시설/환경,보통,시설관리
급수대 관리와 관련해 최근 상태가 나빠졌다는 이야기가 있었습니다. 조치 예정 시점을 안내해 주시면 감사하겠습니다,시설/환경,보통,시설관리
급수대 관리와 관련해 최근 상태가 나빠졌다는 이야기가 있었습니다. 학생들이 안전하게 이용할 수 있도록 확인해 주시기 바랍니다,시설/환경,높음,시설관리
급수대 관리와 관련해 최근 상태가 나빠졌다는 이야기가 있었습니다. 불편이 계속되지 않도록 관리 계획을 검토해 주시기 바랍니다,시설/환경,보통,시설관리
급수대 관리와 관련해 안전과 위생 측면에서 확인이 필요합니다. 시설 상태를 점검하고 필요한 조치를 부탁드립니다,시설/환경,높음,시설관리
급수대 관리와 관련해 안전과 위생 측면에서 확인이 필요합니다. 조치 예정 시점을 안내해 주시면 감사하겠습니다,시설/환경,높음,시설관리
급수대 관리와 관련해 안전과 위생 측면에서 확인이 필요합니다. 학생들이 안전하게 이용할 수 있도록 확인해 주시기 바랍니다,시설/환경,높음,시설관리
급수대 관리와 관련해 안전과 위생 측면에서 확인이 필요합니다. 불편이 계속되지 않도록 관리 계획을 검토해 주시기 바랍니다,시설/환경,높음,시설관리
창문 안전와 관련해 학생들이 이용하기에 불편함이 있다는 이야기를 들었습니다. 시설 상태를 점검하고 필요한 조치를 부탁드립니다,시설/환경,높음,시설관리
창문 안전와 관련해 학생들이 이용하기에 불편함이 있다는 이야기를 들었습니다. 조치 예정 시점을 안내해 주시면 감사하겠습니다,시설/환경,높음,시설관리
창문 안전와 관련해 학생들이 이용하기에 불편함이 있다는 이야기를 들었습니다. 학생들이 안전하게 이용할 수 있도록 확인해 주시기 바랍니다,시설/환경,높음,시설관리
창문 안전와 관련해 학생들이 이용하기에 불편함이 있다는 이야기를 들었습니다. 불편이 계속되지 않도록 관리 계획을 검토해 주시기 바랍니다,시설/환경,높음,시설관리
창문 안전와 관련해 수업과 학교생활에 지장이 있을 수 있어 보입니다. 시설 상태를 점검하고 필요한 조치를 부탁드립니다,시설/환경,높음,시설관리
창문 안전와 관련해 수업과 학교생활에 지장이 있을 수 있어 보입니다. 조치 예정 시점을 안내해 주시면 감사하겠습니다,시설/환경,높음,시설관리
창문 안전와 관련해 수업과 학교생활에 지장이 있을 수 있어 보입니다. 학생들이 안전하게 이용할 수 있도록 확인해 주시기 바랍니다,시설/환경,높음,시설관리
창문 안전와 관련해 수업과 학교생활에 지장이 있을 수 있어 보입니다. 불편이 계속되지 않도록 관리 계획을 검토해 주시기 바랍니다,시설/환경,높음,시설관리
창문 안전와 관련해 점검이 필요한 상태로 보여 걱정됩니다. 시설 상태를 점검하고 필요한 조치를 부탁드립니다,시설/환경,높음,시설관리
창문 안전와 관련해 점검이 필요한 상태로 보여 걱정됩니다. 조치 예정 시점을 안내해 주시면 감사하겠습니다,시설/환경,높음,시설관리
창문 안전와 관련해 점검이 필요한 상태로 보여 걱정됩니다. 학생들이 안전하게 이용할 수 있도록 확인해 주시기 바랍니다,시설/환경,높음,시설관리
창문 안전와 관련해 점검이 필요한 상태로 보여 걱정됩니다. 불편이 계속되지 않도록 관리 계획을 검토해 주시기 바랍니다,시설/환경,높음,시설관리
창문 안전와 관련해 여러 학생이 함께 사용하는 공간이라 관리가 필요합니다. 시설 상태를 점검하고 필요한 조치를 부탁드립니다,시설/환경,높음,시설관리
창문 안전와 관련해 여러 학생이 함께 사용하는 공간이라 관리가 필요합니다. 조치 예정 시점을 안내해 주시면 감사하겠습니다,시설/환경,높음,시설관리
창문 안전와 관련해 여러 학생이 함께 사용하는 공간이라 관리가 필요합니다. 학생들이 안전하게 이용할 수 있도록 확인해 주시기 바랍니다,시설/환경,높음,시설관리
창문 안전와 관련해 여러 학생이 함께 사용하는 공간이라 관리가 필요합니다. 불편이 계속되지 않도록 관리 계획을 검토해 주시기 바랍니다,시설/환경,높음,시설관리
오늘 점심 급식에 나온 돈가스가 다 식어서 차갑게 나왔다고 아이가 집에 와서 이야기했습니다. 배식 시간이 늦어진 건지 아니면 보온 관리 자체가 안 되고 있는 건지 궁금합니다. 추운 날씨에는 따뜻한 음식이 나와야 아이들도 잘 먹고 든든하게 오후 수업을 받을 텐데 아쉬운 마음이 큽니다. 배식 온도 관리에 좀 더 신경 써주셨으면 합니다.,급식,낮음,급식실
어제 급식으로 나온 멸치볶음에서 머리카락으로 보이는 이물질이 나왔다는 이야기를 아이에게 전해 들었습니다. 조리 과정에서 위생 관리가 제대로 되고 있는지 매우 걱정이 됩니다. 위생모와 위생장갑 착용 같은 기본적인 위생 수칙이 철저히 지켜지고 있는지 확인 부탁드립니다. 다시는 이런 일이 발생하지 않도록 점검해 주셨으면 합니다.,급식,높음,급식실
저희 아이는 새우 알레르기가 있는데 지난주 급식 메뉴에 새우튀김이 나왔던 날 사전 안내가 전혀 없어서 정말 놀랐습니다. 다행히 아이가 스스로 알아채고 먹지 않았지만 자칫 큰일이 날 뻔했습니다. 알레르기를 유발할 수 있는 식재료가 들어간 메뉴는 미리 가정통신문이나 알림장으로 꼭 알려주시기 바랍니다. 아이의 안전과 직결된 문제이니 신중하게 처리해 주세요.,급식,높음,급식실
우리 애한테 물어보니까 요즘 급식에 면이나 밥만 나온다고 하네요 이렇게 탄수화물만 주구장창 멕이면 애들 성장은 어떡하나요? 선생님이 보시기에도 이게 정상으로 보이나요? 이거 심각하게 보면 아동학대까지 갈 수 있어요 지금 교장실로 들어가서 따지고 싶은 거 일 때메 간신히 참습니다^^ 애아빠도 화가 많이 났어요 담주까지 개선 없을 시 교육청에 신고하겠습니다^^,급식,높음,급식실
지난주 수요일 급식에서 밥에 작은 돌이 섞여 있어서 아이가 씹다가 이가 시렸다고 말했습니다. 다행히 크게 다친 곳은 없었지만 아이도 저도 많이 놀랐습니다. 쌀을 세척하고 검수하는 과정에서 이물질 관리가 좀 더 철저해질 필요가 있어 보입니다. 같은 일이 반복되지 않도록 재발 방지 조치를 부탁드립니다.,급식,높음,급식실
애가 오늘 집에 와서 배가 고프다고 하네요 이게 맞나요? 학교에서 애한테 많이 맥여서 보내야지 집에 와서도 배고프다고 하는 게 말이되나요? 당장 급식 아주머니들 경고 주세요 제 자식 새끼하나 배부르게 못 먹이는 직원들은 필요 없습니다. 선생님이 자녀가 없어서 그런가 이 사태의 심각성을 모르네요^^ 자식 둔 어미로써 이거 저 용납 못합니다 피드백 해주세요,급식,보통,급식실
오늘 급식에 나온 우유에서 상한 냄새가 났다고 같은 반 여러 명의 아이들이 이야기했다고 합니다. 다행히 마시기 전에 알아채서 큰 탈은 없었지만 보관 온도 관리가 걱정스럽습니다. 우유의 유통기한과 냉장 보관 상태를 다시 한번 꼼꼼히 점검해 주시기 바랍니다. 식중독으로 이어질 수 있는 부분이라 빠른 확인을 부탁드립니다.,급식,높음,급식실
저희 아이가 평소 편식이 심한 편인데 급식 시간마다 억지로 다 먹이려고 하셔서 식사 시간이 스트레스라고 합니다. 이런 강압적인 분위기는 아이에게 부담이 될 수 있습니다. 우리 아이는 왕의 DNA를 가진 애라서 이렇게 대하시면 안돼요~~ 적당한 선에서 부드럽게 지도해 주시면 좋겠습니다. 아이가 급식 시간을 더 이상 두려워하지 않았으면 합니다. 왕의 DNA를 가진 아이니까요~~,급식,보통,급식실
요즘 급식실에 파리가 자주 보인다고 아이가 며칠째 이야기해서 걱정이 됩니다. 날씨가 더워지면서 위생 관리에 더욱 신경 써야 할 시기인 것 같습니다. 방충망 상태 점검이나 방역 작업이 제때 이루어지고 있는지 확인 부탁드립니다. 아이들 건강과 직결되는 문제인 만큼 빠른 조치를 부탁드립니다.,급식,높음,급식실
급식 메뉴에 매운 음식이 자주 나와서 저학년 아이들이 잘 못 먹고 있다는 이야기를 여러 학부모에게서 들었습니다. 매운맛 정도를 조금 조절해 주시거나 순한 메뉴를 함께 병행해 주실 수 있을지 여쭤봅니다. 아이들마다 매운 음식에 대한 적응력이 다르다는 점도 함께 고려해 주시면 좋겠습니다. 식단 구성에 참고해 주시기 바랍니다.,급식,낮음,급식실
지난주 목요일 급식에 나온 닭갈비가 너무 짜서 아이가 거의 손을 대지 못했다고 합니다. 나트륨 섭취가 과도해지면 한창 자라는 아이의 건강에도 좋지 않을 것 같아 걱정이 됩니다. 조리할 때 간을 좀 더 순하게 조절해 주실 수 있는지 여쭤봅니다. 염도 관리에 좀 더 신경 써주시면 감사하겠습니다.,급식,높음,급식실
급식 배식 줄이 너무 길어서 저학년 아이들은 줄 서는 데만 점심시간의 절반을 써버린다는 이야기를 들었습니다. 천천히 씹어 먹을 시간도 부족해 아이가 항상 급하게 먹고 들어온다고 합니다. 배식 동선이나 시간 운영 방식을 좀 더 효율적으로 개선해 주실 수 있을까요. 아이들의 식사 시간이 충분히 보장되었으면 합니다.,급식,보통,급식실
아이가 급식으로 나온 김치찌개에서 비린내가 심하게 났다고 말했습니다. 사용된 식재료의 신선도에 문제가 있었던 것은 아닌지 걱정이 됩니다. 식자재를 검수하는 과정을 한 번 더 꼼꼼히 확인해 주시면 좋겠습니다. 아이들이 안심하고 먹을 수 있는 급식이 되었으면 하는 바람입니다.,급식,보통,급식실
저희 아이는 우유 알레르기가 있어서 매번 우유를 빼달라고 사전에 신청했는데 지난주에만 두 번이나 우유가 그대로 식판에 올라왔습니다.. 다행히 마시지는 않았지만 관리가 제대로 되지 않는 것 같아 매우 불안합니다~~ 알레르기가 있는 학생 명단 관리를 다시 한번 철저히 점검해 주시기 바랍니다. 아이의 안전과 직결된 문제라 꼭 부탁드립니다.^^,급식,높음,급식실
급식실 식탁이 끈적거리고 깨끗하지 않다는 이야기를 아이에게 여러 번 들었습니다. 식사 전후로 위생 관리가 제대로 이루어지고 있는지 궁금합니다. 식탁 소독이나 청소 주기를 한번 점검해 주실 수 있을까요. 아이들이 위생적인 환경에서 편안하게 식사할 수 있도록 부탁드립니다.,급식,보통,급식실
최근 급식에 햄이나 소시지 같은 가공식품이 너무 자주 나오는 것 같습니다. 첨가물이 많이 들어간 음식보다는 자연 식재료 위주의 식단이 아이 건강에 더 좋을 것 같아 말씀드립니다. 식단을 구성하실 때 영양 균형을 한 번 더 고려해 주시면 감사하겠습니다. 학부모들의 의견도 함께 반영해 주시면 좋겠습니다.,급식,높음,급식실
지난 4월 9일 급식에 나온 멸치국물에서 비린 맛이 너무 강해서 아이가 거의 다 남기고 왔다고 합니다. 육수에 사용하는 재료나 조리 방법에 변화를 줄 수 있는지 궁금합니다. 아이들 입맛에 맞는 조리법을 연구해 보시는 것도 필요할 것 같습니다. 참고해 주시면 정말 감사하겠습니다.,급식,낮음,급식실
급식 후 디저트로 나온 과일이 덜 익었거나 상태가 좋지 않았다는 이야기를 여러 차례 들었습니다. 신선한 과일이 제때 공급되고 있는지 확인 부탁드립니다. 아이들이 맛있고 안심하고 먹을 수 있는 상태의 과일이 제공되었으면 합니다. 식자재 품질 관리에 좀 더 신경 써주시기 바랍니다.,급식,보통,급식실
저희 아이 반에서 식중독이 의심되는 증세를 보인 아이가 최근 두 명이나 있었다고 들었습니다. 같은 반 학부모로서 매우 불안한 마음이 큽니다. 정확한 원인 파악과 함께 학부모들에게도 상황을 공지해 주셨으면 합니다. 급식 위생 점검 결과를 알려주시면 한결 안심이 될 것 같습니다.,급식,높음,급식실
급식 시간에 짝꿍 친구가 음식을 던지거나 장난을 쳐서 식사 분위기가 매우 어수선하다고 아이가 말했습니다. 식사 예절에 대한 지도가 좀 더 필요해 보입니다. 안전하고 차분한 분위기에서 식사할 수 있도록 배식 시간 지도를 부탁드립니다. 다른 아이들도 함께 불편함을 느끼고 있는 것 같습니다.,급식,높음,급식실
애가 저번주 화욜에 나온 카레가 너무 맛이 없다구 하네용 ㅠㅠ 거의 다 남겼다고 하던데.. 적어도 애가 먹을 수 있게는 만들어야 하는 거 아닌가 싶네용 ㅠㅠ 애가 자꾸 급식 너무 맛이 없대용 애기 아빠도 이건 아니라고 하는데 선생님께서 특별히 신경써주시면 해용 ㅠㅠ 저희 애기 입에 별로 였다면 다른 친구들도 별로 먹지 않았을텐데 아이공 ㅠㅠ,급식,보통,급식실
아이가 급식 트레이가 깨끗하게 세척되지 않은 채로 나온 적이 있다고 말했습니다. 식판 구석구석에 기름때가 그대로 남아 있는 트레이를 받아 들고 찝찝했다고 합니다. 식기 세척 상태를 다시 한번 점검해 주시기 바랍니다. 앞으로는 위생적인 식기 관리가 꾸준히 잘 이루어졌으면 합니다.,급식,보통,급식실
저희 아이가 땅콩 알레르기가 있는데 영양 표시판에 알레르기 유발 식품 표기가 너무 작거나 잘 안 보이는 곳에 있다고 합니다. 아이가 직접 확인하기 어려운 위치라 늘 불안합니다. 표시판의 위치나 글씨 크기를 좀 더 잘 보이게 개선해 주실 수 있을까요. 알레르기가 있는 아이들의 안전을 위해 꼭 부탁드립니다.,급식,높음,급식실
급식 메뉴 중 생선 요리에서 가시가 제대로 제거되지 않아 아이가 먹다가 목에 걸릴 뻔했다고 합니다. 그 이야기를 듣고 정말 많이 놀랐고 걱정이 됩니다. 생선을 손질하는 과정에서 가시 제거를 좀 더 꼼꼼히 해주시기 바랍니다. 특히 저학년 아이들에게는 더욱 신경 써주셨으면 합니다.,급식,보통,급식실
요즘 들어 급식 잔반이 유난히 많이 남는다는 이야기를 아이를 통해 자주 듣습니다. 아이들이 별로 좋아하지 않는 메뉴가 반복되는 것은 아닌지 궁금합니다. 학생 대상 설문조사를 통해 선호 메뉴를 식단에 반영해 주실 수 있을까요. 정기적인 식단 만족도 조사도 함께 해주시면 좋겠습니다.,급식,보통,급식실
급식실에서 배식해 주시는 조리사 선생님께서 마스크를 제대로 착용하지 않은 모습을 봤다고 아이가 이야기했습니다. 위생 수칙이 잘 지켜지고 있는지 걱정이 됩니다. 조리 종사자분들의 위생 관리 교육을 다시 한번 점검해 주시기 바랍니다. 아이들 건강과 직결된 부분이니 신경 써주시기를 부탁드립니다.,급식,높음,급식실
지난달부터 급식에 나오는 빵이 자주 딱딱하게 굳어 있다는 이야기를 여러 번 들었습니다. 빵을 보관하는 방법이나 납품받는 유통 과정에 문제가 있는 것은 아닌지 궁금합니다. 신선한 상태로 빵이 제공될 수 있도록 점검을 부탁드립니다. 아이들이 부드럽고 맛있게 먹을 수 있었으면 합니다.,급식,보통,급식실
저희 아이 반은 급식 순서가 항상 마지막이라 식사 시간이 너무 짧다고 불만을 이야기합니다. 다른 반과 배식 순서를 번갈아 가며 운영해 주실 수 있는지 궁금합니다. 모든 학년이 공평하게 충분한 식사 시간을 가질 수 있었으면 합니다. 배식 순서 운영 방식을 한번 검토해 주시기 바랍니다.,급식,낮음,급식실
급식 메뉴표와 실제로 나온 음식이 자주 다르다는 이야기를 다른 학부모들에게도 들었습니다. 알레르기가 있는 아이들은 식단표를 보고 미리 대비를 하는데 이런 불일치는 혼란을 일으킬 수 있습니다. 식단표와 실제 메뉴를 일치시켜 주시거나 변경이 생길 경우 사전 안내를 부탁드립니다. 정확한 정보 제공이 무엇보다 중요한 것 같습니다.,급식,높음,급식실
제가 오늘 퇴근하고 오니까 애가 급식에서 나온 요플레를 주더군요. 근데 유통기한이 당장 오늘이네요. 영양사분 제정신입니까? 제가 일만 아니면 당장 따지러 갈 거 간신히 참았습니다. 애들이 이런 유제품 잘못 먹고 탈 나면 선생님께서 보상이라도 해주실건지요 이렇게 애들을 무책임하게 관리하셔도 되는 겁니까? 한번만 더 이런 일이 발생하면 그때는 문자로는 안 끝납니다.,급식,높음,급식실
급식 시간에 배식을 도와주시는 봉사자분께서 아이들에게 다소 짜증 섞인 말투로 대하셨다는 이야기를 들었습니다. 봉사자분들도 아이들에게 좀 더 친절하게 응대해 주셨으면 좋겠습니다. 아이들이 위축되지 않고 편안하게 식사할 수 있는 분위기가 중요한 것 같습니다. 관련해서 안내 부탁드립니다.,급식,보통,급식실
채식을 하는 저희 아이를 위한 대체 메뉴가 거의 제공되지 않아 매일 어려움을 겪고 있습니다. 고기 반찬이 나오는 날에는 밥과 김치만 먹는 경우가 대부분이라고 합니다. 채식을 하는 학생을 위한 대체식 제공이 가능한지 문의드립니다. 다양한 식습관을 가진 아이들을 배려해 주시면 정말 감사하겠습니다.,급식,낮음,급식실
급식 후 양치하는 시간이 너무 짧아서 아이들이 제대로 양치를 마치지 못하고 교실로 들어간다고 합니다. 충치 예방을 위해서도 양치 시간이 충분히 확보되었으면 좋겠습니다. 점심시간 운영 방식을 조금 조정해 주실 수 있을까요. 아이들의 구강 건강도 함께 신경 써주시기 바랍니다.,급식,높음,급식실
저번에 우리 애기가 잡곡밥 먹기 싫어한다고 말씀 드렸죠. 애가 잡곡밥이 나오면 밥을 아예 안 먹는다고. 근데 이게 뭔가요? 오늘 식단에 잡곡밥이 나왔다네요? 전 분명 저번에 경고 드렸습니다. 선생님이 보시기엔 이게 정상으로 보이는지요 저 교육청 갈 준비하겠습니다. 이거 아동학대로 충분히 고소 가능한 거 아시죠? 전 분명 경고 했습니다.,급식,높음,급식실
저희 아이가 학교에서 나오는 우유를 마시고 나면 배가 아팠다는 이야기를 최근 들어 자주 합니다. 혹시 유당불내증이 있는 아이들을 위한 대체 음료 제공이 가능한지 궁금합니다. 모든 아이가 똑같은 메뉴를 먹기 어려운 경우도 있다는 점을 함께 고려해 주시면 좋겠습니다. 검토 부탁드립니다.,급식,낮음,급식실
급식실 바닥에 물기가 많아 미끄러워서 배식을 받던 아이가 넘어질 뻔했다는 이야기를 들었습니다. 물기 관리나 미끄럼 방지 매트 설치가 필요해 보입니다. 안전사고로 이어지기 전에 미리 점검해 주시기 바랍니다. 아이들이 안전하게 이동할 수 있는 급식 환경이 되었으면 합니다.,급식,높음,급식실
최근 급식 메뉴에 동일한 국 종류가 일주일에 두세 번씩 반복해서 나오는 것 같습니다. 식단의 다양성이 다소 부족한 것은 아닌지 궁금합니다. 영양사 선생님께서 메뉴를 구성하실 때 다양성도 함께 고려해 주시면 감사하겠습니다. 아이들이 급식 시간을 좀 더 즐겁게 느꼈으면 합니다.,급식,보통,급식실
급식소에서 조리할 때 사용하는 식용유에서 평소와는 다른 냄새가 났다는 이야기를 아이에게 전해 들었습니다. 식용유 교체 주기나 보관 상태가 걱정스럽습니다. 식자재 관리 상태를 한번 꼼꼼히 점검해 주시면 좋겠습니다. 작은 변화라도 아이들은 의외로 민감하게 느끼는 것 같습니다.,급식,보통,급식실
아이가 급식 시간에 좋아하지 않는 반찬을 강제로 한 숟갈씩 먹게 하는 규칙이 너무 부담스럽다고 말했습니다. 골고루 먹는 습관을 들이려는 취지는 충분히 이해하지만 아이마다 적응 속도가 다를 수 있을 것 같습니다. 조금 더 유연한 지도 방식을 고려해 주시면 좋겠습니다. 아이가 급식 시간을 즐겁게 느꼈으면 합니다.,급식,보통,급식실
지난주 금요일 급식에 나온 된장찌개에 두부가 거의 없고 건더기가 부실했다는 이야기를 아이에게 들었습니다. 식자재 비용 절감 때문에 양이 줄어든 것은 아닌지 걱정스러운 마음이 듭니다. 영양 기준에 맞는 적정한 식재료가 사용되고 있는지 확인 부탁드립니다. 아이들이 영양가 있는 식사를 할 수 있도록 신경 써주시기 바랍니다.,급식,보통,급식실
급식 온도와 관련해 학생이 식사 과정에서 불편함을 느꼈다고 말했습니다. 급식 운영 기준과 확인 결과를 안내해 주시기 바랍니다,급식,보통,급식실
급식 온도와 관련해 학생이 식사 과정에서 불편함을 느꼈다고 말했습니다. 학생들이 안심하고 식사할 수 있도록 점검을 부탁드립니다,급식,보통,급식실
급식 온도와 관련해 학생이 식사 과정에서 불편함을 느꼈다고 말했습니다. 필요한 경우 가정에도 관련 내용을 공유해 주시면 좋겠습니다,급식,보통,급식실
급식 온도와 관련해 학생이 식사 과정에서 불편함을 느꼈다고 말했습니다. 재발 방지를 위한 관리 방안을 검토해 주시기 바랍니다,급식,보통,급식실
급식 온도와 관련해 가정에서 확인하기에 안내가 조금 더 필요해 보입니다. 급식 운영 기준과 확인 결과를 안내해 주시기 바랍니다,급식,낮음,급식실
급식 온도와 관련해 가정에서 확인하기에 안내가 조금 더 필요해 보입니다. 학생들이 안심하고 식사할 수 있도록 점검을 부탁드립니다,급식,보통,급식실
급식 온도와 관련해 가정에서 확인하기에 안내가 조금 더 필요해 보입니다. 필요한 경우 가정에도 관련 내용을 공유해 주시면 좋겠습니다,급식,낮음,급식실
급식 온도와 관련해 가정에서 확인하기에 안내가 조금 더 필요해 보입니다. 재발 방지를 위한 관리 방안을 검토해 주시기 바랍니다,급식,낮음,급식실
급식 온도와 관련해 학생 건강과 관련될 수 있어 확인을 요청드립니다. 급식 운영 기준과 확인 결과를 안내해 주시기 바랍니다,급식,높음,급식실
급식 온도와 관련해 학생 건강과 관련될 수 있어 확인을 요청드립니다. 학생들이 안심하고 식사할 수 있도록 점검을 부탁드립니다,급식,높음,급식실
급식 온도와 관련해 학생 건강과 관련될 수 있어 확인을 요청드립니다. 필요한 경우 가정에도 관련 내용을 공유해 주시면 좋겠습니다,급식,높음,급식실
급식 온도와 관련해 학생 건강과 관련될 수 있어 확인을 요청드립니다. 재발 방지를 위한 관리 방안을 검토해 주시기 바랍니다,급식,높음,급식실
급식 온도와 관련해 제공 방식에 대해 궁금한 부분이 있습니다. 급식 운영 기준과 확인 결과를 안내해 주시기 바랍니다,급식,낮음,급식실
급식 온도와 관련해 제공 방식에 대해 궁금한 부분이 있습니다. 학생들이 안심하고 식사할 수 있도록 점검을 부탁드립니다,급식,보통,급식실
급식 온도와 관련해 제공 방식에 대해 궁금한 부분이 있습니다. 필요한 경우 가정에도 관련 내용을 공유해 주시면 좋겠습니다,급식,낮음,급식실
급식 온도와 관련해 제공 방식에 대해 궁금한 부분이 있습니다. 재발 방지를 위한 관리 방안을 검토해 주시기 바랍니다,급식,낮음,급식실
급식 온도와 관련해 여러 학생에게 영향을 줄 수 있는 사안으로 보입니다. 급식 운영 기준과 확인 결과를 안내해 주시기 바랍니다,급식,낮음,급식실
급식 온도와 관련해 여러 학생에게 영향을 줄 수 있는 사안으로 보입니다. 학생들이 안심하고 식사할 수 있도록 점검을 부탁드립니다,급식,보통,급식실
급식 온도와 관련해 여러 학생에게 영향을 줄 수 있는 사안으로 보입니다. 필요한 경우 가정에도 관련 내용을 공유해 주시면 좋겠습니다,급식,보통,급식실
급식 온도와 관련해 여러 학생에게 영향을 줄 수 있는 사안으로 보입니다. 재발 방지를 위한 관리 방안을 검토해 주시기 바랍니다,급식,보통,급식실
급식 온도와 관련해 최근 반복적으로 비슷한 이야기가 들리고 있습니다. 급식 운영 기준과 확인 결과를 안내해 주시기 바랍니다,급식,보통,급식실
급식 온도와 관련해 최근 반복적으로 비슷한 이야기가 들리고 있습니다. 학생들이 안심하고 식사할 수 있도록 점검을 부탁드립니다,급식,보통,급식실
급식 온도와 관련해 최근 반복적으로 비슷한 이야기가 들리고 있습니다. 필요한 경우 가정에도 관련 내용을 공유해 주시면 좋겠습니다,급식,보통,급식실
급식 온도와 관련해 최근 반복적으로 비슷한 이야기가 들리고 있습니다. 재발 방지를 위한 관리 방안을 검토해 주시기 바랍니다,급식,보통,급식실
식단 안내와 관련해 학생이 식사 과정에서 불편함을 느꼈다고 말했습니다. 급식 운영 기준과 확인 결과를 안내해 주시기 바랍니다,급식,보통,급식실
식단 안내와 관련해 학생이 식사 과정에서 불편함을 느꼈다고 말했습니다. 학생들이 안심하고 식사할 수 있도록 점검을 부탁드립니다,급식,보통,급식실
식단 안내와 관련해 학생이 식사 과정에서 불편함을 느꼈다고 말했습니다. 필요한 경우 가정에도 관련 내용을 공유해 주시면 좋겠습니다,급식,보통,급식실
식단 안내와 관련해 학생이 식사 과정에서 불편함을 느꼈다고 말했습니다. 재발 방지를 위한 관리 방안을 검토해 주시기 바랍니다,급식,보통,급식실
식단 안내와 관련해 가정에서 확인하기에 안내가 조금 더 필요해 보입니다. 급식 운영 기준과 확인 결과를 안내해 주시기 바랍니다,급식,낮음,급식실
식단 안내와 관련해 가정에서 확인하기에 안내가 조금 더 필요해 보입니다. 학생들이 안심하고 식사할 수 있도록 점검을 부탁드립니다,급식,보통,급식실
식단 안내와 관련해 가정에서 확인하기에 안내가 조금 더 필요해 보입니다. 필요한 경우 가정에도 관련 내용을 공유해 주시면 좋겠습니다,급식,낮음,급식실
식단 안내와 관련해 가정에서 확인하기에 안내가 조금 더 필요해 보입니다. 재발 방지를 위한 관리 방안을 검토해 주시기 바랍니다,급식,낮음,급식실
식단 안내와 관련해 학생 건강과 관련될 수 있어 확인을 요청드립니다. 급식 운영 기준과 확인 결과를 안내해 주시기 바랍니다,급식,높음,급식실
식단 안내와 관련해 학생 건강과 관련될 수 있어 확인을 요청드립니다. 학생들이 안심하고 식사할 수 있도록 점검을 부탁드립니다,급식,높음,급식실
식단 안내와 관련해 학생 건강과 관련될 수 있어 확인을 요청드립니다. 필요한 경우 가정에도 관련 내용을 공유해 주시면 좋겠습니다,급식,높음,급식실
식단 안내와 관련해 학생 건강과 관련될 수 있어 확인을 요청드립니다. 재발 방지를 위한 관리 방안을 검토해 주시기 바랍니다,급식,높음,급식실
식단 안내와 관련해 제공 방식에 대해 궁금한 부분이 있습니다. 급식 운영 기준과 확인 결과를 안내해 주시기 바랍니다,급식,낮음,급식실
식단 안내와 관련해 제공 방식에 대해 궁금한 부분이 있습니다. 학생들이 안심하고 식사할 수 있도록 점검을 부탁드립니다,급식,보통,급식실
식단 안내와 관련해 제공 방식에 대해 궁금한 부분이 있습니다. 필요한 경우 가정에도 관련 내용을 공유해 주시면 좋겠습니다,급식,낮음,급식실
식단 안내와 관련해 제공 방식에 대해 궁금한 부분이 있습니다. 재발 방지를 위한 관리 방안을 검토해 주시기 바랍니다,급식,낮음,급식실
식단 안내와 관련해 여러 학생에게 영향을 줄 수 있는 사안으로 보입니다. 급식 운영 기준과 확인 결과를 안내해 주시기 바랍니다,급식,낮음,급식실
식단 안내와 관련해 여러 학생에게 영향을 줄 수 있는 사안으로 보입니다. 학생들이 안심하고 식사할 수 있도록 점검을 부탁드립니다,급식,보통,급식실
식단 안내와 관련해 여러 학생에게 영향을 줄 수 있는 사안으로 보입니다. 필요한 경우 가정에도 관련 내용을 공유해 주시면 좋겠습니다,급식,낮음,급식실
식단 안내와 관련해 여러 학생에게 영향을 줄 수 있는 사안으로 보입니다. 재발 방지를 위한 관리 방안을 검토해 주시기 바랍니다,급식,낮음,급식실
식단 안내와 관련해 최근 반복적으로 비슷한 이야기가 들리고 있습니다. 급식 운영 기준과 확인 결과를 안내해 주시기 바랍니다,급식,보통,급식실
식단 안내와 관련해 최근 반복적으로 비슷한 이야기가 들리고 있습니다. 학생들이 안심하고 식사할 수 있도록 점검을 부탁드립니다,급식,보통,급식실
식단 안내와 관련해 최근 반복적으로 비슷한 이야기가 들리고 있습니다. 필요한 경우 가정에도 관련 내용을 공유해 주시면 좋겠습니다,급식,보통,급식실
식단 안내와 관련해 최근 반복적으로 비슷한 이야기가 들리고 있습니다. 재발 방지를 위한 관리 방안을 검토해 주시기 바랍니다,급식,보통,급식실
알레르기 표시와 관련해 학생이 식사 과정에서 불편함을 느꼈다고 말했습니다. 급식 운영 기준과 확인 결과를 안내해 주시기 바랍니다,급식,높음,급식실
알레르기 표시와 관련해 학생이 식사 과정에서 불편함을 느꼈다고 말했습니다. 학생들이 안심하고 식사할 수 있도록 점검을 부탁드립니다,급식,높음,급식실
알레르기 표시와 관련해 학생이 식사 과정에서 불편함을 느꼈다고 말했습니다. 필요한 경우 가정에도 관련 내용을 공유해 주시면 좋겠습니다,급식,높음,급식실
알레르기 표시와 관련해 학생이 식사 과정에서 불편함을 느꼈다고 말했습니다. 재발 방지를 위한 관리 방안을 검토해 주시기 바랍니다,급식,높음,급식실
알레르기 표시와 관련해 가정에서 확인하기에 안내가 조금 더 필요해 보입니다. 급식 운영 기준과 확인 결과를 안내해 주시기 바랍니다,급식,높음,급식실
알레르기 표시와 관련해 가정에서 확인하기에 안내가 조금 더 필요해 보입니다. 학생들이 안심하고 식사할 수 있도록 점검을 부탁드립니다,급식,높음,급식실
알레르기 표시와 관련해 가정에서 확인하기에 안내가 조금 더 필요해 보입니다. 필요한 경우 가정에도 관련 내용을 공유해 주시면 좋겠습니다,급식,높음,급식실
알레르기 표시와 관련해 가정에서 확인하기에 안내가 조금 더 필요해 보입니다. 재발 방지를 위한 관리 방안을 검토해 주시기 바랍니다,급식,높음,급식실
알레르기 표시와 관련해 학생 건강과 관련될 수 있어 확인을 요청드립니다. 급식 운영 기준과 확인 결과를 안내해 주시기 바랍니다,급식,높음,급식실
알레르기 표시와 관련해 학생 건강과 관련될 수 있어 확인을 요청드립니다. 학생들이 안심하고 식사할 수 있도록 점검을 부탁드립니다,급식,높음,급식실
알레르기 표시와 관련해 학생 건강과 관련될 수 있어 확인을 요청드립니다. 필요한 경우 가정에도 관련 내용을 공유해 주시면 좋겠습니다,급식,높음,급식실
알레르기 표시와 관련해 학생 건강과 관련될 수 있어 확인을 요청드립니다. 재발 방지를 위한 관리 방안을 검토해 주시기 바랍니다,급식,높음,급식실
알레르기 표시와 관련해 제공 방식에 대해 궁금한 부분이 있습니다. 급식 운영 기준과 확인 결과를 안내해 주시기 바랍니다,급식,높음,급식실
알레르기 표시와 관련해 제공 방식에 대해 궁금한 부분이 있습니다. 학생들이 안심하고 식사할 수 있도록 점검을 부탁드립니다,급식,높음,급식실
알레르기 표시와 관련해 제공 방식에 대해 궁금한 부분이 있습니다. 필요한 경우 가정에도 관련 내용을 공유해 주시면 좋겠습니다,급식,높음,급식실
알레르기 표시와 관련해 제공 방식에 대해 궁금한 부분이 있습니다. 재발 방지를 위한 관리 방안을 검토해 주시기 바랍니다,급식,높음,급식실
알레르기 표시와 관련해 여러 학생에게 영향을 줄 수 있는 사안으로 보입니다. 급식 운영 기준과 확인 결과를 안내해 주시기 바랍니다,급식,높음,급식실
알레르기 표시와 관련해 여러 학생에게 영향을 줄 수 있는 사안으로 보입니다. 학생들이 안심하고 식사할 수 있도록 점검을 부탁드립니다,급식,높음,급식실
알레르기 표시와 관련해 여러 학생에게 영향을 줄 수 있는 사안으로 보입니다. 필요한 경우 가정에도 관련 내용을 공유해 주시면 좋겠습니다,급식,높음,급식실
알레르기 표시와 관련해 여러 학생에게 영향을 줄 수 있는 사안으로 보입니다. 재발 방지를 위한 관리 방안을 검토해 주시기 바랍니다,급식,높음,급식실
알레르기 표시와 관련해 최근 반복적으로 비슷한 이야기가 들리고 있습니다. 급식 운영 기준과 확인 결과를 안내해 주시기 바랍니다,급식,높음,급식실
알레르기 표시와 관련해 최근 반복적으로 비슷한 이야기가 들리고 있습니다. 학생들이 안심하고 식사할 수 있도록 점검을 부탁드립니다,급식,높음,급식실
알레르기 표시와 관련해 최근 반복적으로 비슷한 이야기가 들리고 있습니다. 필요한 경우 가정에도 관련 내용을 공유해 주시면 좋겠습니다,급식,높음,급식실
알레르기 표시와 관련해 최근 반복적으로 비슷한 이야기가 들리고 있습니다. 재발 방지를 위한 관리 방안을 검토해 주시기 바랍니다,급식,높음,급식실
배식 과정와 관련해 학생이 식사 과정에서 불편함을 느꼈다고 말했습니다. 급식 운영 기준과 확인 결과를 안내해 주시기 바랍니다,급식,보통,급식실
배식 과정와 관련해 학생이 식사 과정에서 불편함을 느꼈다고 말했습니다. 학생들이 안심하고 식사할 수 있도록 점검을 부탁드립니다,급식,보통,급식실
배식 과정와 관련해 학생이 식사 과정에서 불편함을 느꼈다고 말했습니다. 필요한 경우 가정에도 관련 내용을 공유해 주시면 좋겠습니다,급식,보통,급식실
배식 과정와 관련해 학생이 식사 과정에서 불편함을 느꼈다고 말했습니다. 재발 방지를 위한 관리 방안을 검토해 주시기 바랍니다,급식,보통,급식실
배식 과정와 관련해 가정에서 확인하기에 안내가 조금 더 필요해 보입니다. 급식 운영 기준과 확인 결과를 안내해 주시기 바랍니다,급식,낮음,급식실
배식 과정와 관련해 가정에서 확인하기에 안내가 조금 더 필요해 보입니다. 학생들이 안심하고 식사할 수 있도록 점검을 부탁드립니다,급식,보통,급식실
배식 과정와 관련해 가정에서 확인하기에 안내가 조금 더 필요해 보입니다. 필요한 경우 가정에도 관련 내용을 공유해 주시면 좋겠습니다,급식,낮음,급식실
배식 과정와 관련해 가정에서 확인하기에 안내가 조금 더 필요해 보입니다. 재발 방지를 위한 관리 방안을 검토해 주시기 바랍니다,급식,낮음,급식실
배식 과정와 관련해 학생 건강과 관련될 수 있어 확인을 요청드립니다. 급식 운영 기준과 확인 결과를 안내해 주시기 바랍니다,급식,높음,급식실
배식 과정와 관련해 학생 건강과 관련될 수 있어 확인을 요청드립니다. 학생들이 안심하고 식사할 수 있도록 점검을 부탁드립니다,급식,높음,급식실
배식 과정와 관련해 학생 건강과 관련될 수 있어 확인을 요청드립니다. 필요한 경우 가정에도 관련 내용을 공유해 주시면 좋겠습니다,급식,높음,급식실
배식 과정와 관련해 학생 건강과 관련될 수 있어 확인을 요청드립니다. 재발 방지를 위한 관리 방안을 검토해 주시기 바랍니다,급식,높음,급식실
배식 과정와 관련해 제공 방식에 대해 궁금한 부분이 있습니다. 급식 운영 기준과 확인 결과를 안내해 주시기 바랍니다,급식,낮음,급식실
배식 과정와 관련해 제공 방식에 대해 궁금한 부분이 있습니다. 학생들이 안심하고 식사할 수 있도록 점검을 부탁드립니다,급식,보통,급식실
배식 과정와 관련해 제공 방식에 대해 궁금한 부분이 있습니다. 필요한 경우 가정에도 관련 내용을 공유해 주시면 좋겠습니다,급식,낮음,급식실
배식 과정와 관련해 제공 방식에 대해 궁금한 부분이 있습니다. 재발 방지를 위한 관리 방안을 검토해 주시기 바랍니다,급식,낮음,급식실
배식 과정와 관련해 여러 학생에게 영향을 줄 수 있는 사안으로 보입니다. 급식 운영 기준과 확인 결과를 안내해 주시기 바랍니다,급식,낮음,급식실
배식 과정와 관련해 여러 학생에게 영향을 줄 수 있는 사안으로 보입니다. 학생들이 안심하고 식사할 수 있도록 점검을 부탁드립니다,급식,보통,급식실
배식 과정와 관련해 여러 학생에게 영향을 줄 수 있는 사안으로 보입니다. 필요한 경우 가정에도 관련 내용을 공유해 주시면 좋겠습니다,급식,보통,급식실
배식 과정와 관련해 여러 학생에게 영향을 줄 수 있는 사안으로 보입니다. 재발 방지를 위한 관리 방안을 검토해 주시기 바랍니다,급식,보통,급식실
배식 과정와 관련해 최근 반복적으로 비슷한 이야기가 들리고 있습니다. 급식 운영 기준과 확인 결과를 안내해 주시기 바랍니다,급식,보통,급식실
배식 과정와 관련해 최근 반복적으로 비슷한 이야기가 들리고 있습니다. 학생들이 안심하고 식사할 수 있도록 점검을 부탁드립니다,급식,보통,급식실
배식 과정와 관련해 최근 반복적으로 비슷한 이야기가 들리고 있습니다. 필요한 경우 가정에도 관련 내용을 공유해 주시면 좋겠습니다,급식,보통,급식실
배식 과정와 관련해 최근 반복적으로 비슷한 이야기가 들리고 있습니다. 재발 방지를 위한 관리 방안을 검토해 주시기 바랍니다,급식,보통,급식실
음식 위생와 관련해 학생이 식사 과정에서 불편함을 느꼈다고 말했습니다. 급식 운영 기준과 확인 결과를 안내해 주시기 바랍니다,급식,보통,급식실
음식 위생와 관련해 학생이 식사 과정에서 불편함을 느꼈다고 말했습니다. 학생들이 안심하고 식사할 수 있도록 점검을 부탁드립니다,급식,보통,급식실
음식 위생와 관련해 학생이 식사 과정에서 불편함을 느꼈다고 말했습니다. 필요한 경우 가정에도 관련 내용을 공유해 주시면 좋겠습니다,급식,보통,급식실
음식 위생와 관련해 학생이 식사 과정에서 불편함을 느꼈다고 말했습니다. 재발 방지를 위한 관리 방안을 검토해 주시기 바랍니다,급식,보통,급식실
음식 위생와 관련해 가정에서 확인하기에 안내가 조금 더 필요해 보입니다. 급식 운영 기준과 확인 결과를 안내해 주시기 바랍니다,급식,낮음,급식실
음식 위생와 관련해 가정에서 확인하기에 안내가 조금 더 필요해 보입니다. 학생들이 안심하고 식사할 수 있도록 점검을 부탁드립니다,급식,보통,급식실
음식 위생와 관련해 가정에서 확인하기에 안내가 조금 더 필요해 보입니다. 필요한 경우 가정에도 관련 내용을 공유해 주시면 좋겠습니다,급식,낮음,급식실
음식 위생와 관련해 가정에서 확인하기에 안내가 조금 더 필요해 보입니다. 재발 방지를 위한 관리 방안을 검토해 주시기 바랍니다,급식,낮음,급식실
음식 위생와 관련해 학생 건강과 관련될 수 있어 확인을 요청드립니다. 급식 운영 기준과 확인 결과를 안내해 주시기 바랍니다,급식,높음,급식실
음식 위생와 관련해 학생 건강과 관련될 수 있어 확인을 요청드립니다. 학생들이 안심하고 식사할 수 있도록 점검을 부탁드립니다,급식,높음,급식실
음식 위생와 관련해 학생 건강과 관련될 수 있어 확인을 요청드립니다. 필요한 경우 가정에도 관련 내용을 공유해 주시면 좋겠습니다,급식,높음,급식실
음식 위생와 관련해 학생 건강과 관련될 수 있어 확인을 요청드립니다. 재발 방지를 위한 관리 방안을 검토해 주시기 바랍니다,급식,높음,급식실
음식 위생와 관련해 제공 방식에 대해 궁금한 부분이 있습니다. 급식 운영 기준과 확인 결과를 안내해 주시기 바랍니다,급식,낮음,급식실
음식 위생와 관련해 제공 방식에 대해 궁금한 부분이 있습니다. 학생들이 안심하고 식사할 수 있도록 점검을 부탁드립니다,급식,보통,급식실
음식 위생와 관련해 제공 방식에 대해 궁금한 부분이 있습니다. 필요한 경우 가정에도 관련 내용을 공유해 주시면 좋겠습니다,급식,낮음,급식실
음식 위생와 관련해 제공 방식에 대해 궁금한 부분이 있습니다. 재발 방지를 위한 관리 방안을 검토해 주시기 바랍니다,급식,낮음,급식실
음식 위생와 관련해 여러 학생에게 영향을 줄 수 있는 사안으로 보입니다. 급식 운영 기준과 확인 결과를 안내해 주시기 바랍니다,급식,낮음,급식실
음식 위생와 관련해 여러 학생에게 영향을 줄 수 있는 사안으로 보입니다. 학생들이 안심하고 식사할 수 있도록 점검을 부탁드립니다,급식,보통,급식실
음식 위생와 관련해 여러 학생에게 영향을 줄 수 있는 사안으로 보입니다. 필요한 경우 가정에도 관련 내용을 공유해 주시면 좋겠습니다,급식,보통,급식실
음식 위생와 관련해 여러 학생에게 영향을 줄 수 있는 사안으로 보입니다. 재발 방지를 위한 관리 방안을 검토해 주시기 바랍니다,급식,보통,급식실
음식 위생와 관련해 최근 반복적으로 비슷한 이야기가 들리고 있습니다. 급식 운영 기준과 확인 결과를 안내해 주시기 바랍니다,급식,보통,급식실
음식 위생와 관련해 최근 반복적으로 비슷한 이야기가 들리고 있습니다. 학생들이 안심하고 식사할 수 있도록 점검을 부탁드립니다,급식,보통,급식실
음식 위생와 관련해 최근 반복적으로 비슷한 이야기가 들리고 있습니다. 필요한 경우 가정에도 관련 내용을 공유해 주시면 좋겠습니다,급식,보통,급식실
음식 위생와 관련해 최근 반복적으로 비슷한 이야기가 들리고 있습니다. 재발 방지를 위한 관리 방안을 검토해 주시기 바랍니다,급식,보통,급식실
반찬 구성와 관련해 학생이 식사 과정에서 불편함을 느꼈다고 말했습니다. 급식 운영 기준과 확인 결과를 안내해 주시기 바랍니다,급식,보통,급식실
반찬 구성와 관련해 학생이 식사 과정에서 불편함을 느꼈다고 말했습니다. 학생들이 안심하고 식사할 수 있도록 점검을 부탁드립니다,급식,보통,급식실
반찬 구성와 관련해 학생이 식사 과정에서 불편함을 느꼈다고 말했습니다. 필요한 경우 가정에도 관련 내용을 공유해 주시면 좋겠습니다,급식,보통,급식실
반찬 구성와 관련해 학생이 식사 과정에서 불편함을 느꼈다고 말했습니다. 재발 방지를 위한 관리 방안을 검토해 주시기 바랍니다,급식,보통,급식실
반찬 구성와 관련해 가정에서 확인하기에 안내가 조금 더 필요해 보입니다. 급식 운영 기준과 확인 결과를 안내해 주시기 바랍니다,급식,낮음,급식실
반찬 구성와 관련해 가정에서 확인하기에 안내가 조금 더 필요해 보입니다. 학생들이 안심하고 식사할 수 있도록 점검을 부탁드립니다,급식,보통,급식실
반찬 구성와 관련해 가정에서 확인하기에 안내가 조금 더 필요해 보입니다. 필요한 경우 가정에도 관련 내용을 공유해 주시면 좋겠습니다,급식,낮음,급식실
반찬 구성와 관련해 가정에서 확인하기에 안내가 조금 더 필요해 보입니다. 재발 방지를 위한 관리 방안을 검토해 주시기 바랍니다,급식,낮음,급식실
반찬 구성와 관련해 학생 건강과 관련될 수 있어 확인을 요청드립니다. 급식 운영 기준과 확인 결과를 안내해 주시기 바랍니다,급식,높음,급식실
반찬 구성와 관련해 학생 건강과 관련될 수 있어 확인을 요청드립니다. 학생들이 안심하고 식사할 수 있도록 점검을 부탁드립니다,급식,높음,급식실
반찬 구성와 관련해 학생 건강과 관련될 수 있어 확인을 요청드립니다. 필요한 경우 가정에도 관련 내용을 공유해 주시면 좋겠습니다,급식,높음,급식실
반찬 구성와 관련해 학생 건강과 관련될 수 있어 확인을 요청드립니다. 재발 방지를 위한 관리 방안을 검토해 주시기 바랍니다,급식,높음,급식실
반찬 구성와 관련해 제공 방식에 대해 궁금한 부분이 있습니다. 급식 운영 기준과 확인 결과를 안내해 주시기 바랍니다,급식,낮음,급식실
반찬 구성와 관련해 제공 방식에 대해 궁금한 부분이 있습니다. 학생들이 안심하고 식사할 수 있도록 점검을 부탁드립니다,급식,보통,급식실
반찬 구성와 관련해 제공 방식에 대해 궁금한 부분이 있습니다. 필요한 경우 가정에도 관련 내용을 공유해 주시면 좋겠습니다,급식,낮음,급식실
반찬 구성와 관련해 제공 방식에 대해 궁금한 부분이 있습니다. 재발 방지를 위한 관리 방안을 검토해 주시기 바랍니다,급식,낮음,급식실
반찬 구성와 관련해 여러 학생에게 영향을 줄 수 있는 사안으로 보입니다. 급식 운영 기준과 확인 결과를 안내해 주시기 바랍니다,급식,낮음,급식실
반찬 구성와 관련해 여러 학생에게 영향을 줄 수 있는 사안으로 보입니다. 학생들이 안심하고 식사할 수 있도록 점검을 부탁드립니다,급식,보통,급식실
반찬 구성와 관련해 여러 학생에게 영향을 줄 수 있는 사안으로 보입니다. 필요한 경우 가정에도 관련 내용을 공유해 주시면 좋겠습니다,급식,보통,급식실
반찬 구성와 관련해 여러 학생에게 영향을 줄 수 있는 사안으로 보입니다. 재발 방지를 위한 관리 방안을 검토해 주시기 바랍니다,급식,보통,급식실
반찬 구성와 관련해 최근 반복적으로 비슷한 이야기가 들리고 있습니다. 급식 운영 기준과 확인 결과를 안내해 주시기 바랍니다,급식,보통,급식실
반찬 구성와 관련해 최근 반복적으로 비슷한 이야기가 들리고 있습니다. 학생들이 안심하고 식사할 수 있도록 점검을 부탁드립니다,급식,보통,급식실
반찬 구성와 관련해 최근 반복적으로 비슷한 이야기가 들리고 있습니다. 필요한 경우 가정에도 관련 내용을 공유해 주시면 좋겠습니다,급식,보통,급식실
반찬 구성와 관련해 최근 반복적으로 비슷한 이야기가 들리고 있습니다. 재발 방지를 위한 관리 방안을 검토해 주시기 바랍니다,급식,보통,급식실
우유 제공와 관련해 학생이 식사 과정에서 불편함을 느꼈다고 말했습니다. 급식 운영 기준과 확인 결과를 안내해 주시기 바랍니다,급식,보통,급식실
우유 제공와 관련해 학생이 식사 과정에서 불편함을 느꼈다고 말했습니다. 학생들이 안심하고 식사할 수 있도록 점검을 부탁드립니다,급식,보통,급식실
우유 제공와 관련해 학생이 식사 과정에서 불편함을 느꼈다고 말했습니다. 필요한 경우 가정에도 관련 내용을 공유해 주시면 좋겠습니다,급식,보통,급식실
우유 제공와 관련해 학생이 식사 과정에서 불편함을 느꼈다고 말했습니다. 재발 방지를 위한 관리 방안을 검토해 주시기 바랍니다,급식,보통,급식실
우유 제공와 관련해 가정에서 확인하기에 안내가 조금 더 필요해 보입니다. 급식 운영 기준과 확인 결과를 안내해 주시기 바랍니다,급식,낮음,급식실
우유 제공와 관련해 가정에서 확인하기에 안내가 조금 더 필요해 보입니다. 학생들이 안심하고 식사할 수 있도록 점검을 부탁드립니다,급식,보통,급식실
우유 제공와 관련해 가정에서 확인하기에 안내가 조금 더 필요해 보입니다. 필요한 경우 가정에도 관련 내용을 공유해 주시면 좋겠습니다,급식,낮음,급식실
우유 제공와 관련해 가정에서 확인하기에 안내가 조금 더 필요해 보입니다. 재발 방지를 위한 관리 방안을 검토해 주시기 바랍니다,급식,낮음,급식실
우유 제공와 관련해 학생 건강과 관련될 수 있어 확인을 요청드립니다. 급식 운영 기준과 확인 결과를 안내해 주시기 바랍니다,급식,높음,급식실
우유 제공와 관련해 학생 건강과 관련될 수 있어 확인을 요청드립니다. 학생들이 안심하고 식사할 수 있도록 점검을 부탁드립니다,급식,높음,급식실
우유 제공와 관련해 학생 건강과 관련될 수 있어 확인을 요청드립니다. 필요한 경우 가정에도 관련 내용을 공유해 주시면 좋겠습니다,급식,높음,급식실
우유 제공와 관련해 학생 건강과 관련될 수 있어 확인을 요청드립니다. 재발 방지를 위한 관리 방안을 검토해 주시기 바랍니다,급식,높음,급식실
우유 제공와 관련해 제공 방식에 대해 궁금한 부분이 있습니다. 급식 운영 기준과 확인 결과를 안내해 주시기 바랍니다,급식,낮음,급식실
우유 제공와 관련해 제공 방식에 대해 궁금한 부분이 있습니다. 학생들이 안심하고 식사할 수 있도록 점검을 부탁드립니다,급식,보통,급식실
우유 제공와 관련해 제공 방식에 대해 궁금한 부분이 있습니다. 필요한 경우 가정에도 관련 내용을 공유해 주시면 좋겠습니다,급식,낮음,급식실
우유 제공와 관련해 제공 방식에 대해 궁금한 부분이 있습니다. 재발 방지를 위한 관리 방안을 검토해 주시기 바랍니다,급식,낮음,급식실
지난주 화요일 3교시 체육 시간이 끝난 직후 운동장에서 같은 반 친구와 부딪혀 아이가 손목을 다쳤습니다. 보건실에서 응급처치는 받았지만 병원 진료가 필요해 보여 걱정이 큽니다. 사고 당시 정확한 상황과 안전 지도가 어떻게 이루어졌는지 자세한 설명 부탁드립니다. 재발 방지 대책도 함께 안내해 주시면 감사하겠습니다.,생활지도/안전,높음,생활안전부
최근 한 달 동안 같은 반 친구 몇 명이 저희 아이를 은근히 따돌리고 있다는 사실을 뒤늦게 알게 되었습니다. 단체 채팅방에서도 아이만 빼고 따로 대화를 나눈다고 합니다. 아이가 학교 가는 것을 점점 꺼리고 있어서 마음이 무겁습니다. 학교 차원에서 조속히 상황을 파악하고 조치해 주시기 바랍니다.,생활지도/안전,보통,생활안전부
하교 시간대 교문 앞 횡단보도에 신호를 위반하는 차량이 많아 아이들이 위험하다는 이야기를 여러 학부모에게 들었습니다. 등하교 시간대에 교통 지도 인력 배치가 시급해 보입니다. 큰 안전사고가 발생하기 전에 미리 대책을 마련해 주시기 바랍니다. 학부모 모니터링단 운영도 함께 고려해 주시면 좋겠습니다.,생활지도/안전,높음,생활안전부
지난주 화요일 쉬는 시간에 복도에서 뛰어다니던 학생과 부딪혀 저희 아이가 코피가 났다고 합니다. 복도에서 뛰지 않도록 하는 지도가 평소보다 더 필요해 보입니다. 다행히 큰 부상은 아니었지만 자칫 잘못하면 큰 사고로 이어질 수 있었습니다. 복도 안전 교육을 다시 한번 강화해 주시기 바랍니다.,생활지도/안전,높음,생활안전부
같은 반 남학생이 저희 딸의 외모를 두고 지속적으로 놀린다는 이야기를 최근에 듣게 되었습니다. 그 일로 스트레스를 받아서인지 아이의 말수가 눈에 띄게 줄었습니다. 학교폭력으로 번지기 전에 담임 선생님께서 빠르게 개입해 주셨으면 합니다. 상담을 통한 정확한 사실 확인을 부탁드립니다.,생활지도/안전,높음,생활안전부
과학실에서 진행된 실험 수업 중 아이가 화학약품 냄새를 맡고 잠시 어지러움을 느꼈다고 합니다. 실험실 환기 시설이 제대로 작동하고 있는지 확인이 필요해 보입니다. 실험실 안전 수칙이 잘 지켜지고 있는지도 함께 점검 부탁드립니다. 아이들의 건강과 안전이 무엇보다 최우선되었으면 합니다.,생활지도/안전,높음,생활안전부
선생님~~ 그 등굣길에 있는 주공 4단지 주상 복합 지금 공사중인 거 아시죠?~~ 저희 애가 여길 등교할 때마다 지나가는데 안전장치가 너무 허술한 것 같아 걱정이 매우 많이 되네요 ㅠㅠ 이거 학교 차원에서 어떻게 조치 안 될까요??? 선생님들이 등교길을 지도 해주시는 방법 같은거요 너무 걱정이 되네요 ㅠㅠ,생활지도/안전,높음,생활안전부
체육 시간에 축구를 하다가 같은 반 친구가 찬 공에 맞아 안경이 깨지면서 아이 눈가에 상처가 났습니다. 보호 장비 없이 진행되는 체육 활동의 안전 관리가 매우 걱정됩니다. 사고가 일어난 경위와 함께 재발 방지 대책을 알려주시기 바랍니다. 병원비 처리 관련해서도 함께 안내 부탁드립니다.,생활지도/안전,높음,생활안전부
최근 SNS에서 같은 학년 학생들이 저희 아이를 비방하는 글을 올렸다는 것을 알게 되어 매우 놀랐습니다. 사이버 폭력에 해당할 수 있는 상황이라 걱정이 큽니다. 학교 차원에서 사실관계를 면밀히 확인하고 적절한 조치를 취해 주시기 바랍니다. 아이가 정신적으로 많이 힘들어하고 있어 빠른 대응을 부탁드립니다.,생활지도/안전,높음,생활안전부
학교 계단에서 아이들이 장난삼아 뛰어 내려가는 모습을 자주 목격한다는 이야기를 들었습니다. 계단에서의 안전사고가 충분히 우려되는 상황입니다. 쉬는 시간마다 계단 이용에 대한 지도를 강화해 주실 수 있을까요. 큰 사고가 발생하기 전에 예방 차원의 지도가 꼭 필요해 보입니다.,생활지도/안전,높음,생활안전부
지난 금요일 미술 시간에 사용한 칼에 아이의 손가락이 베이는 사고가 있었습니다. 다행히 깊은 상처는 아니었지만 도구를 사용하기 전 안전 교육이 충분했는지 궁금합니다. 위험한 도구를 다루는 수업에서는 사전 안전 지도가 더욱 철저했으면 합니다. 앞으로의 재발 방지 대책도 함께 안내해 주시기 바랍니다.,생활지도/안전,높음,생활안전부
저희 아들이 같은 반 친구 무리에게 자꾸 돈을 빌려주고 계속 돌려받지 못하는 일이 최근 반복되고 있다고 합니다. 혹시 강요에 의한 것은 아닌지 걱정이 큽니다. 학교폭력 여부를 포함해 정확한 상황 파악이 필요해 보입니다. 담임 선생님과의 직접적인 면담을 정식으로 요청드립니다.,생활지도/안전,높음,생활안전부
운동장에 있는 놀이기구 중 그네의 체인이 심하게 녹슬어서 위험해 보인다는 이야기를 아이에게 전해 들었습니다. 시설 점검이 제때 이루어지고 있는지 궁금하고 걱정이 됩니다. 안전사고로 이어지기 전에 시설물 보수가 시급히 필요해 보입니다. 정기적인 안전 점검을 부탁드립니다.,생활지도/안전,높음,생활안전부
학원 차량 승하차 시간과 학교 하교 시간이 겹쳐 교문 앞이 매우 혼잡하다는 이야기를 자주 듣습니다. 차량과 학생들이 뒤엉켜 사고 위험이 높아 보여 불안합니다. 하교 시간대에 교통 정리 인력을 배치해 주시면 좋겠습니다. 안전한 하교 환경을 위해 적극적인 검토를 부탁드립니다.,생활지도/안전,높음,생활안전부
같은 반 친구가 저희 아이의 학용품이나 물건을 자꾸 숨기거나 망가뜨린다는 이야기를 최근 들었습니다. 단순한 장난인지 의도적인 괴롭힘인지 정확한 확인이 필요할 것 같습니다. 아이가 스트레스를 호소하고 있어서 걱정이 많이 됩니다. 학교 차원에서의 면담과 적절한 지도를 부탁드립니다.,생활지도/안전,높음,생활안전부
교실 뒤편 사물함 모서리가 날카롭게 파손되어 있어 아이가 지나가다 부딪힐 뻔했다고 합니다. 시설물 파손 부분에 대한 빠른 보수가 시급해 보입니다. 작은 부분이라도 자칫 안전사고로 이어질 수 있으니 점검 부탁드립니다. 학기 초에 전체 시설에 대한 점검을 한 번 해주시면 좋겠습니다.,생활지도/안전,높음,생활안전부
최근 등교 시간에 교문 앞에서 낯선 성인이 학생들에게 말을 걸었다는 이야기를 듣고 매우 놀랐습니다. 아이들의 안전이 걱정되어 이렇게 말씀드립니다. 등교 시간대에 교문 주변 순찰이나 인력 배치를 강화해 주시기 바랍니다. 학부모들에게도 관련 안내 문자가 필요할 것 같습니다.,생활지도/안전,높음,생활안전부
체육관에서 농구 수업을 하던 중 골대가 심하게 흔들리는 것을 본 아이가 너무 무서웠다고 말했습니다. 시설 고정 상태에 문제가 있는 것은 아닌지 점검이 필요해 보입니다. 큰 사고로 이어지기 전에 시급한 안전 점검을 부탁드립니다. 체육 시설 전반에 대한 확인도 함께 부탁드립니다.,생활지도/안전,높음,생활안전부
저희 아이 반에서 특정 학생을 중심으로 한 따돌림 분위기가 있다는 것을 다른 학부모를 통해 전해 들었습니다. 아직 저희 아이가 직접 당한 것은 아니지만 학급 전체의 분위기가 우려스럽습니다. 학급 내 또래관계에 대한 점검과 인성 교육이 필요해 보입니다. 조속한 확인과 조치를 부탁드립니다.,생활지도/안전,높음,생활안전부
하굣길에 항상 지나는 골목길의 가로등이 고장 나서 어두워 아이 혼자 다니기에 위험하다고 합니다. 겨울철 해가 일찍 지면서 더욱 걱정스러운 상황입니다. 학교에서 관할 구청에 가로등 수리를 요청해 주실 수 있는지 문의드립니다. 아이들의 등하굣길 안전 확보를 위해 꼭 부탁드립니다.,생활지도/안전,높음,생활안전부
음악 시간에 사용하는 리코더를 친구가 입에 댔다는 이유로 위생 문제로 작은 다툼이 있었다고 합니다. 큰 다툼은 아니었지만 학용품 위생에 대한 지도가 필요해 보입니다. 개인 물품 관리에 대한 생활 지도를 부탁드립니다. 작은 갈등이 큰 다툼으로 번지지 않도록 미리 신경 써주시기 바랍니다.,생활지도/안전,보통,생활안전부
체험학습을 위해 버스로 이동하는 중 안전벨트를 매지 않은 학생들이 있었다는 이야기를 아이에게 전해 들었습니다. 인솔 교사의 안전 점검이 충분했는지 걱정이 됩니다. 현장체험학습 시 안전 수칙 준수를 한 번 더 강조해 주시기 바랍니다. 아이들의 안전이 무엇보다 최우선되어야 할 것 같습니다.,생활지도/안전,높음,생활안전부
최근 학교 화장실에서 일부 상급생들이 흡연을 한다는 소문을 들어서 걱정이 많이 됩니다. 사실 여부 확인과 함께 적절한 지도가 필요해 보입니다. 화장실 주변 순찰이나 관리를 강화해 주시기 바랍니다. 아이들 모두가 안전하게 화장실을 이용할 수 있는 환경이 되었으면 합니다.,생활지도/안전,높음,생활안전부
저희 아이가 체육 시간에 철봉에서 떨어져 팔을 다쳤는데 매트 같은 안전장치가 따로 없었다고 합니다. 안전 장비 미비로 인한 사고가 아닌지 매우 우려됩니다. 사고가 일어난 경위 설명과 함께 시설 보완 계획을 알려주시기 바랍니다. 비슷한 사고가 다시 일어나지 않도록 꼭 부탁드립니다.,생활지도/안전,높음,생활안전부
학교 앞 문구점 근처에서 상급생들이 하급생에게 돈을 요구하는 모습을 봤다는 다른 학부모의 제보를 전해 들었습니다. 직접 목격한 것은 아니지만 걱정이 되어 이렇게 말씀드립니다. 등하굣길 주변 지도를 강화해 주시기 바랍니다. 학교폭력 예방 차원에서 정확한 확인을 부탁드립니다.,생활지도/안전,높음,생활안전부
교실에서 단체 줄넘기 수업을 하던 중 줄에 걸려 아이가 넘어지면서 무릎이 까졌네요. 왜 수업시간에 이렇게 위험한 활동을 하는 겁니까? 저희 아이가 이번엔 무릎까진 걸로 다행이지 뭐 무릎이 부러지면 어떡할 뻔 했나요? 선생님이 책임지시나요? 아니잖아요 학부모는 학교에 있을 수도 없는데 선생님께서 잘 봐주셔야 하는 거 아닌가요?,생활지도/안전,높음,생활안전부
최근 저희 아이가 같은 반 친구로부터 욕설이 섞인 말을 자주 듣는다는 이야기를 들었습니다. 처음에는 그냥 장난으로 넘겼지만 점점 정도가 심해지고 있는 것 같습니다. 언어폭력에 해당할 수 있는 상황으로 보여 담임 선생님의 지도를 요청드립니다. 아이의 마음이 더 이상 다치지 않도록 신경 써주시기 바랍니다.,생활지도/안전,높음,생활안전부
학교 후문 쪽 보도블록이 깨져 있어 아이가 걸려 넘어질 뻔했다는 이야기를 들었습니다. 등하굣길 보행 안전에 위협이 되는 부분이라 걱정이 됩니다. 학교 차원에서 시설 보수를 요청하거나 임시 안전 표시를 해주실 수 있는지 문의드립니다. 안전한 보행 환경 조성을 부탁드립니다.,생활지도/안전,높음,생활안전부
체육대회 연습으로 줄다리기를 하다가 아이 손바닥에 밧줄로 인한 화상 자국이 크게 생겼습니다. 장갑 같은 보호 장비 없이 진행된 것은 아닌지 걱정이 됩니다. 활동 전 안전 장비가 충분히 지급되었는지 확인 부탁드립니다. 작은 부상이라도 예방이 무엇보다 우선인 것 같습니다.,생활지도/안전,높음,생활안전부
최근 학교 주변에 배회하는 낯선 차량이 자주 목격된다는 이야기를 다른 학부모들과 나눈 적이 여러 번 있습니다. 아이들 안전이 걱정되어 이렇게 말씀드립니다. 등하교 시간대 학교 주변 순찰을 강화해 주시기 바랍니다. 학부모들에게도 미리 주의 안내 문자를 보내주시면 좋겠습니다.,생활지도/안전,높음,생활안전부
저희 애가 성이 변씨 인데 친구들이 자꾸 변기라고 불러서 지금 자존감이 많이 내려갔어요 제 아이 상처 받은 거 어떻게 보상하실거예요? 저번에 민재가 자꾸 변기라고 불러서 민재 엄마한테도 경고 줬는데 또 이러네요 이젠 선생님도 어느정도 책임이 있지 않겠어요? 애 엄마가 지금 화가 많이 났네요. 선생님께서 확실하게 조치 취해주세요.,생활지도/안전,보통,생활안전부
실과 시간에 칼이나 가위 등을 사용하는 활동에서 안전 수칙에 대한 설명이 부족했다고 아이가 말했습니다. 다친 학생은 없었지만 사전 안전 지도가 더욱 철저해야 할 것 같습니다. 위험한 도구를 사용하는 수업에서는 안전 교육을 항상 우선해 주시기 바랍니다. 참고하시어 진행해 주시면 감사하겠습니다.,생활지도/안전,높음,생활안전부
교실 창문의 잠금장치가 고장 나서 바람이 세게 불면 갑자기 쾅 닫힌다고 합니다. 아이 손이 끼일 뻔했다는 이야기를 듣고 정말 놀랐습니다. 시설 점검과 빠른 수리를 요청드립니다. 교실 내 작은 고장이라도 자칫 큰 안전사고로 이어질 수 있으니 미리미리 신경 써주시기 바랍니다.,생활지도/안전,높음,생활안전부
최근 아이가 단체 채팅방에서 은근히 따돌림성 메시지를 받았다며 휴대폰 화면을 보여줬습니다. 직접적인 욕설은 아니었지만 의도적으로 배제하는 느낌의 내용이었습니다. 사이버상의 또래관계 문제도 학교에서 함께 지도해 주실 수 있는지 문의드립니다. 아이의 마음 건강이 많이 걱정됩니다.,생활지도/안전,높음,생활안전부
"저희 애가 열사병에 걸린 것 같아요 오늘 운동회 하면서 안 그래도 더운 날에 야외에 계속 있었다면서요? 하 참 기가 차서. 이런 건 쌤들이 미리 조치 해주셨어야죠. 이거 방임입니다만? 제가 고려대, 남편이 서울대 법대 나와서 변호사하는데 선생님은 두렵지 않으신가봐요? 조만간 고소장갈 예정이니 그렇게 아세요.",생활지도/안전,보통,생활안전부
하교 도우미 차량을 운행하시는 기사님이 운전 중 휴대폰을 사용하는 모습을 봤다는 다른 학부모의 이야기를 전해 들었습니다. 아이들 안전과 직결되는 문제라 걱정이 큽니다. 통학 차량 안전 관리에 대한 점검을 부탁드립니다. 사실 확인 후 적절한 조치를 취해 주시기 바랍니다.,생활지도/안전,높음,생활안전부
같은 반 친구가 저희 아이에게 지속적으로 시비를 걸고 몸으로 밀치는 행동을 한다고 합니다. 아이가 무섭다고 호소하고 있어서 마음이 정말 아픕니다. 학교폭력 여부를 포함한 정확한 사실 확인을 요청드립니다. 피해를 입은 아이가 안전하게 학교생활을 할 수 있도록 부탁드립니다.,생활지도/안전,높음,생활안전부
체육 시간 피구 수업 중 공에 맞아 안경이 부서지면서 아이 얼굴에 작은 상처가 났습니다. 활동 강도나 규칙 설명이 충분했는지 궁금하고 걱정이 됩니다. 사고가 일어난 경위와 함께 향후 안전 대책을 안내해 주시기 바랍니다. 안경 파손에 대한 보상 절차도 함께 안내 부탁드립니다.,생활지도/안전,높음,생활안전부
교내 공사로 인해 일부 통로가 막혀 있는데 안전 표지판이 제대로 설치되어 있지 않다는 이야기를 들었습니다. 아이들이 모르고 그대로 지나가다 위험할 수 있을 것 같습니다. 공사 구간에 대한 안전 표시와 우회 안내를 강화해 주시기 바랍니다. 공사 기간 동안 각별한 주의를 부탁드립니다.,생활지도/안전,높음,생활안전부
지난주 미술 수업 시간에 사용한 글루건에 아이 손가락이 살짝 데이는 작은 화상 사고가 있었습니다. 다행히 심하지 않았지만 사용 전 안전 수칙 안내가 충분했는지 궁금합니다. 위험할 수 있는 도구를 사용하는 수업에서는 사전 안전 교육을 더욱 철저히 해주시기 바랍니다. 비슷한 사고가 다시 발생하지 않도록 각별히 신경 써주시면 감사하겠습니다.,생활지도/안전,높음,생활안전부
등하교 안전와 관련해 학생이 불안함을 느낀 상황이 있었다고 말했습니다. 관련 상황을 확인하고 필요한 생활지도를 부탁드립니다,생활지도/안전,높음,생활안전부
등하교 안전와 관련해 학생이 불안함을 느낀 상황이 있었다고 말했습니다. 학생 안전을 위해 지도 계획을 점검해 주시기 바랍니다,생활지도/안전,높음,생활안전부
등하교 안전와 관련해 학생이 불안함을 느낀 상황이 있었다고 말했습니다. 가정에서도 함께 지도할 수 있도록 안내를 요청드립니다,생활지도/안전,높음,생활안전부
등하교 안전와 관련해 학생이 불안함을 느낀 상황이 있었다고 말했습니다. 재발 방지를 위한 조치와 확인 결과를 알려주시기 바랍니다,생활지도/안전,높음,생활안전부
등하교 안전와 관련해 안전사고로 이어질 가능성이 있어 걱정됩니다. 관련 상황을 확인하고 필요한 생활지도를 부탁드립니다,생활지도/안전,높음,생활안전부
등하교 안전와 관련해 안전사고로 이어질 가능성이 있어 걱정됩니다. 학생 안전을 위해 지도 계획을 점검해 주시기 바랍니다,생활지도/안전,높음,생활안전부
등하교 안전와 관련해 안전사고로 이어질 가능성이 있어 걱정됩니다. 가정에서도 함께 지도할 수 있도록 안내를 요청드립니다,생활지도/안전,높음,생활안전부
등하교 안전와 관련해 안전사고로 이어질 가능성이 있어 걱정됩니다. 재발 방지를 위한 조치와 확인 결과를 알려주시기 바랍니다,생활지도/안전,높음,생활안전부
등하교 안전와 관련해 학생들 사이의 관계를 조금 더 살펴볼 필요가 있어 보입니다. 관련 상황을 확인하고 필요한 생활지도를 부탁드립니다,생활지도/안전,높음,생활안전부
등하교 안전와 관련해 학생들 사이의 관계를 조금 더 살펴볼 필요가 있어 보입니다. 학생 안전을 위해 지도 계획을 점검해 주시기 바랍니다,생활지도/안전,높음,생활안전부
등하교 안전와 관련해 학생들 사이의 관계를 조금 더 살펴볼 필요가 있어 보입니다. 가정에서도 함께 지도할 수 있도록 안내를 요청드립니다,생활지도/안전,높음,생활안전부
등하교 안전와 관련해 학생들 사이의 관계를 조금 더 살펴볼 필요가 있어 보입니다. 재발 방지를 위한 조치와 확인 결과를 알려주시기 바랍니다,생활지도/안전,높음,생활안전부
등하교 안전와 관련해 지도 공백이 생기지 않도록 확인이 필요합니다. 관련 상황을 확인하고 필요한 생활지도를 부탁드립니다,생활지도/안전,높음,생활안전부
등하교 안전와 관련해 지도 공백이 생기지 않도록 확인이 필요합니다. 학생 안전을 위해 지도 계획을 점검해 주시기 바랍니다,생활지도/안전,높음,생활안전부
등하교 안전와 관련해 지도 공백이 생기지 않도록 확인이 필요합니다. 가정에서도 함께 지도할 수 있도록 안내를 요청드립니다,생활지도/안전,높음,생활안전부
등하교 안전와 관련해 지도 공백이 생기지 않도록 확인이 필요합니다. 재발 방지를 위한 조치와 확인 결과를 알려주시기 바랍니다,생활지도/안전,높음,생활안전부
등하교 안전와 관련해 비슷한 상황이 반복될까 우려됩니다. 관련 상황을 확인하고 필요한 생활지도를 부탁드립니다,생활지도/안전,높음,생활안전부
등하교 안전와 관련해 비슷한 상황이 반복될까 우려됩니다. 학생 안전을 위해 지도 계획을 점검해 주시기 바랍니다,생활지도/안전,높음,생활안전부
등하교 안전와 관련해 비슷한 상황이 반복될까 우려됩니다. 가정에서도 함께 지도할 수 있도록 안내를 요청드립니다,생활지도/안전,높음,생활안전부
등하교 안전와 관련해 비슷한 상황이 반복될까 우려됩니다. 재발 방지를 위한 조치와 확인 결과를 알려주시기 바랍니다,생활지도/안전,높음,생활안전부
등하교 안전와 관련해 학교 차원의 예방 안내가 필요해 보입니다. 관련 상황을 확인하고 필요한 생활지도를 부탁드립니다,생활지도/안전,높음,생활안전부
등하교 안전와 관련해 학교 차원의 예방 안내가 필요해 보입니다. 학생 안전을 위해 지도 계획을 점검해 주시기 바랍니다,생활지도/안전,높음,생활안전부
등하교 안전와 관련해 학교 차원의 예방 안내가 필요해 보입니다. 가정에서도 함께 지도할 수 있도록 안내를 요청드립니다,생활지도/안전,높음,생활안전부
등하교 안전와 관련해 학교 차원의 예방 안내가 필요해 보입니다. 재발 방지를 위한 조치와 확인 결과를 알려주시기 바랍니다,생활지도/안전,높음,생활안전부
쉬는 시간 지도와 관련해 학생이 불안함을 느낀 상황이 있었다고 말했습니다. 관련 상황을 확인하고 필요한 생활지도를 부탁드립니다,생활지도/안전,보통,생활안전부
쉬는 시간 지도와 관련해 학생이 불안함을 느낀 상황이 있었다고 말했습니다. 학생 안전을 위해 지도 계획을 점검해 주시기 바랍니다,생활지도/안전,높음,생활안전부
쉬는 시간 지도와 관련해 학생이 불안함을 느낀 상황이 있었다고 말했습니다. 가정에서도 함께 지도할 수 있도록 안내를 요청드립니다,생활지도/안전,낮음,생활안전부
쉬는 시간 지도와 관련해 학생이 불안함을 느낀 상황이 있었다고 말했습니다. 재발 방지를 위한 조치와 확인 결과를 알려주시기 바랍니다,생활지도/안전,보통,생활안전부
쉬는 시간 지도와 관련해 안전사고로 이어질 가능성이 있어 걱정됩니다. 관련 상황을 확인하고 필요한 생활지도를 부탁드립니다,생활지도/안전,높음,생활안전부
쉬는 시간 지도와 관련해 안전사고로 이어질 가능성이 있어 걱정됩니다. 학생 안전을 위해 지도 계획을 점검해 주시기 바랍니다,생활지도/안전,높음,생활안전부
쉬는 시간 지도와 관련해 안전사고로 이어질 가능성이 있어 걱정됩니다. 가정에서도 함께 지도할 수 있도록 안내를 요청드립니다,생활지도/안전,높음,생활안전부
쉬는 시간 지도와 관련해 안전사고로 이어질 가능성이 있어 걱정됩니다. 재발 방지를 위한 조치와 확인 결과를 알려주시기 바랍니다,생활지도/안전,높음,생활안전부
쉬는 시간 지도와 관련해 학생들 사이의 관계를 조금 더 살펴볼 필요가 있어 보입니다. 관련 상황을 확인하고 필요한 생활지도를 부탁드립니다,생활지도/안전,보통,생활안전부
쉬는 시간 지도와 관련해 학생들 사이의 관계를 조금 더 살펴볼 필요가 있어 보입니다. 학생 안전을 위해 지도 계획을 점검해 주시기 바랍니다,생활지도/안전,높음,생활안전부
쉬는 시간 지도와 관련해 학생들 사이의 관계를 조금 더 살펴볼 필요가 있어 보입니다. 가정에서도 함께 지도할 수 있도록 안내를 요청드립니다,생활지도/안전,낮음,생활안전부
쉬는 시간 지도와 관련해 학생들 사이의 관계를 조금 더 살펴볼 필요가 있어 보입니다. 재발 방지를 위한 조치와 확인 결과를 알려주시기 바랍니다,생활지도/안전,보통,생활안전부
쉬는 시간 지도와 관련해 지도 공백이 생기지 않도록 확인이 필요합니다. 관련 상황을 확인하고 필요한 생활지도를 부탁드립니다,생활지도/안전,보통,생활안전부
쉬는 시간 지도와 관련해 지도 공백이 생기지 않도록 확인이 필요합니다. 학생 안전을 위해 지도 계획을 점검해 주시기 바랍니다,생활지도/안전,높음,생활안전부
쉬는 시간 지도와 관련해 지도 공백이 생기지 않도록 확인이 필요합니다. 가정에서도 함께 지도할 수 있도록 안내를 요청드립니다,생활지도/안전,낮음,생활안전부
쉬는 시간 지도와 관련해 지도 공백이 생기지 않도록 확인이 필요합니다. 재발 방지를 위한 조치와 확인 결과를 알려주시기 바랍니다,생활지도/안전,보통,생활안전부
쉬는 시간 지도와 관련해 비슷한 상황이 반복될까 우려됩니다. 관련 상황을 확인하고 필요한 생활지도를 부탁드립니다,생활지도/안전,보통,생활안전부
쉬는 시간 지도와 관련해 비슷한 상황이 반복될까 우려됩니다. 학생 안전을 위해 지도 계획을 점검해 주시기 바랍니다,생활지도/안전,높음,생활안전부
쉬는 시간 지도와 관련해 비슷한 상황이 반복될까 우려됩니다. 가정에서도 함께 지도할 수 있도록 안내를 요청드립니다,생활지도/안전,보통,생활안전부
쉬는 시간 지도와 관련해 비슷한 상황이 반복될까 우려됩니다. 재발 방지를 위한 조치와 확인 결과를 알려주시기 바랍니다,생활지도/안전,보통,생활안전부
쉬는 시간 지도와 관련해 학교 차원의 예방 안내가 필요해 보입니다. 관련 상황을 확인하고 필요한 생활지도를 부탁드립니다,생활지도/안전,낮음,생활안전부
쉬는 시간 지도와 관련해 학교 차원의 예방 안내가 필요해 보입니다. 학생 안전을 위해 지도 계획을 점검해 주시기 바랍니다,생활지도/안전,높음,생활안전부
쉬는 시간 지도와 관련해 학교 차원의 예방 안내가 필요해 보입니다. 가정에서도 함께 지도할 수 있도록 안내를 요청드립니다,생활지도/안전,낮음,생활안전부
쉬는 시간 지도와 관련해 학교 차원의 예방 안내가 필요해 보입니다. 재발 방지를 위한 조치와 확인 결과를 알려주시기 바랍니다,생활지도/안전,보통,생활안전부
교내 이동와 관련해 학생이 불안함을 느낀 상황이 있었다고 말했습니다. 관련 상황을 확인하고 필요한 생활지도를 부탁드립니다,생활지도/안전,보통,생활안전부
교내 이동와 관련해 학생이 불안함을 느낀 상황이 있었다고 말했습니다. 학생 안전을 위해 지도 계획을 점검해 주시기 바랍니다,생활지도/안전,높음,생활안전부
교내 이동와 관련해 학생이 불안함을 느낀 상황이 있었다고 말했습니다. 가정에서도 함께 지도할 수 있도록 안내를 요청드립니다,생활지도/안전,낮음,생활안전부
교내 이동와 관련해 학생이 불안함을 느낀 상황이 있었다고 말했습니다. 재발 방지를 위한 조치와 확인 결과를 알려주시기 바랍니다,생활지도/안전,보통,생활안전부
교내 이동와 관련해 안전사고로 이어질 가능성이 있어 걱정됩니다. 관련 상황을 확인하고 필요한 생활지도를 부탁드립니다,생활지도/안전,높음,생활안전부
교내 이동와 관련해 안전사고로 이어질 가능성이 있어 걱정됩니다. 학생 안전을 위해 지도 계획을 점검해 주시기 바랍니다,생활지도/안전,높음,생활안전부
교내 이동와 관련해 안전사고로 이어질 가능성이 있어 걱정됩니다. 가정에서도 함께 지도할 수 있도록 안내를 요청드립니다,생활지도/안전,높음,생활안전부
교내 이동와 관련해 안전사고로 이어질 가능성이 있어 걱정됩니다. 재발 방지를 위한 조치와 확인 결과를 알려주시기 바랍니다,생활지도/안전,높음,생활안전부
교내 이동와 관련해 학생들 사이의 관계를 조금 더 살펴볼 필요가 있어 보입니다. 관련 상황을 확인하고 필요한 생활지도를 부탁드립니다,생활지도/안전,보통,생활안전부
교내 이동와 관련해 학생들 사이의 관계를 조금 더 살펴볼 필요가 있어 보입니다. 학생 안전을 위해 지도 계획을 점검해 주시기 바랍니다,생활지도/안전,높음,생활안전부
교내 이동와 관련해 학생들 사이의 관계를 조금 더 살펴볼 필요가 있어 보입니다. 가정에서도 함께 지도할 수 있도록 안내를 요청드립니다,생활지도/안전,낮음,생활안전부
교내 이동와 관련해 학생들 사이의 관계를 조금 더 살펴볼 필요가 있어 보입니다. 재발 방지를 위한 조치와 확인 결과를 알려주시기 바랍니다,생활지도/안전,보통,생활안전부
교내 이동와 관련해 지도 공백이 생기지 않도록 확인이 필요합니다. 관련 상황을 확인하고 필요한 생활지도를 부탁드립니다,생활지도/안전,보통,생활안전부
교내 이동와 관련해 지도 공백이 생기지 않도록 확인이 필요합니다. 학생 안전을 위해 지도 계획을 점검해 주시기 바랍니다,생활지도/안전,높음,생활안전부
교내 이동와 관련해 지도 공백이 생기지 않도록 확인이 필요합니다. 가정에서도 함께 지도할 수 있도록 안내를 요청드립니다,생활지도/안전,낮음,생활안전부
교내 이동와 관련해 지도 공백이 생기지 않도록 확인이 필요합니다. 재발 방지를 위한 조치와 확인 결과를 알려주시기 바랍니다,생활지도/안전,보통,생활안전부
교내 이동와 관련해 비슷한 상황이 반복될까 우려됩니다. 관련 상황을 확인하고 필요한 생활지도를 부탁드립니다,생활지도/안전,보통,생활안전부
교내 이동와 관련해 비슷한 상황이 반복될까 우려됩니다. 학생 안전을 위해 지도 계획을 점검해 주시기 바랍니다,생활지도/안전,높음,생활안전부
교내 이동와 관련해 비슷한 상황이 반복될까 우려됩니다. 가정에서도 함께 지도할 수 있도록 안내를 요청드립니다,생활지도/안전,보통,생활안전부
교내 이동와 관련해 비슷한 상황이 반복될까 우려됩니다. 재발 방지를 위한 조치와 확인 결과를 알려주시기 바랍니다,생활지도/안전,보통,생활안전부
교내 이동와 관련해 학교 차원의 예방 안내가 필요해 보입니다. 관련 상황을 확인하고 필요한 생활지도를 부탁드립니다,생활지도/안전,낮음,생활안전부
교내 이동와 관련해 학교 차원의 예방 안내가 필요해 보입니다. 학생 안전을 위해 지도 계획을 점검해 주시기 바랍니다,생활지도/안전,높음,생활안전부
교내 이동와 관련해 학교 차원의 예방 안내가 필요해 보입니다. 가정에서도 함께 지도할 수 있도록 안내를 요청드립니다,생활지도/안전,낮음,생활안전부
교내 이동와 관련해 학교 차원의 예방 안내가 필요해 보입니다. 재발 방지를 위한 조치와 확인 결과를 알려주시기 바랍니다,생활지도/안전,보통,생활안전부
운동장 이용와 관련해 학생이 불안함을 느낀 상황이 있었다고 말했습니다. 관련 상황을 확인하고 필요한 생활지도를 부탁드립니다,생활지도/안전,보통,생활안전부
운동장 이용와 관련해 학생이 불안함을 느낀 상황이 있었다고 말했습니다. 학생 안전을 위해 지도 계획을 점검해 주시기 바랍니다,생활지도/안전,높음,생활안전부
운동장 이용와 관련해 학생이 불안함을 느낀 상황이 있었다고 말했습니다. 가정에서도 함께 지도할 수 있도록 안내를 요청드립니다,생활지도/안전,낮음,생활안전부
운동장 이용와 관련해 학생이 불안함을 느낀 상황이 있었다고 말했습니다. 재발 방지를 위한 조치와 확인 결과를 알려주시기 바랍니다,생활지도/안전,보통,생활안전부
운동장 이용와 관련해 안전사고로 이어질 가능성이 있어 걱정됩니다. 관련 상황을 확인하고 필요한 생활지도를 부탁드립니다,생활지도/안전,높음,생활안전부
운동장 이용와 관련해 안전사고로 이어질 가능성이 있어 걱정됩니다. 학생 안전을 위해 지도 계획을 점검해 주시기 바랍니다,생활지도/안전,높음,생활안전부
운동장 이용와 관련해 안전사고로 이어질 가능성이 있어 걱정됩니다. 가정에서도 함께 지도할 수 있도록 안내를 요청드립니다,생활지도/안전,높음,생활안전부
운동장 이용와 관련해 안전사고로 이어질 가능성이 있어 걱정됩니다. 재발 방지를 위한 조치와 확인 결과를 알려주시기 바랍니다,생활지도/안전,높음,생활안전부
운동장 이용와 관련해 학생들 사이의 관계를 조금 더 살펴볼 필요가 있어 보입니다. 관련 상황을 확인하고 필요한 생활지도를 부탁드립니다,생활지도/안전,보통,생활안전부
운동장 이용와 관련해 학생들 사이의 관계를 조금 더 살펴볼 필요가 있어 보입니다. 학생 안전을 위해 지도 계획을 점검해 주시기 바랍니다,생활지도/안전,높음,생활안전부
운동장 이용와 관련해 학생들 사이의 관계를 조금 더 살펴볼 필요가 있어 보입니다. 가정에서도 함께 지도할 수 있도록 안내를 요청드립니다,생활지도/안전,낮음,생활안전부
운동장 이용와 관련해 학생들 사이의 관계를 조금 더 살펴볼 필요가 있어 보입니다. 재발 방지를 위한 조치와 확인 결과를 알려주시기 바랍니다,생활지도/안전,보통,생활안전부
운동장 이용와 관련해 지도 공백이 생기지 않도록 확인이 필요합니다. 관련 상황을 확인하고 필요한 생활지도를 부탁드립니다,생활지도/안전,보통,생활안전부
운동장 이용와 관련해 지도 공백이 생기지 않도록 확인이 필요합니다. 학생 안전을 위해 지도 계획을 점검해 주시기 바랍니다,생활지도/안전,높음,생활안전부
운동장 이용와 관련해 지도 공백이 생기지 않도록 확인이 필요합니다. 가정에서도 함께 지도할 수 있도록 안내를 요청드립니다,생활지도/안전,낮음,생활안전부
운동장 이용와 관련해 지도 공백이 생기지 않도록 확인이 필요합니다. 재발 방지를 위한 조치와 확인 결과를 알려주시기 바랍니다,생활지도/안전,보통,생활안전부
운동장 이용와 관련해 비슷한 상황이 반복될까 우려됩니다. 관련 상황을 확인하고 필요한 생활지도를 부탁드립니다,생활지도/안전,보통,생활안전부
운동장 이용와 관련해 비슷한 상황이 반복될까 우려됩니다. 학생 안전을 위해 지도 계획을 점검해 주시기 바랍니다,생활지도/안전,높음,생활안전부
운동장 이용와 관련해 비슷한 상황이 반복될까 우려됩니다. 가정에서도 함께 지도할 수 있도록 안내를 요청드립니다,생활지도/안전,보통,생활안전부
운동장 이용와 관련해 비슷한 상황이 반복될까 우려됩니다. 재발 방지를 위한 조치와 확인 결과를 알려주시기 바랍니다,생활지도/안전,보통,생활안전부
운동장 이용와 관련해 학교 차원의 예방 안내가 필요해 보입니다. 관련 상황을 확인하고 필요한 생활지도를 부탁드립니다,생활지도/안전,낮음,생활안전부
운동장 이용와 관련해 학교 차원의 예방 안내가 필요해 보입니다. 학생 안전을 위해 지도 계획을 점검해 주시기 바랍니다,생활지도/안전,높음,생활안전부
운동장 이용와 관련해 학교 차원의 예방 안내가 필요해 보입니다. 가정에서도 함께 지도할 수 있도록 안내를 요청드립니다,생활지도/안전,낮음,생활안전부
운동장 이용와 관련해 학교 차원의 예방 안내가 필요해 보입니다. 재발 방지를 위한 조치와 확인 결과를 알려주시기 바랍니다,생활지도/안전,보통,생활안전부
친구 관계와 관련해 학생이 불안함을 느낀 상황이 있었다고 말했습니다. 관련 상황을 확인하고 필요한 생활지도를 부탁드립니다,생활지도/안전,보통,생활안전부
친구 관계와 관련해 학생이 불안함을 느낀 상황이 있었다고 말했습니다. 학생 안전을 위해 지도 계획을 점검해 주시기 바랍니다,생활지도/안전,높음,생활안전부
친구 관계와 관련해 학생이 불안함을 느낀 상황이 있었다고 말했습니다. 가정에서도 함께 지도할 수 있도록 안내를 요청드립니다,생활지도/안전,낮음,생활안전부
친구 관계와 관련해 학생이 불안함을 느낀 상황이 있었다고 말했습니다. 재발 방지를 위한 조치와 확인 결과를 알려주시기 바랍니다,생활지도/안전,보통,생활안전부
친구 관계와 관련해 안전사고로 이어질 가능성이 있어 걱정됩니다. 관련 상황을 확인하고 필요한 생활지도를 부탁드립니다,생활지도/안전,높음,생활안전부
친구 관계와 관련해 안전사고로 이어질 가능성이 있어 걱정됩니다. 학생 안전을 위해 지도 계획을 점검해 주시기 바랍니다,생활지도/안전,높음,생활안전부
친구 관계와 관련해 안전사고로 이어질 가능성이 있어 걱정됩니다. 가정에서도 함께 지도할 수 있도록 안내를 요청드립니다,생활지도/안전,높음,생활안전부
친구 관계와 관련해 안전사고로 이어질 가능성이 있어 걱정됩니다. 재발 방지를 위한 조치와 확인 결과를 알려주시기 바랍니다,생활지도/안전,높음,생활안전부
친구 관계와 관련해 학생들 사이의 관계를 조금 더 살펴볼 필요가 있어 보입니다. 관련 상황을 확인하고 필요한 생활지도를 부탁드립니다,생활지도/안전,보통,생활안전부
친구 관계와 관련해 학생들 사이의 관계를 조금 더 살펴볼 필요가 있어 보입니다. 학생 안전을 위해 지도 계획을 점검해 주시기 바랍니다,생활지도/안전,높음,생활안전부
친구 관계와 관련해 학생들 사이의 관계를 조금 더 살펴볼 필요가 있어 보입니다. 가정에서도 함께 지도할 수 있도록 안내를 요청드립니다,생활지도/안전,낮음,생활안전부
친구 관계와 관련해 학생들 사이의 관계를 조금 더 살펴볼 필요가 있어 보입니다. 재발 방지를 위한 조치와 확인 결과를 알려주시기 바랍니다,생활지도/안전,보통,생활안전부
친구 관계와 관련해 지도 공백이 생기지 않도록 확인이 필요합니다. 관련 상황을 확인하고 필요한 생활지도를 부탁드립니다,생활지도/안전,보통,생활안전부
친구 관계와 관련해 지도 공백이 생기지 않도록 확인이 필요합니다. 학생 안전을 위해 지도 계획을 점검해 주시기 바랍니다,생활지도/안전,높음,생활안전부
친구 관계와 관련해 지도 공백이 생기지 않도록 확인이 필요합니다. 가정에서도 함께 지도할 수 있도록 안내를 요청드립니다,생활지도/안전,낮음,생활안전부
친구 관계와 관련해 지도 공백이 생기지 않도록 확인이 필요합니다. 재발 방지를 위한 조치와 확인 결과를 알려주시기 바랍니다,생활지도/안전,보통,생활안전부
친구 관계와 관련해 비슷한 상황이 반복될까 우려됩니다. 관련 상황을 확인하고 필요한 생활지도를 부탁드립니다,생활지도/안전,보통,생활안전부
친구 관계와 관련해 비슷한 상황이 반복될까 우려됩니다. 학생 안전을 위해 지도 계획을 점검해 주시기 바랍니다,생활지도/안전,높음,생활안전부
친구 관계와 관련해 비슷한 상황이 반복될까 우려됩니다. 가정에서도 함께 지도할 수 있도록 안내를 요청드립니다,생활지도/안전,보통,생활안전부
친구 관계와 관련해 비슷한 상황이 반복될까 우려됩니다. 재발 방지를 위한 조치와 확인 결과를 알려주시기 바랍니다,생활지도/안전,보통,생활안전부
친구 관계와 관련해 학교 차원의 예방 안내가 필요해 보입니다. 관련 상황을 확인하고 필요한 생활지도를 부탁드립니다,생활지도/안전,낮음,생활안전부
친구 관계와 관련해 학교 차원의 예방 안내가 필요해 보입니다. 학생 안전을 위해 지도 계획을 점검해 주시기 바랍니다,생활지도/안전,높음,생활안전부
친구 관계와 관련해 학교 차원의 예방 안내가 필요해 보입니다. 가정에서도 함께 지도할 수 있도록 안내를 요청드립니다,생활지도/안전,낮음,생활안전부
친구 관계와 관련해 학교 차원의 예방 안내가 필요해 보입니다. 재발 방지를 위한 조치와 확인 결과를 알려주시기 바랍니다,생활지도/안전,보통,생활안전부
학교폭력 예방와 관련해 학생이 불안함을 느낀 상황이 있었다고 말했습니다. 관련 상황을 확인하고 필요한 생활지도를 부탁드립니다,생활지도/안전,높음,생활안전부
학교폭력 예방와 관련해 학생이 불안함을 느낀 상황이 있었다고 말했습니다. 학생 안전을 위해 지도 계획을 점검해 주시기 바랍니다,생활지도/안전,높음,생활안전부
학교폭력 예방와 관련해 학생이 불안함을 느낀 상황이 있었다고 말했습니다. 가정에서도 함께 지도할 수 있도록 안내를 요청드립니다,생활지도/안전,높음,생활안전부
학교폭력 예방와 관련해 학생이 불안함을 느낀 상황이 있었다고 말했습니다. 재발 방지를 위한 조치와 확인 결과를 알려주시기 바랍니다,생활지도/안전,높음,생활안전부
학교폭력 예방와 관련해 안전사고로 이어질 가능성이 있어 걱정됩니다. 관련 상황을 확인하고 필요한 생활지도를 부탁드립니다,생활지도/안전,높음,생활안전부
학교폭력 예방와 관련해 안전사고로 이어질 가능성이 있어 걱정됩니다. 학생 안전을 위해 지도 계획을 점검해 주시기 바랍니다,생활지도/안전,높음,생활안전부
학교폭력 예방와 관련해 안전사고로 이어질 가능성이 있어 걱정됩니다. 가정에서도 함께 지도할 수 있도록 안내를 요청드립니다,생활지도/안전,높음,생활안전부
학교폭력 예방와 관련해 안전사고로 이어질 가능성이 있어 걱정됩니다. 재발 방지를 위한 조치와 확인 결과를 알려주시기 바랍니다,생활지도/안전,높음,생활안전부
학교폭력 예방와 관련해 학생들 사이의 관계를 조금 더 살펴볼 필요가 있어 보입니다. 관련 상황을 확인하고 필요한 생활지도를 부탁드립니다,생활지도/안전,높음,생활안전부
학교폭력 예방와 관련해 학생들 사이의 관계를 조금 더 살펴볼 필요가 있어 보입니다. 학생 안전을 위해 지도 계획을 점검해 주시기 바랍니다,생활지도/안전,높음,생활안전부
학교폭력 예방와 관련해 학생들 사이의 관계를 조금 더 살펴볼 필요가 있어 보입니다. 가정에서도 함께 지도할 수 있도록 안내를 요청드립니다,생활지도/안전,높음,생활안전부
학교폭력 예방와 관련해 학생들 사이의 관계를 조금 더 살펴볼 필요가 있어 보입니다. 재발 방지를 위한 조치와 확인 결과를 알려주시기 바랍니다,생활지도/안전,높음,생활안전부
학교폭력 예방와 관련해 지도 공백이 생기지 않도록 확인이 필요합니다. 관련 상황을 확인하고 필요한 생활지도를 부탁드립니다,생활지도/안전,높음,생활안전부
학교폭력 예방와 관련해 지도 공백이 생기지 않도록 확인이 필요합니다. 학생 안전을 위해 지도 계획을 점검해 주시기 바랍니다,생활지도/안전,높음,생활안전부
학교폭력 예방와 관련해 지도 공백이 생기지 않도록 확인이 필요합니다. 가정에서도 함께 지도할 수 있도록 안내를 요청드립니다,생활지도/안전,높음,생활안전부
학교폭력 예방와 관련해 지도 공백이 생기지 않도록 확인이 필요합니다. 재발 방지를 위한 조치와 확인 결과를 알려주시기 바랍니다,생활지도/안전,높음,생활안전부
학교폭력 예방와 관련해 비슷한 상황이 반복될까 우려됩니다. 관련 상황을 확인하고 필요한 생활지도를 부탁드립니다,생활지도/안전,높음,생활안전부
학교폭력 예방와 관련해 비슷한 상황이 반복될까 우려됩니다. 학생 안전을 위해 지도 계획을 점검해 주시기 바랍니다,생활지도/안전,높음,생활안전부
학교폭력 예방와 관련해 비슷한 상황이 반복될까 우려됩니다. 가정에서도 함께 지도할 수 있도록 안내를 요청드립니다,생활지도/안전,높음,생활안전부
학교폭력 예방와 관련해 비슷한 상황이 반복될까 우려됩니다. 재발 방지를 위한 조치와 확인 결과를 알려주시기 바랍니다,생활지도/안전,높음,생활안전부
학교폭력 예방와 관련해 학교 차원의 예방 안내가 필요해 보입니다. 관련 상황을 확인하고 필요한 생활지도를 부탁드립니다,생활지도/안전,높음,생활안전부
학교폭력 예방와 관련해 학교 차원의 예방 안내가 필요해 보입니다. 학생 안전을 위해 지도 계획을 점검해 주시기 바랍니다,생활지도/안전,높음,생활안전부
학교폭력 예방와 관련해 학교 차원의 예방 안내가 필요해 보입니다. 가정에서도 함께 지도할 수 있도록 안내를 요청드립니다,생활지도/안전,높음,생활안전부
학교폭력 예방와 관련해 학교 차원의 예방 안내가 필요해 보입니다. 재발 방지를 위한 조치와 확인 결과를 알려주시기 바랍니다,생활지도/안전,높음,생활안전부
통학로 상황와 관련해 학생이 불안함을 느낀 상황이 있었다고 말했습니다. 관련 상황을 확인하고 필요한 생활지도를 부탁드립니다,생활지도/안전,보통,생활안전부
통학로 상황와 관련해 학생이 불안함을 느낀 상황이 있었다고 말했습니다. 학생 안전을 위해 지도 계획을 점검해 주시기 바랍니다,생활지도/안전,높음,생활안전부
통학로 상황와 관련해 학생이 불안함을 느낀 상황이 있었다고 말했습니다. 가정에서도 함께 지도할 수 있도록 안내를 요청드립니다,생활지도/안전,낮음,생활안전부
통학로 상황와 관련해 학생이 불안함을 느낀 상황이 있었다고 말했습니다. 재발 방지를 위한 조치와 확인 결과를 알려주시기 바랍니다,생활지도/안전,보통,생활안전부
통학로 상황와 관련해 안전사고로 이어질 가능성이 있어 걱정됩니다. 관련 상황을 확인하고 필요한 생활지도를 부탁드립니다,생활지도/안전,높음,생활안전부
통학로 상황와 관련해 안전사고로 이어질 가능성이 있어 걱정됩니다. 학생 안전을 위해 지도 계획을 점검해 주시기 바랍니다,생활지도/안전,높음,생활안전부
통학로 상황와 관련해 안전사고로 이어질 가능성이 있어 걱정됩니다. 가정에서도 함께 지도할 수 있도록 안내를 요청드립니다,생활지도/안전,높음,생활안전부
통학로 상황와 관련해 안전사고로 이어질 가능성이 있어 걱정됩니다. 재발 방지를 위한 조치와 확인 결과를 알려주시기 바랍니다,생활지도/안전,높음,생활안전부
통학로 상황와 관련해 학생들 사이의 관계를 조금 더 살펴볼 필요가 있어 보입니다. 관련 상황을 확인하고 필요한 생활지도를 부탁드립니다,생활지도/안전,보통,생활안전부
통학로 상황와 관련해 학생들 사이의 관계를 조금 더 살펴볼 필요가 있어 보입니다. 학생 안전을 위해 지도 계획을 점검해 주시기 바랍니다,생활지도/안전,높음,생활안전부
통학로 상황와 관련해 학생들 사이의 관계를 조금 더 살펴볼 필요가 있어 보입니다. 가정에서도 함께 지도할 수 있도록 안내를 요청드립니다,생활지도/안전,낮음,생활안전부
통학로 상황와 관련해 학생들 사이의 관계를 조금 더 살펴볼 필요가 있어 보입니다. 재발 방지를 위한 조치와 확인 결과를 알려주시기 바랍니다,생활지도/안전,보통,생활안전부
통학로 상황와 관련해 지도 공백이 생기지 않도록 확인이 필요합니다. 관련 상황을 확인하고 필요한 생활지도를 부탁드립니다,생활지도/안전,보통,생활안전부
통학로 상황와 관련해 지도 공백이 생기지 않도록 확인이 필요합니다. 학생 안전을 위해 지도 계획을 점검해 주시기 바랍니다,생활지도/안전,높음,생활안전부
통학로 상황와 관련해 지도 공백이 생기지 않도록 확인이 필요합니다. 가정에서도 함께 지도할 수 있도록 안내를 요청드립니다,생활지도/안전,낮음,생활안전부
통학로 상황와 관련해 지도 공백이 생기지 않도록 확인이 필요합니다. 재발 방지를 위한 조치와 확인 결과를 알려주시기 바랍니다,생활지도/안전,보통,생활안전부
새 학기가 시작된 지 한 달이 지났는데도 아직까지 담임 선생님의 연락처나 비상 연락 방법을 안내받지 못했습니다. 급한 일이 생겼을 때 연락할 방법이 없어서 매우 불편합니다. 학기 초 가정통신문을 통해 관련 안내를 부탁드립니다. 학부모와의 원활한 소통 체계가 마련되었으면 합니다.,기타,낮음,행정실
아이가 다니는 학교 정문 앞에 불법 주정차 차량이 많아 등하굣길이 항상 혼잡하고 위험합니다. 학교 차원에서 단속이나 안내 캠페인을 진행해 주실 수 있는지 문의드립니다. 주변 상가와의 협조도 함께 필요해 보입니다. 쾌적하고 안전한 등하교 환경을 위해 검토를 부탁드립니다.,기타,높음,행정실
학교 알림장 앱에 공지된 준비물과 실제 수업 시간에 필요한 준비물이 달라서 혼란스러웠던 적이 여러 번 있었습니다. 정보를 전달하는 과정에서 오류가 있는 것은 아닌지 확인 부탁드립니다. 정확한 정보 전달이 학부모들에게는 매우 중요한 부분입니다. 관련 시스템 점검을 요청드립니다.,기타,낮음,행정실
방과후학교 프로그램 신청 기간을 놓쳐서 아이가 원하는 수업을 듣지 못하게 되었습니다. 신청 기간 안내가 좀 더 명확하고 충분한 시간을 두고 이루어졌으면 좋겠습니다. 혹시 추가로 신청할 수 있는 기회가 있는지도 함께 문의드립니다. 다음 학기에는 미리 안내해 주시면 감사하겠습니다.,기타,낮음,행정실
학교 홈페이지에 공지된 행사 일정과 실제로 배부된 가정통신문에 적힌 내용이 서로 일치하지 않아 혼선이 있었습니다. 정보가 통일되지 않으면 학부모들이 큰 혼란을 겪게 됩니다. 공지 채널 간 정보를 일치시켜 주시기 바랍니다. 앞으로는 두 채널 모두 정확하고 일관된 안내를 부탁드립니다.,기타,낮음,행정실
학부모 상담 주간에 맞춰 미리 신청을 했는데 아직까지 구체적인 일정 안내를 받지 못했습니다. 직장 일정을 미리 조율해야 해서 빠른 확인이 꼭 필요합니다. 상담 일정을 최대한 빨리 안내해 주시기 바랍니다. 원활한 학부모 소통을 위해 좀 더 신경 써주시면 정말 감사하겠습니다.,기타,낮음,행정실
학교 도서관 운영 시간이 너무 짧아서 아이가 원하는 책을 빌릴 시간이 늘 부족하다고 합니다. 방과 후에도 이용할 수 있도록 운영 시간 연장을 검토해 주실 수 있을까요. 독서 활동을 장려하는 차원에서도 필요해 보입니다. 학생들의 다양한 의견도 함께 수렴해 주시면 좋겠습니다.,기타,낮음,행정실
교복 공동구매 업체를 선정하는 과정이 투명하지 않다는 이야기를 다른 학부모들과 나눈 적이 있습니다. 선정 기준이나 절차에 대한 안내가 부족했던 것 같습니다. 공동구매와 관련된 정보를 좀 더 명확히 공개해 주시기 바랍니다. 학부모들의 신뢰를 위해서도 필요한 부분인 것 같습니다.,기타,낮음,행정실
아이 학급의 학급비 사용 내역에 대한 안내를 받은 적이 없어서 어떻게 쓰이고 있는지 궁금합니다. 투명한 회계 관리를 위해 정기적인 사용 내역 공개를 부탁드립니다. 학부모들이 안심할 수 있도록 안내해 주시면 감사하겠습니다. 작은 부분이지만 신뢰와 직결되는 문제인 것 같습니다.,기타,낮음,행정실
교내 와이파이 환경이 좋지 않아 온라인 수업이나 디지털 교과서를 활용할 때마다 아이가 불편을 겪는다고 합니다. 디지털 학습 환경에 대한 개선이 필요해 보입니다. 인프라 점검과 보완을 요청드립니다. 원활한 온라인 수업과 학습 진행을 위해 빠른 점검과 검토를 부탁드립니다.,기타,낮음,행정실
학교 주변에 분리수거함이 부족해서 등하굣길에 쓰레기가 방치되어 있는 모습을 자주 보게 된다고 합니다. 환경 미화 차원에서의 관리가 필요해 보입니다. 학교 차원에서 관할 기관에 협조를 요청해 주실 수 있을까요. 아이들을 위한 깨끗하고 쾌적한 통학 환경 조성을 부탁드립니다.,기타,낮음,행정실
학년 초에 미리 받은 학습준비물 목록과 실제 수업에 필요한 물품이 달라서 추가로 구입해야 하는 경우가 많았습니다. 준비물 목록을 좀 더 정확하게 안내해 주시면 좋겠습니다. 불필요한 지출을 줄이는 차원에서도 꼭 필요한 부분인 것 같습니다. 다음 학기에는 신경 써주시기 바랍니다.,기타,낮음,행정실
학교 행사 사진을 찍어 학부모들에게 공유해 주시는데 다른 아이들의 얼굴이 모자이크 없이 그대로 노출되어 있어 초상권이 걱정됩니다. 사진을 공유하기 전에 동의 절차가 있었는지 궁금합니다. 개인정보 보호 차원에서 안내 절차를 확인해 주시기 바랍니다. 신중한 처리를 부탁드립니다.,기타,낮음,행정실
학교 강당의 에어컨이 자주 고장 나서 큰 행사가 있을 때마다 너무 덥다는 이야기를 들었습니다. 시설 노후화로 인한 불편이 반복되고 있는 것 같습니다. 시설 보수 예산을 확보하여 점검해 주실 수 있는지 문의드립니다. 다음 행사부터는 더 쾌적한 환경에서 차질 없이 진행되었으면 합니다.,기타,높음,행정실
신학기가 시작된 후 교과서 배부가 늦어져서 아이가 한동안 교과서도 없이 수업을 들어야 했던 일이 있었습니다. 학습에 차질이 생기지 않을지 걱정이 됩니다. 교과서 배부 일정을 좀 더 철저히 관리해 주시기 바랍니다. 학기 초마다 이런 혼란이 다시 생기지 않도록 부탁드립니다.,기타,낮음,행정실
학부모 총회 일정이 매번 평일 오전으로만 잡혀 있어 맞벌이를 하는 가정은 참석하기가 매우 어렵습니다. 다양한 가정 환경을 고려한 일정 운영이 필요해 보입니다. 저녁 시간대나 온라인 참여 방식도 함께 검토해 주실 수 있을까요. 더 많은 학부모가 참여할 수 있는 방안을 부탁드립니다.,기타,낮음,행정실
학교 정문에 설치된 출입 시스템이 자주 오류가 나서 학부모 인증이 잘 안 되는 경우가 많다는 이야기를 들었습니다. 방문이 필요한 상황에서 큰 불편을 겪었습니다. 시스템 점검과 개선을 요청드립니다. 원활한 학부모 출입 관리를 위해 빠른 시일 내에 신경 써주시기 바랍니다.,기타,낮음,행정실
아이 학급 게시판에 다른 학생의 성적이나 등수가 그대로 공개되어 있는 것을 보고 깜짝 놀랐습니다. 학생 개인정보 보호 차원에서 매우 부적절해 보입니다. 게시 방식에 대한 재검토를 부탁드립니다. 아이들의 자존감에도 영향을 줄 수 있는 부분이라 신중히 처리해 주시기 바랍니다.,기타,낮음,행정실
학교 앞 보행로에 가림막이 따로 없어 미세먼지가 심한 날에도 아이들이 그대로 노출된 채로 등하교를 합니다. 환경 개선을 위한 시설 보완이 필요해 보입니다. 관할 기관과 협의하여 개선 방안을 마련해 주시기 바랍니다. 아이들의 호흡기 건강을 위해 적극적인 검토를 부탁드립니다.,기타,높음,행정실
전학 절차에 대해 행정실에 문의했는데 담당자마다 안내하는 내용이 조금씩 달라서 매우 혼란스러웠습니다. 행정 처리 과정에서 일관된 안내가 이루어졌으면 합니다. 전학과 관련된 절차를 명확히 정리하여 안내해 주시기 바랍니다. 학부모 입장에서는 정확한 정보가 무엇보다 중요한 것 같습니다.,기타,낮음,행정실
아이 학교의 가정통신문이 행사 직전에야 너무 늦게 배부되어 준비물이나 일정을 미리 챙기기가 어려웠습니다. 적어도 며칠 전에는 안내가 이루어졌으면 좋겠습니다. 가정통신문 배부 일정을 좀 더 여유 있게 조정해 주시기 바랍니다. 학부모들의 준비 시간을 고려해 주시면 감사하겠습니다.,기타,낮음,행정실
학교 운동장의 조명 시설이 노후화되어 저녁 시간에 진행되는 행사 때마다 어두워서 불편했다는 이야기를 들었습니다. 시설 점검과 보수가 시급히 필요해 보입니다. 안전과도 관련된 부분이니 예산을 확보하여 개선해 주시기 바랍니다. 안전하고 쾌적한 시설 환경을 위해 부탁드립니다.,기타,높음,행정실
방과후학교 강사가 사전 안내 없이 갑자기 다른 강사로 바뀌어서 매우 당황스러웠습니다. 아이도 새로운 강사에게 적응하는 데 어려움을 겪고 있는 것 같습니다. 강사가 변경될 때는 사전에 충분히 안내해 주시기 바랍니다. 학부모들의 혼란을 줄이는 차원에서 꼭 필요한 절차인 것 같습니다.,기타,낮음,행정실
학교 화장실에 휴지나 비누가 자주 다 떨어져 있어 불편하다는 이야기를 아이에게 여러 번 들었습니다. 위생용품 관리가 제대로 이루어지고 있는지 점검 부탁드립니다. 기본적인 위생 환경이 잘 갖춰졌으면 합니다. 작은 부분이지만 아이들의 생활에 직접적인 영향을 미치는 것 같습니다.,기타,낮음,행정실
학교 누리집에 게시된 학사일정과 실제로 운영되는 일정이 서로 달라 헷갈리는 경우가 종종 있습니다. 최신 정보로 좀 더 자주 업데이트해 주시면 좋겠습니다. 정확한 일정 안내가 학부모들의 일정 관리에 큰 도움이 됩니다. 학사일정 정보 관리에 좀 더 세심하게 신경 써주시기를 바랍니다.,기타,낮음,행정실
아이 학급에서 진행하는 현장체험학습 비용이 처음 사전 안내보다 갑자기 늘어나서 당황스러웠던 적이 있습니다. 비용이 변경될 때는 미리 충분한 안내가 필요할 것 같습니다. 예산과 관련된 투명한 공개를 부탁드립니다. 각 가정의 경제적 부담을 충분히 고려한 운영이 앞으로 이루어졌으면 합니다.,기타,낮음,행정실
학교 주변 보행자 도로 곳곳에 자전거가 무분별하게 주차되어 있어 통행이 불편하다는 이야기를 들었습니다. 등하굣길 보행 환경에 대한 개선이 필요해 보입니다. 관할 기관과 협조하여 자전거 거치대 설치 등을 검토해 주시기 바랍니다. 안전하고 쾌적한 통학로가 되었으면 합니다.,기타,높음,행정실
학교에 설치된 정수기 물맛이 이상하다는 이야기를 아이에게서 최근 여러 번 들었습니다. 필터 교체 주기나 관리 상태가 궁금하고 걱정이 됩니다. 정기적인 수질 점검과 관리가 이루어지고 있는지 확인 부탁드립니다. 아이들이 언제든 안심하고 마실 수 있는 물이 제공되었으면 합니다.,기타,낮음,행정실
학부모의 사전 동의 없이 아이의 그림이나 글쓰기 작품이 외부 대회에 출품된 사실을 뒤늦게 알게 되어 매우 당황스러웠습니다. 사전 동의 절차가 누락된 것 같아 매우 아쉽습니다. 앞으로는 학부모의 동의를 먼저 구해 주시기 바랍니다. 이런 절차상의 신중함이 앞으로는 꼭 필요해 보입니다.,기타,낮음,행정실
학교 행정실에 필요한 서류 발급을 요청했는데 처리 기간이 안내받은 것보다 훨씬 길어져서 불편을 겪었습니다. 급하게 필요한 서류였는데 일정에 차질이 생겨 난감했습니다. 처리 기간에 대한 정확한 안내와 신속한 처리를 부탁드립니다. 행정 서비스 전반의 개선이 필요해 보입니다.,기타,낮음,행정실
학교 게시판에 부착된 각종 안내문이 오래되어 떨어지거나 색이 바래서 알아보기 힘든 것들이 점점 많아지고 있습니다. 정기적인 게시물 관리가 필요해 보입니다. 최신 정보로 교체하고 꾸준히 관리해 주시기 바랍니다. 작은 부분이지만 학교의 관리 수준을 보여주는 부분인 것 같습니다.,기타,낮음,행정실
학교 주차장 공간이 협소해서 학부모 상담이나 큰 행사에 참석할 때마다 주차에 어려움을 겪었습니다. 인근 공영주차장과 연계한 안내라도 해주실 수 있을까요. 행사 시에는 임시 주차 공간에 대한 안내가 필요해 보입니다. 학부모들의 불편을 줄이는 방안을 검토해 주시기 바랍니다.,기타,낮음,행정실
아이가 잃어버린 물건을 찾기 위해 학교 분실물 보관함을 확인했는데 정리가 전혀 되지 않은 채 그대로 방치되어 있었습니다. 정기적인 분실물 정리와 안내가 필요해 보입니다. 학부모와 학생이 쉽게 확인할 수 있는 시스템을 마련해 주시기 바랍니다. 작은 불편이지만 개선되었으면 합니다.,기타,낮음,행정실
학교 앞 신호등 대기 시간이 너무 짧아서 저학년 아이들이 길을 건너다가 신호가 바뀌는 경우가 있다고 합니다. 관할 기관에 신호 시간 조정을 요청해 주실 수 있는지 문의드립니다. 등하굣길 안전과 직결되는 문제라 빠른 확인을 부탁드립니다. 아이들의 안전을 최우선으로 고려해 주시기 바랍니다.,기타,높음,행정실
학교 행사가 있을 때마다 학부모회 임원분들에게만 역할이 집중되는 것 같다는 이야기를 여러 번 들었습니다. 더 많은 학부모들이 참여할 수 있는 기회가 마련되었으면 합니다. 자율적이고 부담 없는 참여 방식을 고민해 주시기 바랍니다. 다양한 학부모들의 의견이 골고루 반영되었으면 좋겠습니다.,기타,낮음,행정실
아이 학교에서 사용하는 학습용 앱이 자주 먹통이 되어 숙제를 제때 제출하지 못하는 경우가 종종 있었습니다. 시스템 안정성에 대한 개선이 필요해 보입니다. 관련 업체에 점검을 요청해 주시기 바랍니다. 아이들의 디지털 학습 환경이 앞으로 좀 더 원활하게 운영되었으면 좋겠습니다.,기타,낮음,행정실
학교에서 보내주신 가정통신문에 오탈자나 잘못된 정보가 종종 발견되어 매번 신경이 쓰입니다. 정보의 정확성이 중요한 만큼 발송 전 검토가 한 번 더 이루어졌으면 합니다. 작은 부분이지만 학교에 대한 신뢰와 관련된 사항인 것 같습니다. 발송 전 꼼꼼한 확인을 부탁드립니다.,기타,높음,행정실
학교 동아리 활동 신청 시스템이 너무 복잡해서 아이가 원하는 동아리에 신청하는 데 큰 어려움을 겪었습니다. 좀 더 간편하고 직관적인 신청 절차로 개선해 주실 수 있을까요. 학생들의 의견을 반영한 시스템 개편이 필요해 보입니다. 다음 학기에는 꼭 개선되었으면 좋겠습니다.,기타,낮음,행정실
학교 운동장에서 미세먼지가 심한 날에도 야외 체육 수업을 그대로 진행하는 경우가 있다고 합니다. 대기질 기준에 따른 실내 대체 수업 운영이 필요해 보입니다. 아이들의 호흡기 건강을 고려한 기준 마련을 부탁드립니다. 미세먼지 농도에 따른 명확한 운영 지침을 안내해 주시면 좋겠습니다.,기타,높음,행정실
학교 졸업앨범을 제작하는 업체를 선정하는 과정에서 학부모 의견을 수렴하는 절차가 전혀 없었다는 점이 아쉽습니다. 가격이나 품질에 대한 사전 안내도 부족했던 것 같습니다. 다음에는 학부모 의견을 반영하는 절차를 마련해 주시기 바랍니다. 투명한 진행을 위해 검토 부탁드립니다.,기타,낮음,행정실
학교 행사와 관련해 가정에서 확인해야 할 내용이 명확하지 않았습니다. 관련 기준과 절차를 안내해 주시기 바랍니다,기타,낮음,행정실
학교 행사와 관련해 가정에서 확인해야 할 내용이 명확하지 않았습니다. 가정에서도 확인할 수 있도록 추가 공지를 부탁드립니다,기타,낮음,행정실
학교 행사와 관련해 가정에서 확인해야 할 내용이 명확하지 않았습니다. 담당 부서에서 확인 후 답변해 주시면 감사하겠습니다,기타,낮음,행정실
학교 행사와 관련해 가정에서 확인해야 할 내용이 명확하지 않았습니다. 혼란이 없도록 안내 내용을 보완해 주시기 바랍니다,기타,낮음,행정실
학교 행사와 관련해 안내된 절차에 대해 추가 설명이 필요합니다. 관련 기준과 절차를 안내해 주시기 바랍니다,기타,낮음,행정실
학교 행사와 관련해 안내된 절차에 대해 추가 설명이 필요합니다. 가정에서도 확인할 수 있도록 추가 공지를 부탁드립니다,기타,낮음,행정실
학교 행사와 관련해 안내된 절차에 대해 추가 설명이 필요합니다. 담당 부서에서 확인 후 답변해 주시면 감사하겠습니다,기타,낮음,행정실
학교 행사와 관련해 안내된 절차에 대해 추가 설명이 필요합니다. 혼란이 없도록 안내 내용을 보완해 주시기 바랍니다,기타,낮음,행정실
학교 행사와 관련해 일정과 준비 사항을 다시 확인하고 싶습니다. 관련 기준과 절차를 안내해 주시기 바랍니다,기타,낮음,행정실
학교 행사와 관련해 일정과 준비 사항을 다시 확인하고 싶습니다. 가정에서도 확인할 수 있도록 추가 공지를 부탁드립니다,기타,낮음,행정실
학교 행사와 관련해 일정과 준비 사항을 다시 확인하고 싶습니다. 담당 부서에서 확인 후 답변해 주시면 감사하겠습니다,기타,낮음,행정실
학교 행사와 관련해 일정과 준비 사항을 다시 확인하고 싶습니다. 혼란이 없도록 안내 내용을 보완해 주시기 바랍니다,기타,낮음,행정실
학교 행사와 관련해 학부모 입장에서 궁금한 부분이 남아 있습니다. 관련 기준과 절차를 안내해 주시기 바랍니다,기타,낮음,행정실
학교 행사와 관련해 학부모 입장에서 궁금한 부분이 남아 있습니다. 가정에서도 확인할 수 있도록 추가 공지를 부탁드립니다,기타,낮음,행정실
학교 행사와 관련해 학부모 입장에서 궁금한 부분이 남아 있습니다. 담당 부서에서 확인 후 답변해 주시면 감사하겠습니다,기타,낮음,행정실
학교 행사와 관련해 학부모 입장에서 궁금한 부분이 남아 있습니다. 혼란이 없도록 안내 내용을 보완해 주시기 바랍니다,기타,낮음,행정실
학교 행사와 관련해 공지 내용만으로는 판단하기 어려운 점이 있습니다. 관련 기준과 절차를 안내해 주시기 바랍니다,기타,낮음,행정실
학교 행사와 관련해 공지 내용만으로는 판단하기 어려운 점이 있습니다. 가정에서도 확인할 수 있도록 추가 공지를 부탁드립니다,기타,낮음,행정실
학교 행사와 관련해 공지 내용만으로는 판단하기 어려운 점이 있습니다. 담당 부서에서 확인 후 답변해 주시면 감사하겠습니다,기타,낮음,행정실
학교 행사와 관련해 공지 내용만으로는 판단하기 어려운 점이 있습니다. 혼란이 없도록 안내 내용을 보완해 주시기 바랍니다,기타,낮음,행정실
학교 행사와 관련해 학교 운영 방식에 대해 문의드릴 부분이 있습니다. 관련 기준과 절차를 안내해 주시기 바랍니다,기타,낮음,행정실
학교 행사와 관련해 학교 운영 방식에 대해 문의드릴 부분이 있습니다. 가정에서도 확인할 수 있도록 추가 공지를 부탁드립니다,기타,낮음,행정실
학교 행사와 관련해 학교 운영 방식에 대해 문의드릴 부분이 있습니다. 담당 부서에서 확인 후 답변해 주시면 감사하겠습니다,기타,낮음,행정실
학교 행사와 관련해 학교 운영 방식에 대해 문의드릴 부분이 있습니다. 혼란이 없도록 안내 내용을 보완해 주시기 바랍니다,기타,낮음,행정실
가정통신문와 관련해 가정에서 확인해야 할 내용이 명확하지 않았습니다. 관련 기준과 절차를 안내해 주시기 바랍니다,기타,낮음,행정실
가정통신문와 관련해 가정에서 확인해야 할 내용이 명확하지 않았습니다. 가정에서도 확인할 수 있도록 추가 공지를 부탁드립니다,기타,낮음,행정실
가정통신문와 관련해 가정에서 확인해야 할 내용이 명확하지 않았습니다. 담당 부서에서 확인 후 답변해 주시면 감사하겠습니다,기타,낮음,행정실
가정통신문와 관련해 가정에서 확인해야 할 내용이 명확하지 않았습니다. 혼란이 없도록 안내 내용을 보완해 주시기 바랍니다,기타,낮음,행정실
가정통신문와 관련해 안내된 절차에 대해 추가 설명이 필요합니다. 관련 기준과 절차를 안내해 주시기 바랍니다,기타,낮음,행정실
가정통신문와 관련해 안내된 절차에 대해 추가 설명이 필요합니다. 가정에서도 확인할 수 있도록 추가 공지를 부탁드립니다,기타,낮음,행정실
가정통신문와 관련해 안내된 절차에 대해 추가 설명이 필요합니다. 담당 부서에서 확인 후 답변해 주시면 감사하겠습니다,기타,낮음,행정실
가정통신문와 관련해 안내된 절차에 대해 추가 설명이 필요합니다. 혼란이 없도록 안내 내용을 보완해 주시기 바랍니다,기타,낮음,행정실
가정통신문와 관련해 일정과 준비 사항을 다시 확인하고 싶습니다. 관련 기준과 절차를 안내해 주시기 바랍니다,기타,낮음,행정실
가정통신문와 관련해 일정과 준비 사항을 다시 확인하고 싶습니다. 가정에서도 확인할 수 있도록 추가 공지를 부탁드립니다,기타,낮음,행정실
가정통신문와 관련해 일정과 준비 사항을 다시 확인하고 싶습니다. 담당 부서에서 확인 후 답변해 주시면 감사하겠습니다,기타,낮음,행정실
가정통신문와 관련해 일정과 준비 사항을 다시 확인하고 싶습니다. 혼란이 없도록 안내 내용을 보완해 주시기 바랍니다,기타,낮음,행정실
가정통신문와 관련해 학부모 입장에서 궁금한 부분이 남아 있습니다. 관련 기준과 절차를 안내해 주시기 바랍니다,기타,낮음,행정실
가정통신문와 관련해 학부모 입장에서 궁금한 부분이 남아 있습니다. 가정에서도 확인할 수 있도록 추가 공지를 부탁드립니다,기타,낮음,행정실
가정통신문와 관련해 학부모 입장에서 궁금한 부분이 남아 있습니다. 담당 부서에서 확인 후 답변해 주시면 감사하겠습니다,기타,낮음,행정실
가정통신문와 관련해 학부모 입장에서 궁금한 부분이 남아 있습니다. 혼란이 없도록 안내 내용을 보완해 주시기 바랍니다,기타,낮음,행정실
가정통신문와 관련해 공지 내용만으로는 판단하기 어려운 점이 있습니다. 관련 기준과 절차를 안내해 주시기 바랍니다,기타,낮음,행정실
가정통신문와 관련해 공지 내용만으로는 판단하기 어려운 점이 있습니다. 가정에서도 확인할 수 있도록 추가 공지를 부탁드립니다,기타,낮음,행정실
가정통신문와 관련해 공지 내용만으로는 판단하기 어려운 점이 있습니다. 담당 부서에서 확인 후 답변해 주시면 감사하겠습니다,기타,낮음,행정실
가정통신문와 관련해 공지 내용만으로는 판단하기 어려운 점이 있습니다. 혼란이 없도록 안내 내용을 보완해 주시기 바랍니다,기타,낮음,행정실
가정통신문와 관련해 학교 운영 방식에 대해 문의드릴 부분이 있습니다. 관련 기준과 절차를 안내해 주시기 바랍니다,기타,낮음,행정실
가정통신문와 관련해 학교 운영 방식에 대해 문의드릴 부분이 있습니다. 가정에서도 확인할 수 있도록 추가 공지를 부탁드립니다,기타,낮음,행정실
가정통신문와 관련해 학교 운영 방식에 대해 문의드릴 부분이 있습니다. 담당 부서에서 확인 후 답변해 주시면 감사하겠습니다,기타,낮음,행정실
가정통신문와 관련해 학교 운영 방식에 대해 문의드릴 부분이 있습니다. 혼란이 없도록 안내 내용을 보완해 주시기 바랍니다,기타,낮음,행정실
방과후 과정와 관련해 가정에서 확인해야 할 내용이 명확하지 않았습니다. 관련 기준과 절차를 안내해 주시기 바랍니다,기타,낮음,행정실
방과후 과정와 관련해 가정에서 확인해야 할 내용이 명확하지 않았습니다. 가정에서도 확인할 수 있도록 추가 공지를 부탁드립니다,기타,낮음,행정실
방과후 과정와 관련해 가정에서 확인해야 할 내용이 명확하지 않았습니다. 담당 부서에서 확인 후 답변해 주시면 감사하겠습니다,기타,낮음,행정실
방과후 과정와 관련해 가정에서 확인해야 할 내용이 명확하지 않았습니다. 혼란이 없도록 안내 내용을 보완해 주시기 바랍니다,기타,낮음,행정실
방과후 과정와 관련해 안내된 절차에 대해 추가 설명이 필요합니다. 관련 기준과 절차를 안내해 주시기 바랍니다,기타,낮음,행정실
방과후 과정와 관련해 안내된 절차에 대해 추가 설명이 필요합니다. 가정에서도 확인할 수 있도록 추가 공지를 부탁드립니다,기타,낮음,행정실
방과후 과정와 관련해 안내된 절차에 대해 추가 설명이 필요합니다. 담당 부서에서 확인 후 답변해 주시면 감사하겠습니다,기타,낮음,행정실
방과후 과정와 관련해 안내된 절차에 대해 추가 설명이 필요합니다. 혼란이 없도록 안내 내용을 보완해 주시기 바랍니다,기타,낮음,행정실
방과후 과정와 관련해 일정과 준비 사항을 다시 확인하고 싶습니다. 관련 기준과 절차를 안내해 주시기 바랍니다,기타,낮음,행정실
방과후 과정와 관련해 일정과 준비 사항을 다시 확인하고 싶습니다. 가정에서도 확인할 수 있도록 추가 공지를 부탁드립니다,기타,낮음,행정실
방과후 과정와 관련해 일정과 준비 사항을 다시 확인하고 싶습니다. 담당 부서에서 확인 후 답변해 주시면 감사하겠습니다,기타,낮음,행정실
방과후 과정와 관련해 일정과 준비 사항을 다시 확인하고 싶습니다. 혼란이 없도록 안내 내용을 보완해 주시기 바랍니다,기타,낮음,행정실
방과후 과정와 관련해 학부모 입장에서 궁금한 부분이 남아 있습니다. 관련 기준과 절차를 안내해 주시기 바랍니다,기타,낮음,행정실
방과후 과정와 관련해 학부모 입장에서 궁금한 부분이 남아 있습니다. 가정에서도 확인할 수 있도록 추가 공지를 부탁드립니다,기타,낮음,행정실
방과후 과정와 관련해 학부모 입장에서 궁금한 부분이 남아 있습니다. 담당 부서에서 확인 후 답변해 주시면 감사하겠습니다,기타,낮음,행정실
방과후 과정와 관련해 학부모 입장에서 궁금한 부분이 남아 있습니다. 혼란이 없도록 안내 내용을 보완해 주시기 바랍니다,기타,낮음,행정실
방과후 과정와 관련해 공지 내용만으로는 판단하기 어려운 점이 있습니다. 관련 기준과 절차를 안내해 주시기 바랍니다,기타,낮음,행정실
방과후 과정와 관련해 공지 내용만으로는 판단하기 어려운 점이 있습니다. 가정에서도 확인할 수 있도록 추가 공지를 부탁드립니다,기타,낮음,행정실
방과후 과정와 관련해 공지 내용만으로는 판단하기 어려운 점이 있습니다. 담당 부서에서 확인 후 답변해 주시면 감사하겠습니다,기타,낮음,행정실
방과후 과정와 관련해 공지 내용만으로는 판단하기 어려운 점이 있습니다. 혼란이 없도록 안내 내용을 보완해 주시기 바랍니다,기타,낮음,행정실
방과후 과정와 관련해 학교 운영 방식에 대해 문의드릴 부분이 있습니다. 관련 기준과 절차를 안내해 주시기 바랍니다,기타,낮음,행정실
방과후 과정와 관련해 학교 운영 방식에 대해 문의드릴 부분이 있습니다. 가정에서도 확인할 수 있도록 추가 공지를 부탁드립니다,기타,낮음,행정실
방과후 과정와 관련해 학교 운영 방식에 대해 문의드릴 부분이 있습니다. 담당 부서에서 확인 후 답변해 주시면 감사하겠습니다,기타,낮음,행정실
방과후 과정와 관련해 학교 운영 방식에 대해 문의드릴 부분이 있습니다. 혼란이 없도록 안내 내용을 보완해 주시기 바랍니다,기타,낮음,행정실
상담 일정와 관련해 가정에서 확인해야 할 내용이 명확하지 않았습니다. 관련 기준과 절차를 안내해 주시기 바랍니다,기타,낮음,행정실
상담 일정와 관련해 가정에서 확인해야 할 내용이 명확하지 않았습니다. 가정에서도 확인할 수 있도록 추가 공지를 부탁드립니다,기타,낮음,행정실
상담 일정와 관련해 가정에서 확인해야 할 내용이 명확하지 않았습니다. 담당 부서에서 확인 후 답변해 주시면 감사하겠습니다,기타,낮음,행정실
상담 일정와 관련해 가정에서 확인해야 할 내용이 명확하지 않았습니다. 혼란이 없도록 안내 내용을 보완해 주시기 바랍니다,기타,낮음,행정실
상담 일정와 관련해 안내된 절차에 대해 추가 설명이 필요합니다. 관련 기준과 절차를 안내해 주시기 바랍니다,기타,낮음,행정실
상담 일정와 관련해 안내된 절차에 대해 추가 설명이 필요합니다. 가정에서도 확인할 수 있도록 추가 공지를 부탁드립니다,기타,낮음,행정실
상담 일정와 관련해 안내된 절차에 대해 추가 설명이 필요합니다. 담당 부서에서 확인 후 답변해 주시면 감사하겠습니다,기타,낮음,행정실
상담 일정와 관련해 안내된 절차에 대해 추가 설명이 필요합니다. 혼란이 없도록 안내 내용을 보완해 주시기 바랍니다,기타,낮음,행정실
상담 일정와 관련해 일정과 준비 사항을 다시 확인하고 싶습니다. 관련 기준과 절차를 안내해 주시기 바랍니다,기타,낮음,행정실
상담 일정와 관련해 일정과 준비 사항을 다시 확인하고 싶습니다. 가정에서도 확인할 수 있도록 추가 공지를 부탁드립니다,기타,낮음,행정실
상담 일정와 관련해 일정과 준비 사항을 다시 확인하고 싶습니다. 담당 부서에서 확인 후 답변해 주시면 감사하겠습니다,기타,낮음,행정실
상담 일정와 관련해 일정과 준비 사항을 다시 확인하고 싶습니다. 혼란이 없도록 안내 내용을 보완해 주시기 바랍니다,기타,낮음,행정실
상담 일정와 관련해 학부모 입장에서 궁금한 부분이 남아 있습니다. 관련 기준과 절차를 안내해 주시기 바랍니다,기타,낮음,행정실
상담 일정와 관련해 학부모 입장에서 궁금한 부분이 남아 있습니다. 가정에서도 확인할 수 있도록 추가 공지를 부탁드립니다,기타,낮음,행정실
상담 일정와 관련해 학부모 입장에서 궁금한 부분이 남아 있습니다. 담당 부서에서 확인 후 답변해 주시면 감사하겠습니다,기타,낮음,행정실
상담 일정와 관련해 학부모 입장에서 궁금한 부분이 남아 있습니다. 혼란이 없도록 안내 내용을 보완해 주시기 바랍니다,기타,낮음,행정실
상담 일정와 관련해 공지 내용만으로는 판단하기 어려운 점이 있습니다. 관련 기준과 절차를 안내해 주시기 바랍니다,기타,낮음,행정실
상담 일정와 관련해 공지 내용만으로는 판단하기 어려운 점이 있습니다. 가정에서도 확인할 수 있도록 추가 공지를 부탁드립니다,기타,낮음,행정실
상담 일정와 관련해 공지 내용만으로는 판단하기 어려운 점이 있습니다. 담당 부서에서 확인 후 답변해 주시면 감사하겠습니다,기타,낮음,행정실
상담 일정와 관련해 공지 내용만으로는 판단하기 어려운 점이 있습니다. 혼란이 없도록 안내 내용을 보완해 주시기 바랍니다,기타,낮음,행정실
상담 일정와 관련해 학교 운영 방식에 대해 문의드릴 부분이 있습니다. 관련 기준과 절차를 안내해 주시기 바랍니다,기타,낮음,행정실
상담 일정와 관련해 학교 운영 방식에 대해 문의드릴 부분이 있습니다. 가정에서도 확인할 수 있도록 추가 공지를 부탁드립니다,기타,낮음,행정실
상담 일정와 관련해 학교 운영 방식에 대해 문의드릴 부분이 있습니다. 담당 부서에서 확인 후 답변해 주시면 감사하겠습니다,기타,낮음,행정실
상담 일정와 관련해 학교 운영 방식에 대해 문의드릴 부분이 있습니다. 혼란이 없도록 안내 내용을 보완해 주시기 바랍니다,기타,낮음,행정실
행정 안내와 관련해 가정에서 확인해야 할 내용이 명확하지 않았습니다. 관련 기준과 절차를 안내해 주시기 바랍니다,기타,낮음,행정실
행정 안내와 관련해 가정에서 확인해야 할 내용이 명확하지 않았습니다. 가정에서도 확인할 수 있도록 추가 공지를 부탁드립니다,기타,낮음,행정실
행정 안내와 관련해 가정에서 확인해야 할 내용이 명확하지 않았습니다. 담당 부서에서 확인 후 답변해 주시면 감사하겠습니다,기타,낮음,행정실
행정 안내와 관련해 가정에서 확인해야 할 내용이 명확하지 않았습니다. 혼란이 없도록 안내 내용을 보완해 주시기 바랍니다,기타,낮음,행정실
행정 안내와 관련해 안내된 절차에 대해 추가 설명이 필요합니다. 관련 기준과 절차를 안내해 주시기 바랍니다,기타,낮음,행정실
행정 안내와 관련해 안내된 절차에 대해 추가 설명이 필요합니다. 가정에서도 확인할 수 있도록 추가 공지를 부탁드립니다,기타,낮음,행정실
행정 안내와 관련해 안내된 절차에 대해 추가 설명이 필요합니다. 담당 부서에서 확인 후 답변해 주시면 감사하겠습니다,기타,낮음,행정실
행정 안내와 관련해 안내된 절차에 대해 추가 설명이 필요합니다. 혼란이 없도록 안내 내용을 보완해 주시기 바랍니다,기타,낮음,행정실
행정 안내와 관련해 일정과 준비 사항을 다시 확인하고 싶습니다. 관련 기준과 절차를 안내해 주시기 바랍니다,기타,낮음,행정실
행정 안내와 관련해 일정과 준비 사항을 다시 확인하고 싶습니다. 가정에서도 확인할 수 있도록 추가 공지를 부탁드립니다,기타,낮음,행정실
행정 안내와 관련해 일정과 준비 사항을 다시 확인하고 싶습니다. 담당 부서에서 확인 후 답변해 주시면 감사하겠습니다,기타,낮음,행정실
행정 안내와 관련해 일정과 준비 사항을 다시 확인하고 싶습니다. 혼란이 없도록 안내 내용을 보완해 주시기 바랍니다,기타,낮음,행정실
행정 안내와 관련해 학부모 입장에서 궁금한 부분이 남아 있습니다. 관련 기준과 절차를 안내해 주시기 바랍니다,기타,낮음,행정실
행정 안내와 관련해 학부모 입장에서 궁금한 부분이 남아 있습니다. 가정에서도 확인할 수 있도록 추가 공지를 부탁드립니다,기타,낮음,행정실
행정 안내와 관련해 학부모 입장에서 궁금한 부분이 남아 있습니다. 담당 부서에서 확인 후 답변해 주시면 감사하겠습니다,기타,낮음,행정실
행정 안내와 관련해 학부모 입장에서 궁금한 부분이 남아 있습니다. 혼란이 없도록 안내 내용을 보완해 주시기 바랍니다,기타,낮음,행정실
행정 안내와 관련해 공지 내용만으로는 판단하기 어려운 점이 있습니다. 관련 기준과 절차를 안내해 주시기 바랍니다,기타,낮음,행정실
행정 안내와 관련해 공지 내용만으로는 판단하기 어려운 점이 있습니다. 가정에서도 확인할 수 있도록 추가 공지를 부탁드립니다,기타,낮음,행정실
행정 안내와 관련해 공지 내용만으로는 판단하기 어려운 점이 있습니다. 담당 부서에서 확인 후 답변해 주시면 감사하겠습니다,기타,낮음,행정실
행정 안내와 관련해 공지 내용만으로는 판단하기 어려운 점이 있습니다. 혼란이 없도록 안내 내용을 보완해 주시기 바랍니다,기타,낮음,행정실
행정 안내와 관련해 학교 운영 방식에 대해 문의드릴 부분이 있습니다. 관련 기준과 절차를 안내해 주시기 바랍니다,기타,낮음,행정실
행정 안내와 관련해 학교 운영 방식에 대해 문의드릴 부분이 있습니다. 가정에서도 확인할 수 있도록 추가 공지를 부탁드립니다,기타,낮음,행정실
행정 안내와 관련해 학교 운영 방식에 대해 문의드릴 부분이 있습니다. 담당 부서에서 확인 후 답변해 주시면 감사하겠습니다,기타,낮음,행정실
행정 안내와 관련해 학교 운영 방식에 대해 문의드릴 부분이 있습니다. 혼란이 없도록 안내 내용을 보완해 주시기 바랍니다,기타,낮음,행정실
체험학습 절차와 관련해 가정에서 확인해야 할 내용이 명확하지 않았습니다. 관련 기준과 절차를 안내해 주시기 바랍니다,기타,낮음,행정실
체험학습 절차와 관련해 가정에서 확인해야 할 내용이 명확하지 않았습니다. 가정에서도 확인할 수 있도록 추가 공지를 부탁드립니다,기타,낮음,행정실
체험학습 절차와 관련해 가정에서 확인해야 할 내용이 명확하지 않았습니다. 담당 부서에서 확인 후 답변해 주시면 감사하겠습니다,기타,낮음,행정실
체험학습 절차와 관련해 가정에서 확인해야 할 내용이 명확하지 않았습니다. 혼란이 없도록 안내 내용을 보완해 주시기 바랍니다,기타,낮음,행정실
체험학습 절차와 관련해 안내된 절차에 대해 추가 설명이 필요합니다. 관련 기준과 절차를 안내해 주시기 바랍니다,기타,낮음,행정실
체험학습 절차와 관련해 안내된 절차에 대해 추가 설명이 필요합니다. 가정에서도 확인할 수 있도록 추가 공지를 부탁드립니다,기타,낮음,행정실
체험학습 절차와 관련해 안내된 절차에 대해 추가 설명이 필요합니다. 담당 부서에서 확인 후 답변해 주시면 감사하겠습니다,기타,낮음,행정실
체험학습 절차와 관련해 안내된 절차에 대해 추가 설명이 필요합니다. 혼란이 없도록 안내 내용을 보완해 주시기 바랍니다,기타,낮음,행정실
체험학습 절차와 관련해 일정과 준비 사항을 다시 확인하고 싶습니다. 관련 기준과 절차를 안내해 주시기 바랍니다,기타,낮음,행정실
체험학습 절차와 관련해 일정과 준비 사항을 다시 확인하고 싶습니다. 가정에서도 확인할 수 있도록 추가 공지를 부탁드립니다,기타,낮음,행정실
체험학습 절차와 관련해 일정과 준비 사항을 다시 확인하고 싶습니다. 담당 부서에서 확인 후 답변해 주시면 감사하겠습니다,기타,낮음,행정실
체험학습 절차와 관련해 일정과 준비 사항을 다시 확인하고 싶습니다. 혼란이 없도록 안내 내용을 보완해 주시기 바랍니다,기타,낮음,행정실
체험학습 절차와 관련해 학부모 입장에서 궁금한 부분이 남아 있습니다. 관련 기준과 절차를 안내해 주시기 바랍니다,기타,낮음,행정실
체험학습 절차와 관련해 학부모 입장에서 궁금한 부분이 남아 있습니다. 가정에서도 확인할 수 있도록 추가 공지를 부탁드립니다,기타,낮음,행정실
체험학습 절차와 관련해 학부모 입장에서 궁금한 부분이 남아 있습니다. 담당 부서에서 확인 후 답변해 주시면 감사하겠습니다,기타,낮음,행정실
체험학습 절차와 관련해 학부모 입장에서 궁금한 부분이 남아 있습니다. 혼란이 없도록 안내 내용을 보완해 주시기 바랍니다,기타,낮음,행정실
체험학습 절차와 관련해 공지 내용만으로는 판단하기 어려운 점이 있습니다. 관련 기준과 절차를 안내해 주시기 바랍니다,기타,낮음,행정실
체험학습 절차와 관련해 공지 내용만으로는 판단하기 어려운 점이 있습니다. 가정에서도 확인할 수 있도록 추가 공지를 부탁드립니다,기타,낮음,행정실
체험학습 절차와 관련해 공지 내용만으로는 판단하기 어려운 점이 있습니다. 담당 부서에서 확인 후 답변해 주시면 감사하겠습니다,기타,낮음,행정실
체험학습 절차와 관련해 공지 내용만으로는 판단하기 어려운 점이 있습니다. 혼란이 없도록 안내 내용을 보완해 주시기 바랍니다,기타,낮음,행정실
체험학습 절차와 관련해 학교 운영 방식에 대해 문의드릴 부분이 있습니다. 관련 기준과 절차를 안내해 주시기 바랍니다,기타,낮음,행정실
체험학습 절차와 관련해 학교 운영 방식에 대해 문의드릴 부분이 있습니다. 가정에서도 확인할 수 있도록 추가 공지를 부탁드립니다,기타,낮음,행정실
체험학습 절차와 관련해 학교 운영 방식에 대해 문의드릴 부분이 있습니다. 담당 부서에서 확인 후 답변해 주시면 감사하겠습니다,기타,낮음,행정실
체험학습 절차와 관련해 학교 운영 방식에 대해 문의드릴 부분이 있습니다. 혼란이 없도록 안내 내용을 보완해 주시기 바랍니다,기타,낮음,행정실
준비물 공지와 관련해 가정에서 확인해야 할 내용이 명확하지 않았습니다. 관련 기준과 절차를 안내해 주시기 바랍니다,기타,낮음,행정실
준비물 공지와 관련해 가정에서 확인해야 할 내용이 명확하지 않았습니다. 가정에서도 확인할 수 있도록 추가 공지를 부탁드립니다,기타,낮음,행정실
준비물 공지와 관련해 가정에서 확인해야 할 내용이 명확하지 않았습니다. 담당 부서에서 확인 후 답변해 주시면 감사하겠습니다,기타,낮음,행정실
준비물 공지와 관련해 가정에서 확인해야 할 내용이 명확하지 않았습니다. 혼란이 없도록 안내 내용을 보완해 주시기 바랍니다,기타,낮음,행정실
준비물 공지와 관련해 안내된 절차에 대해 추가 설명이 필요합니다. 관련 기준과 절차를 안내해 주시기 바랍니다,기타,낮음,행정실
준비물 공지와 관련해 안내된 절차에 대해 추가 설명이 필요합니다. 가정에서도 확인할 수 있도록 추가 공지를 부탁드립니다,기타,낮음,행정실
준비물 공지와 관련해 안내된 절차에 대해 추가 설명이 필요합니다. 담당 부서에서 확인 후 답변해 주시면 감사하겠습니다,기타,낮음,행정실
준비물 공지와 관련해 안내된 절차에 대해 추가 설명이 필요합니다. 혼란이 없도록 안내 내용을 보완해 주시기 바랍니다,기타,낮음,행정실
준비물 공지와 관련해 일정과 준비 사항을 다시 확인하고 싶습니다. 관련 기준과 절차를 안내해 주시기 바랍니다,기타,낮음,행정실
준비물 공지와 관련해 일정과 준비 사항을 다시 확인하고 싶습니다. 가정에서도 확인할 수 있도록 추가 공지를 부탁드립니다,기타,낮음,행정실
준비물 공지와 관련해 일정과 준비 사항을 다시 확인하고 싶습니다. 담당 부서에서 확인 후 답변해 주시면 감사하겠습니다,기타,낮음,행정실
준비물 공지와 관련해 일정과 준비 사항을 다시 확인하고 싶습니다. 혼란이 없도록 안내 내용을 보완해 주시기 바랍니다,기타,낮음,행정실
준비물 공지와 관련해 학부모 입장에서 궁금한 부분이 남아 있습니다. 관련 기준과 절차를 안내해 주시기 바랍니다,기타,낮음,행정실
준비물 공지와 관련해 학부모 입장에서 궁금한 부분이 남아 있습니다. 가정에서도 확인할 수 있도록 추가 공지를 부탁드립니다,기타,낮음,행정실
준비물 공지와 관련해 학부모 입장에서 궁금한 부분이 남아 있습니다. 담당 부서에서 확인 후 답변해 주시면 감사하겠습니다,기타,낮음,행정실
준비물 공지와 관련해 학부모 입장에서 궁금한 부분이 남아 있습니다. 혼란이 없도록 안내 내용을 보완해 주시기 바랍니다,기타,낮음,행정실
학교 홈페이지와 가정통신문 앱이 수시로 먹통이 되어서 중요한 공지사항이나 학사일정을 제때 확인하지 못하는 일이 비일비재합니다. 이번에도 수행평가 일정 변경 공지를 학부모 앱 오류 때문에 뒤늦게 확인해서 아이가 준비를 제대로 못 해 학교 가기를 싫어하게 되었습니다. 계속 같은 문제가 반복되고 있는데 시스템 관리 업체 탓만 하며 방치하는 학교 측의 행정이 정말 이해가 되지 않습니다. 여러 번 말씀드렸는데 달라진 것이 없고 소통 부족으로 학부모들의 답답함만 커지고 있으니 너무 화가 납니다. 학부모 입장에서 납득하기 어려운 미숙한 전산 운영에 대해 책임 있는 설명이 필요하며 신속한 서버 증설과 안정화 대책을 요구합니다,수업/학습 문제,보통,교무부
학교 행정실 직원들의 오만하고 불친절한 민원 응대 태도 때문에 전화 통화를 할 때마다 가슴이 답답하고 너무 화가 납니다. 교육비 납부 확인차 전화를 걸었는데 귀찮다는 듯 한숨을 쉬며 담임교사에게 물어보라고 책임을 떠넘기는데 공무원으로서 최소한의 친절함도 찾아볼 수 없어 매우 실망스럽습니다. 여러 번 행정실 태도 개선을 요구하는 글이 올라오는 것으로 아는데 계속 같은 문제가 반복되고 있으니 학부모 입장에서 납득하기 어렵습니다. 우리 아이들이 보고 배우는 학교라는 공간에서 왜 이런 고압적인 태도가 방치되는 건가요. 더 이상 그냥 넘기기 어려우니 행정실 전 직원에 대한 친절 교육과 무책임한 응대 태도에 대한 해명을 촉구합니다,수업/학습 문제,보통,교무부
졸업앨범 제작 업체 선정 과정과 비용 책정 기준이 불투명하여 많은 학부모들이 불신과 의구심을 품고 있습니다. 다른 학교에 비해 앨범 비용이 터무니없이 비싼데도 사진의 화질이나 구성 샘플은 형편없어서 소통 부족과 리베이트 의혹까지 제기되는 상황입니다. 아이도 앨범 샘플을 보더니 디자인이 너무 촌스럽다며 학습 의욕이 크게 떨어졌다며 촬영하기 싫다고 투덜댑니다. 학운위 회의록을 봐도 구체적인 예산 집행 내역이 공개되지 않아 답답함만 누적되고 있습니다. 도대체 왜 이런 식으로 불투명하게 학교가 운영되는 건가요. 더 이상 그냥 넘기기 어려우니 업체 선정 회의록과 상세 견적서를 투명하게 공개해 주십시오,수업/학습 문제,보통,교무부
방과 후 학교 수강신청 시스템이 매번 선착순 방식으로만 진행되다 보니 접속자가 몰려 서버가 다운되고 신청조차 못 하는 악순환이 반복됩니다. 맞벌이 가정이라 대기 순번에도 들지 못해 아이가 원하는 컴퓨터 수업을 듣지 못하게 되었고 방치되었다고 느끼는 상황에서 집에 와서 울었습니다. 이 때문에 사교육으로 눈을 돌려야 해서 가정에서 추가 학습 부담이 커졌는데 학교 방과 후 프로그램이 왜 존재하는지 회의감이 듭니다. 여러 번 추첨제 도입이나 반 설정을 늘려달라고 문의했지만 개선되지 않았고 소통 부족으로 일관하니 매우 실망스럽습니다. 학부모 입장에서 납득하기 어려운 선착순 지옥을 개선해 주십시오,수업/학습 문제,보통,교무부
학교 주변 골목길이 이면도로인데도 불구하고 하교 시간만 되면 학원 차량과 불법 주정차 차량으로 뒤엉켜 아이들의 보행 안전이 심각하게 위협받고 있습니다. 주차 단속이나 교통 정리를 해야 할 정직원이나 담당교사가 한 명도 배치되지 않아 대형 사고 위험이 도처에 깔려 있는데 학교는 교문 밖 일이라며 방치하고 있습니다. 아이는 차들 사이로 아슬아슬하게 걸어오다가 백미러에 부딪칠 뻔했다며 사색이 되어 불안해합니다. 여러 번 말씀드렸는데 달라진 것이 없고 지자체 탓만 하니 정말 이해가 되지 않습니다. 아이들의 소중한 목숨권이 걸린 중대한 안전사고 위험이니만큼 책임 있는 설명과 강력한 단속을 원합니다,수업/학습 문제,높음,교무부
교복 공동구매로 배정받은 교복의 재질이 너무 뻣뻣하고 바느질 마감이 엉망이라 아이가 입을 때마다 피부 가려움증을 호소하고 있습니다. 치수 측정도 엉망으로 되어서 바지 길이가 터무니없이 짧은데도 업체는 교환을 거부하고 학교는 중재 노력 없이 방치하고 있으니 너무 화가 납니다. 아이는 교복 입기가 부끄럽다며 학교 가기를 싫어하게 되었고 학부모 입장에서 납득하기 어려운 저품질 교복에 분노가 치밀어 오릅니다. 여러 번 담당교사를 통해 교복 품질 불만을 접수했으나 소통 부족으로 업체 대변인 같은 소리만 하니 매우 실망스럽습니다. 철저한 품질 조사와 업체 변경을 강력히 항의합니다,수업/학습 문제,보통,교무부
학교발전기금이나 학부모회비를 반강제적으로 징수하는 분위기를 조성하여 학부모들에게 심각한 정신적 경제적 부담과 압박을 주고 있습니다. 학기 초 면담 신청을 하려면 발전기금 납부 여부가 영향을 미치는 것처럼 은연중에 눈치를 주는데 공교육 현장에서 왜 이런 불법 찬조금 조장 행태가 방치되는 건가요. 돈을 내지 않은 가정의 아이가 교실에서 불이익을 받거나 방치되었다고 느끼는 상황이 생길까 봐 걱정과 불안이 가득합니다. 여러 번 이런 구태의연한 모금 방식을 시정해 달라고 문의했지만 개선되지 않았고 불신만 깊어집니다. 더 이상 그냥 넘기기 어려우니 투명한 운영과 강제 징수 중단을 요구합니다,수업/학습 문제,보통,교무부
학교 안에서 외부 상업 업체의 홍보성 교육 프로그램이나 무료 검사를 빙자한 개인정보 수집 행위가 버젓이 허용되어 불쾌감을 지울 수 없습니다. 아이가 학교에서 심리검사를 받았다며 들고 온 유인물에 학부모 전화번호와 주소 등 민감한 개인정보를 적어 내게 유도했는데 알고 보니 사설 학원의 마케팅 수단이었습니다. 학교가 학생들의 개인정보 유출 사고 위험을 방치하고 상업 활동의 무대로 전락하도록 허락한 태도가 정말 이해가 되지 않습니다. 여러 번 학교 측에 상업적 소통 부족 문제를 지적했으나 달라진 것이 없으니 매우 실망스럽고 책임 있는 설명과 사과가 필요합니다,수업/학습 문제,높음,교무부
주말이나 방학 기간 동안 학교 운동장과 체육 시설을 외부 조기축구회나 성인 단체에 무분별하게 대여해 주어 정작 우리 학생들이 시설을 이용하지 못하고 있습니다. 외부인들이 교정에 들어와 담배를 피우고 쓰레기를 무단 투기하여 월요일 아침마다 교실 주변과 운동장이 불결하고 범죄 사고 위험까지 도사리고 있습니다. 아이는 주말에 학교에서 친구들과 축구를 하려다가 쫓겨났다며 억울함에 집에 와서 울었습니다. 학생들의 복지를 최우선으로 해야 할 학교가 도대체 왜 이런 식으로 영리 목적인 것처럼 운영되는 건가요. 여러 번 외부인 출입 통제를 요구했으나 달라진 것이 없어 강력히 항의합니다,수업/학습 문제,보통,교무부
도서관 신간 도서 구입 예산이 책정되어 있음에도 불구하고 몇 년째 아이들이 읽을 만한 유익한 책은 없고 낡고 훼손된 서적들만 서가에 방치되어 있습니다. 아이가 과제 수행이나 독후감 작성을 위해 도서관에 가도 필요한 자료가 전혀 없어 학습 의욕이 크게 떨어졌고 가정에서 도서 구입 추가 비용 부담이 커졌습니다. 사서교사나 담당교사의 무성의한 도서 관리 체계와 소통 부족에 학부모 입장에서 납득하기 어렵고 실망이 큽니다. 계속 같은 문제가 반복되고 있는데 도서관 운영비 지출 내역을 투명하게 공개해 주시고 학생들이 원하는 인문 과학 도서를 즉각 확충해 주시길 책임 있는 설명과 함께 요구합니다,수업/학습 문제,보통,교무부
학교 지정 두발 규정과 용모 단속 기준이 시대착오적이고 지나치게 권위주의적이어서 아이들의 기본적 인권을 심각하게 침해하고 있습니다. 귀밑 몇 센티미터인지 자로 재고 양말 색상까지 규제하며 위반 시 벌점을 남발하는 평가 방식 불만 때문에 아이들이 극심한 스트레스를 받고 있습니다. 우리 아이는 단속에 걸려 교문 앞에서 망신을 당했다며 억울함에 울었고 학교 가기를 싫어하게 되었습니다. 생활지도라는 명목하에 자행되는 강압적인 인권침해 행태를 더 이상 그냥 넘기기 어렵습니다. 여러 번 학생회 의견을 수렴해 규정을 완화해 달라고 건의했으나 소통 부족으로 무시당했으니 강력히 항의합니다,수업/학습 문제,보통,교무부
생리통이 심한 여학생들을 위한 생리공결제 사용 절차가 너무 까다롭고 교사들의 인식이 낮아 아이들이 제대로 권리를 보장받지 못하고 있습니다. 아이가 생리통으로 도저히 등교하기 어려워 병원 진단서와 소견서까지 제출했는데도 담임교사가 무단결석 운운하며 눈치를 주어 아이가 교실에서 아픔을 참고 방치되었다고 느끼는 상황을 겪었습니다. 인권침해와 정서적 학대나 다름없는 고압적인 응대 태도에 너무 화가 나고 학부모 입장에서 납득하기 어렵습니다. 진도 문제나 학업 격차가 우려되어 아픈 몸을 이끌고 간 아이의 건강 안전사고 위험은 안중에도 없는지 책임 있는 설명과 제도 개선이 시급합니다,수업/학습 문제,높음,교무부
학교 매점에서 판매하는 간식류의 영양 성분 표시가 부실하고 유통기한이 임박한 불량식품 수준의 제품들이 버젓이 유통되고 있어 위생 불신이 팽배합니다. 탄산음료와 고열량 저영양 식품 위주로 판매하다 보니 아이들의 건강을 해치고 식중독 사고 위험까지 우려되는데 학교는 임대료 수입에만 급급한가요. 아이는 매점 음식을 먹고 배가 아프다며 밤새 구토 증세를 보여 학부모 입장에서 너무 화가 나고 걱정과 불안이 가득합니다. 여러 번 매점 판매 품목 개선을 소통 부족 창구를 통해 요구했으나 달라진 것이 없으니 더 이상 그냥 넘기기 어려우며 매점 위생 상태 조사를 강력히 요구합니다,수업/학습 문제,높음,교무부
주기적으로 진행되는 학교 재난 대피 훈련이나 소방 훈련이 너무나 형식적이고 가짜로 진행되어 실제 비상 상황 시 아이들의 안전사고 위험이 묵과되고 있습니다. 사이렌이 울려도 교사들은 교무실에서 잡담을 나누고 학생들은 교실에서 스마트폰을 만지며 장난을 치는 등 생활지도가 완전히 방치되어 있다고 하네요. 안전 불감증이 만연한 학교 모습을 보며 학부모 입장에서 납득하기 어렵고 큰 화재나 사고가 나면 어쩌나 걱정과 불안이 극에 달합니다. 여러 번 실전 같은 안전 교육 훈련을 촉구했으나 소통 부족으로 매번 흐지부지 넘어가니 매우 실망스럽고 학교 운영 전반에 대한 책임 있는 설명이 필요합니다,수업/학습 문제,높음,교무부
학교 방송 시설이 너무 노후화되어 조회 시간이나 공지사항 방송 시 지직거리는 소음만 나고 목소리가 전혀 들리지 않는 교실이 많습니다. 이 때문에 중요한 학사 안내나 재난 대피 공지를 제대로 듣지 못해 아이들이 우왕좌왕하는 사태가 벌어지고 있는데도 수개월째 방치되고 있습니다. 소통 부족의 원인이 학교 시설 낙후에 있음에도 행정실은 예산 타령만 하니 정말 이해가 되지 않습니다. 아이는 안내 방송을 못 들어 준비물을 챙기지 못해 담임교사에게 혼났다며 억울함에 집에 와서 울었습니다. 계속 같은 문제가 반복되고 있는 이 한심한 교육 환경을 개선해 주시고 명확한 해명을 요구합니다,수업/학습 문제,보통,교무부
학교 청소 구역 배정 시 특정 학급이나 저학년 아이들에게만 운동장 화단 잡초 뽑기나 쓰레기장 정리 등 힘들고 지저분한 환경 관리를 전가하는 불평등이 존재합니다. 고학년 학급은 편하게 교실 청소만 하는데 왜 우리 아이 학급만 이런 중노동에 가까운 청소를 매일 도맡아 하며 방치되었다고 느끼는 상황을 겪어야 하나요. 아이는 먼지를 들이마셔 기침을 달고 살고 청소 때문에 학원 시간에 늦어 사교육 진도 문제까지 발생하고 있습니다. 여러 번 담임교사를 통해 공평한 구역 배정을 문의했지만 개선되지 않았으니 학부모 입장에서 납득하기 어렵고 학교의 차별적 행정에 너무 화가 나고 실망스럽습니다,수업/학습 문제,보통,교무부
학생증 발급 업무 처리가 터무니없이 지연되어 학기 시작 후 두 달이 지나도록 아이들이 학생증 없이 학교생활을 하고 있습니다. 이 때문에 지역 도서관 이용이나 학생 할인 혜택을 받지 못해 불편함이 이만저만이 아니며 학교 내부 시설 이용 시에도 신원 확인 문제로 번거로움을 겪고 있습니다. 행정실의 무능함과 나태함 때문에 아이들이 겪는 소외감과 불편을 학교는 왜 방치하고 있는 건가요. 여러 번 조속한 발급을 독촉했으나 소통 부족으로 명확한 일정을 알려주지 않아 매우 실망스럽습니다. 도대체 왜 이런 식으로 무책임하게 행정이 운영되는지 책임 있는 설명과 즉각적인 발급을 촉구합니다,수업/학습 문제,보통,교무부
학교 주변 정화구역 내에 청소년 유해업소인 변종 룸카페와 성인 오락실이 버젓이 영업을 하고 있음에도 학교 당국은 아무런 단속 요구나 조치를 취하지 않고 있습니다. 아이들의 정서 건강을 해치고 범죄 및 사고 위험이 도사리고 있는 유해 환경을 교육 기관이 방관하고 있다는 사실에 학부모로서 분노를 금할 길이 없습니다. 아이는 하교 길 골목이 무섭고 불쾌하다며 등교 자체를 싫어하게 되었습니다. 여러 번 유해업소 철거를 위한 관계 기관 합동 단속을 건의했으나 소통 부족으로 달라진 것이 없으니 학부모 입장에서 납득하기 어렵고 불신만 깊어집니다. 책임 있는 대책을 원합니다,수업/학습 문제,높음,교무부
체력 검사 시 아이들의 신체 프라이버시가 전혀 보호되지 않고 전교생이 보는 앞에서 몸무게와 체지방률이 공개되는 인권침해성 운영 방식 불만이 너무나 큽니다. 사춘기 예민한 아이들이 친구들의 놀림감이 되어 정신적 학대에 가까운 상처를 받고 심각한 정서적 걱정과 불안을 호소하고 있습니다. 우리 아이는 체력 측정 날 이후로 학습 의욕이 크게 떨어졌고 우울증 증세까지 보이며 집에 와서 펑펑 울었습니다. 도대체 왜 이런 식으로 비교육적이고 강압적으로 행사가 진행되는 건가요. 여러 번 비공개 측정을 요구했으나 소통 부족으로 무시당했으니 더 이상 그냥 넘기기 어렵고 엄중히 항의합니다,수업/학습 문제,높음,교무부
가정통신문 배부 방식이 여전히 종이 인쇄물 위주로 진행되다 보니 아이가 가방에 넣어두고 전달하지 않으면 학부모가 중요 행사를 누락하는 사태가 발생합니다. 이번에도 수익자 부담 경비 납부 기한을 놓쳐 아이가 교실에서 미납자로 분류되어 담임교사에게 무안을 당했다는데 너무 억울하고 화가 납니다. 디지털 시대에 왜 아직도 모바일 앱 소통 부족 문제를 해결하지 못하고 구시대적 방식을 고수하여 학부모와 학생에게 책임을 전가하는지 정말 이해가 되지 않습니다. 여러 번 전산화를 요구했음에도 달라진 것이 전혀 없으니 매우 실망스럽고 책임 있는 운영 개선을 촉구합니다,수업/학습 문제,보통,교무부
학교 셔틀버스 통학 차량의 노선 배정이 특정 아파트 단지 위주로만 편향되게 설계되어 소외 지역 아이들이 등교에 큰 어려움을 겪고 있습니다. 우리 아이는 버스를 타기 위해 새벽같이 일어나 대로변까지 걸어가야 하니 만성 피로에 시달리고 오전 교실 수업 시간 수업 이해 부족을 겪고 있습니다. 형평성 없는 버스 노선 관리 때문에 아이가 방치되었다고 느끼는 상황에서 왜 똑같은 학교 자치 비용을 내고 차별받아야 하는지 학부모 입장에서 납득하기 어렵습니다. 여러 번 노선 조정을 문의했지만 개선되지 않았고 소통 부족으로 일관하는 학교 측에 강력히 항의합니다,수업/학습 문제,보통,교무부
학교 내 사물함 시설이 너무 낡아 잠금장치가 부서져 있고 문이 덜렁거려 학생들이 개인 물품을 도난당하는 범죄 사고 위험에 노출되어 있습니다. 아이가 아끼는 참고서와 수행평가 과제물을 사물함에 넣어두었다가 분실하는 바람에 과제 부담과 평가 방식 불만이 겹쳐 집에 와서 울었습니다. 사유재산 보호와 최소한의 시설 관리를 이토록 성의 없이 방치하는 학교의 안일함에 너무 화가 나고 실망스럽습니다. 여러 번 행정실에 사물함 전면 교체 및 시설 위험 정비를 말씀드렸는데 달라진 것이 없으니 더 이상 그냥 넘기기 어렵고 학교장의 책임 있는 설명을 강력히 요구합니다,수업/학습 문제,높음,교무부
졸업식이나 입학식 같은 학교 공식 행사에서 내빈 소개와 교장 선생님의 지루한 훈화 말씀에만 한 시간 이상을 소요하여 아이들이 탈진하는 사태가 벌어집니다. 뙤약볕이나 혹한 속에서 아이들을 운동장에 세워두고 진행하는 권위주의적 행사는 학생 학대이자 안전사고 위험을 초래하는 심각한 구태입니다. 우리 아이는 행사 도중 어지러움증을 호소하며 쓰러질 뻔했다며 학교 행사가 공포스럽다고 불안해합니다. 주인공인 학생들을 들러리로 세우는 운영 태도가 정말 이해가 되지 않습니다. 여러 번 실내 진행이나 시간 단축을 건의했으나 소통 부족으로 묵살당했으니 책임 있는 설명을 요구합니다,수업/학습 문제,높음,교무부
학교 내 우편물이나 학부모 대상 택배 수령 시스템이 제대로 갖춰지지 않아 행정실 구석에 무방비로 방치되어 분실되는 사고 위험이 자주 발생합니다. 아이 교육에 필요한 교재를 학교로 주문했는데 행정실 직원이 수령 사실을 잊어버리거나 전달해 주지 않아 수업 진도 문제와 학습격차가 발생하는 피해를 보았습니다. 본인들의 업무 태만과 소통 부족으로 발생한 피해임에도 사과 한마디 없이 알아서 찾아가라는 식의 응대 태도에 너무 화가 나고 실망스럽습니다. 계속 같은 문제가 반복되고 있으니 더 이상 그냥 넘기기 어려우며 확실한 우편물 관리 대책을 내놓으십시오,수업/학습 문제,보통,교무부
학교 매점에서 카드 결제가 불가능하고 오직 현금 결제나 특정 계좌이체만 유도하여 아이들이 이용하는 데 큰 불편을 겪고 있으며 탈세 의혹까지 의심됩니다. 현금을 가지고 다니지 않는 요즘 아이들의 편의는 전혀 안중에도 없고 교실 밖 소비 환경을 이토록 낙후되게 방치하는 이유가 도대체 무엇인가요. 아이는 돈이 없어 친구들이 간식을 먹을 때 방치되었다고 느끼는 상황을 겪으며 소외감에 집에 와서 눈물을 흘렸습니다. 학부모 입장에서 납득하기 어려운 매점 운영 방식에 너무 화가 나고 여러 번 카드 단말기 설치를 문의했지만 개선되지 않았으니 철저한 세무 조사와 책임 있는 설명을 요구합니다,수업/학습 문제,보통,교무부
학교 자치위원회나 학부모회 임원 선출 과정이 투명한 투표 방식이 아니라 기존 임원진들의 친목 도모나 밀실 야합으로 사전 조율되어 진행된다는 사실에 심각한 실망과 불신을 느낍니다. 일반 학부모들의 참여 기회는 원천 차단된 채 소통 부족으로 일관하며 학교 운영 전반을 좌지우지하려 드는데 공교육 기관이 왜 이런 사조직처럼 굴러가는지 정말 이해가 되지 않습니다. 여러 번 투표 결과 및 회의록 전면 공개를 요구했으나 시정되지 않고 계속 같은 문제가 반복되고 있습니다. 불투명한 자치회 운영 체계를 더 이상 그냥 넘기기 어려우니 전면적인 재선거와 해명을 요구합니다,수업/학습 문제,보통,교무부
학교 내 분실물 보관소 관리가 전혀 되지 않아 아이들이 잃어버린 외투나 고가의 학용품이 며칠 만에 없어지거나 도난당하는 사고 위험이 빈번합니다. 분실물함에 누구나 접근할 수 있게 열어두고 CCTV조차 설치하지 않아 범죄를 방장하는 꼴인데 학교는 생활지도를 완전히 손 놓고 방치하고 있습니다. 우리 아이도 새로 산 체육복을 분실물함에서 도둑맞았다며 억울함에 집에 와서 펑펑 울었고 학교 친구들을 불신하게 되었습니다. 학부모 입장에서 납득하기 어려운 소홀한 물품 관리와 소통 부족에 너무 화가 나고 매우 실망스럽습니다. 확실한 보안 대책 수립을 촉구합니다,수업/학습 문제,높음,교무부
주말 학부모 공개수업이나 학교 축제 주차 관리 시스템이 엉망이어서 학교 운동장과 주변 도로가 거대한 주차장으로 변해 극심한 혼잡을 빚고 있습니다. 안내요원이나 교사 배치가 전혀 없어 차량들 간의 접촉 사고 위험과 아이들이 차 사이로 뛰어다니는 안전사고 위험이 매우 높은데도 행정실은 강 건너 불 구경하듯 방치하고 있습니다. 아이는 등교 행사 중 차에 치일 뻔했다며 가슴이 두근거리고 무섭다고 불안해합니다. 여러 번 주차 공간 예약제나 대중교통 이용 의무화를 건의했으나 소통 부족으로 달라진 것이 없으니 참다못해 엄중히 항의하며 책임 있는 설명을 요구합니다,수업/학습 문제,높음,교무부
학교 규칙 위반 시 부과되는 벌점 기준과 누적 벌점제 운영 방식 불만이 학부모와 학생들 사이에서 팽배합니다. 사소한 복장 불량이나 지각 한 번에 과도한 벌점을 남발하여 아이들을 잠재적 범죄자 취급하며 정서적 학대와 인권침해를 가하고 있습니다. 우리 아이는 수행평가 문제로 스트레스가 심한 와중에 억울한 벌점까지 받아 학습 의욕이 크게 떨어졌고 학교 가기를 두려워하고 있습니다. 생활지도라는 명목하에 자행되는 강압적인 통제 방식에 너무 화가 나고 실망스럽습니다. 여러 번 소통 부족 문제를 지적하며 벌점제 수정을 요구했으나 달라진 것이 없으니 명확한 답변을 바랍니다,수업/학습 문제,보통,교무부
개인정보 보호법이 강화되었음에도 불구하고 학급 단체 단톡방이나 학교 게시판에 아이들의 시험 성적 순위와 수행평가 미제출자 명단이 버젓이 공개되어 심각한 인권침해를 당했습니다. 아이들의 사생활을 보호해야 할 교사가 오히려 앞장서서 낙인을 찍고 아이를 교실에서 방치되었다고 느끼는 상황으로 내몰다니 너무 화가 나고 피가 거꾸로 솟습니다. 아이는 수치심에 하루 종일 울기만 했고 등교 거부 증세까지 보이고 있습니다. 학부모 입장에서 납득하기 어려운 미숙한 개인정보 보호 사고 위험에 대해 강력히 항의하며 해당 담당교사의 공식 사과와 책임 있는 설명을 요구합니다,수업/학습 문제,높음,교무부
학교 폭력 예방 교육이나 생명 존중 교육이 시청각 교재만 대충 틀어주는 형식적인 방식으로 진행되어 실질적인 교육 효과가 전무합니다. 교실 안에서는 여전히 교묘한 따돌림과 폭력 사고 위험이 존재하는데 교사들은 영상만 틀어놓고 업무를 보며 생활지도를 방치하고 있으니 정말 이해가 되지 않습니다. 아이는 실효성 없는 교육을 보며 오히려 소외감과 무기력함을 느꼈고 학습 의욕이 크게 떨어졌다고 합니다. 여러 번 외부 전문 강사 초빙이나 토론식 교육으로 전환해 달라고 문의했지만 개선되지 않았고 소통 부족으로 일관하는 학교의 안일한 태도에 매우 실망스럽습니다,수업/학습 문제,보통,교무부
학교 앨범이나 행사 사진 촬영 시 특정 아이들 위주로만 단독샷을 많이 찍어주고 우리 아이처럼 조용한 아이들은 단체 사진 구석에만 배치하는 차별적 운영에 깊은 실망과 분노를 느낍니다. 돈은 똑같이 내고 참여하는데 왜 사진첩에서조차 소외감을 느끼고 방치되었다고 느끼는 상황이어야 하냐며 아이는 자기 얼굴이 나온 사진이 거의 없다며 속상해서 집에 와서 눈물을 흘렸습니다. 교육적 배려가 눈 씻고 봐도 없는 부당한 행태에 학부모 입장에서 납득하기 어렵고 너무 화가 납니다. 여러 번 촬영 분량 균등 배분을 말씀드렸는데 달라진 것이 없으니 책임 있는 설명을 요구합니다,수업/학습 문제,보통,교무부
학부모 총회나 상담 주간 일정이 오직 평일 낮 시간대로만 일방적으로 지정되어 직장에 다니는 맞벌이 학부모들의 참여 기회를 원천적으로 배제하고 있습니다. 소통 부족의 극치를 달리는 이러한 행정 편의주의적 운영 때문에 우리 아이 담임교사 면담을 한 번도 못 해 아이의 진도 문제나 학업 격차를 파악하지 못해 불안과 걱정이 가득합니다. 아이는 엄마가 학교 행사에 오지 못해 교실에서 기가 죽었다며 울상을 짓는데 직장인 부모를 죄인으로 만드는 학교 시스템에 너무 화가 나고 실망이 너무나 큽니다,수업/학습 문제,보통,교무부
학교 청소용역 업체 선정 과정에서 노동법을 위반하거나 자격 요건이 미달되는 부실 업체가 선정되어 교내 청결 상태가 형편없는 수준으로 방치되고 있습니다. 화장실과 복도 구석에 먼지와 오물이 그대로 쌓여 있어 유해 물질 노출 및 감염병 위생 사고 위험이 매우 높은데 학교는 계약 조건만 들이밀며 소통 부족으로 일관합니다. 아이는 화장실이 너무 더럽고 냄새가 나서 학교에서 용변을 보지 못하겠다며 등교 자체를 싫어하게 되었습니다. 도대체 왜 이런 식으로 부실하게 학교 시설 위생이 운영되는 건가요. 학부모 입장에서 납득하기 어려우니 즉각적인 정밀 감사와 해명을 원합니다,수업/학습 문제,높음,교무부
양성평등 교육이라는 명목하에 남학생과 여학생의 신체적 차이를 무시하고 무거운 급식 카트 운반이나 교실 책걸상 재배치 등 육체노동을 남학생들에게만 전가하는 성차별적 생활지도가 지속되고 있습니다. 우리 아이는 매일 무거운 가구를 나르다가 손목 인대가 늘어나는 부상을 당했는데도 담당교사는 남자가 그것도 못 하냐며 응대 태도가 불량하여 너무 화가 납니다. 신체 사고 위험이 있는 중노동을 특정 성별에만 강요하는 인권침해 행태를 학부모 입장에서 납득하기 어렵습니다. 여러 번 공평한 업무 분담을 요구했으나 소통 부족으로 개선되지 않았으니 책임 있는 설명을 청합니다,수업/학습 문제,높음,교무부
학교 홈페이지 자유게시판에 학부모들이 정당한 비판이나 건의 글을 올리면 학교 측에서 로그인 권한을 제한하거나 글을 무단으로 삭제하는 언론통제식 운영에 분노를 금할 길이 없습니다. 학부모들과의 건전한 소통 부족을 해결하기는커녕 비판 목소리를 은폐하려는 무책임한 태도에 학교 행정에 대한 불신이 극에 달했습니다. 아이는 학교에 의견을 내도 방치되었다고 느끼는 상황이라며 학습 의욕이 크게 떨어졌다고 말합니다. 도대체 왜 이런 식으로 독재 사회처럼 학교가 운영되는 건가요. 계속 같은 문제가 반복된다면 교육청에 정식 민원을 제기할 것이며 지우지 못할 명확한 해명을 요구합니다,수업/학습 문제,보통,교무부
학교 주변 골목에 길고양이들이 무분별하게 번식하여 아이들이 등하교 시 고양이에게 물리거나 긁히는 안전사고 위험이 팽배합니다. 배설물로 인한 위생 불량과 인수공통전염병 사고 위험도 심각한데 학교는 동물보호단체 눈치만 보며 교내에 고양이 급식소를 설치하는 등 사태를 방치하고 있습니다. 우리 아이는 고양이가 갑자기 튀어나와 놀라 넘어지는 바람에 다쳤고 무섭다며 학교 가기를 두려워하고 있습니다. 학생들의 신체 안전보다 동물이 우선인 학교의 주객전도 행정이 정말 이해가 되지 않습니다. 여러 번 퇴치 대책을 요구했으나 달라진 것이 없으니 강력히 항의합니다,수업/학습 문제,높음,교무부
방과 후 돌봄교실 운영 시간이 오후 5시까지로 제한되어 있어 퇴근이 늦는 맞벌이 가정의 아이들이 갈 곳 없이 길거리에 방치되는 상황이 속출하고 있습니다. 인근 학원 버스를 타기 전까지 아이가 추운 복도나 정문 앞에서 한 시간 이상을 서성거려야 하니 범죄 및 교통사고 위험에 무방비로 노출되어 걱정과 불안으로 피가 마르는 심정입니다. 소통 부족으로 학부모들의 연장 운영 요구는 철저히 묵살당하고 공교육의 돌봄 기능이 왜 이토록 미흡하게 운영되는지 납득하기 어렵고 너무 화가 납니다. 여러 번 말씀드렸는데 달라진 것이 없으니 돌봄 시간 연장에 대한 책임 있는 설명을 요구합니다,수업/학습 문제,높음,교무부
학교 축제나 동아리 발표회 행사 준비를 위해 학생들에게 과도한 참가비나 의상 구입비를 각자 부담하게 하여 가정의 경제적 지출 추가 부담이 이만저만이 아닙니다. 비용을 부담하기 어려운 형편의 아이들은 행사에서 제외되거나 교실에서 소외감을 느끼며 방치되었다고 느끼는 상황을 겪고 있습니다. 우리 아이는 친구들과 어울리지 못해 속상하다며 집에 와서 펑펑 울었고 학교생활에 불신이 생겼습니다. 공교육 행사에서 왜 이런 빈부격차에 따른 인권침해와 소외를 조장하는 건가요. 여러 번 전액 학교 예산 지원을 문의했지만 개선되지 않았고 소통 부족으로 일관하니 매우 실망스럽습니다,수업/학습 문제,보통,교무부
외부 교육 기관에서 진행하는 영어 캠프나 과학 캠프 신청 안내가 행사 전날이나 당일 아침에 급작스럽게 공지되어 많은 학부모들이 기회를 놓치고 불만을 터뜨리고 있습니다. 정보 취득 속도에 따라 아이들 간의 학습격차와 진도 문제가 발생할 수 있는 중대한 사안임에도 행정실의 늑장 공지와 소통 부족 때문에 기회를 박탈당하니 너무 화가 나고 억울합니다. 아이는 자기도 캠프에 가고 싶었다며 학습 의욕이 크게 떨어졌다고 우울해합니다. 계속 같은 문제가 반복되는 이 무능한 행정 처리를 더 이상 그냥 넘기기 어려우니 공지 시스템의 전면적인 개편과 책임 있는 설명을 촉구합니다,수업/학습 문제,보통,교무부
학교 내 자판기에서 고카페인 음료와 설탕 함량이 과도한 탄산음료가 제한 없이 판매되고 있어 청소년들의 건강 안전사고 위험을 야기하고 있습니다. 아이들이 물 대신 카페인 음료를 다량 섭취하여 교실 수업 시간 내내 가슴 두근거림을 호소하고 수면 장애로 인해 오전 수업 이해 부족을 겪고 있는데 학교는 이 유해 시설을 왜 방치하는 건가요. 아이 건강 조절을 위해 여러 번 자판기 품목 제한을 소통 부족 창구를 통해 건의했으나 달라진 것이 전혀 없고 영리 목적의 운영 태도만 고수하니 매우 실망스럽습니다. 학부모 입장에서 납득하기 어려우니 즉각 판매 중단하십시오,수업/학습 문제,높음,교무부
학교 내 분리수거장 관리가 엉망이어서 플라스틱과 유리병 깨진 조각들이 바닥에 그대로 방치되어 아이들이 다치는 시설 위험이 심각합니다. 청소 시간에 쓰레기를 버리러 갔던 우리 아이가 깨진 유리 파편에 발이 찔려 깊은 상처를 입는 안전사고가 발생했음에도 생활지도 교사는 주의하지 않았다며 아이 탓만 하니 너무 화가 납니다. 학교 안전 보건 조치가 이토록 허술하고 교사 응대 태도가 무책임할 수 있는지 학부모 입장에서 납득하기 어렵습니다. 여러 번 안전망 설치와 환경 정비를 말씀드렸는데 달라진 것이 없으니 더 이상 그냥 넘기기 어렵고 책임 있는 사과를 요구합니다,수업/학습 문제,높음,교무부
동아리 활동 예산 배정이 특정 인기 스포츠 동아리에만 편중되고 우리 아이가 속한 학술 창작 동아리에는 소통 부족을 이유로 예산 지원을 전액 삭감하여 활동이 전면 중단되었습니다. 이 때문에 아이의 수행평가 문제 연계 활동이나 포트폴리오 준비에 큰 차질이 생겼고 진도 문제와 학습격차 우려로 아이가 집에 와서 눈물을 흘렸습니다. 학교 예산 편성이 왜 이토록 편파적이고 미흡하게 방치되는 것인지 정말 이해가 되지 않습니다. 여러 번 예산 재배정을 문의했지만 개선되지 않았고 담당교사는 나 몰라라 하니 학부모 입장에서 납득하기 어렵고 학교에 대한 불신만 커집니다,수업/학습 문제,보통,교무부
학교 건강검진 지정 병원이 학교에서 너무 멀리 떨어진 외곽 지역의 부실한 개인 의원으로 선정되어 학부모들의 불만이 머리끝까지 차올랐습니다. 검진 인원이 몰려 몇 시간씩 대기해야 하고 불친절한 태도와 형식적인 검사로 인해 아이들의 질병 조기 발견 기회를 놓치는 사고 위험이 높습니다. 학교 측과 해당 병원 간의 소통 부족 및 유착 의혹까지 제기되고 있는데 도대체 왜 이런 식으로 무리하게 병원을 지정한 건가요. 아이는 대기 시간에 지쳐 학습 의욕이 크게 떨어졌고 등교를 기피하고 있습니다. 여러 번 병원 변경을 요구했으나 달라진 것이 없으니 책임 있는 설명을 요구합니다,수업/학습 문제,보통,교무부
교실 내 냉난방기 필터 청소가 수 수년째 이루어지지 않아 에어컨을 틀 때마다 검은 먼지와 곰팡이 가루가 뿜어져 나와 아이들의 호흡기 건강을 심각하게 위협하고 있습니다. 아토피와 비염이 심한 우리 아이는 학교만 다녀오면 눈이 붓고 기침을 달고 살며 이 때문에 수업 이해 부족과 집중력 저하로 고통받고 있습니다. 시설 위험과 보건 위생 불량 상태에 학생들을 그대로 방치하는 학교의 안일한 태도에 너무 화가 나고 매우 실망스럽습니다. 여러 번 행정실에 정밀 세척을 요구했으나 소통 부족으로 묵살당했으니 더 이상 그냥 넘기기 어렵고 즉각적인 청소 작업을 강력히 항의합니다,수업/학습 문제,높음,교무부
학교 도서관에 비치된 서적 중 청소년에게 유해하고 잔인한 성적 묘사가 포함된 불온 서적들이 검수 없이 방치되어 있어 아이들의 정서 안전사고 위험이 심각합니다. 우리 아이가 도서관에서 우연히 그 책을 읽고 큰 정서적 충격과 불안을 느껴 밤에 잠을 자지 못하고 울며 학교 가기를 무서워하고 있습니다. 사서교사와 담당교사의 도서 검수 태만이 이토록 심각한데 학교는 왜 소통 부족으로 일관하며 해당 서적을 회수하지 않는 건가요. 학부모 입장에서 납득하기 어려운 이 안일한 교육 환경을 더 이상 그냥 넘기기 어려우니 전면적인 도서 실태 조사와 책임 있는 설명을 요구합니다,수업/학습 문제,높음,교무부
학교 정문 앞 도로에 과속 방지턱이나 보행자 안전 펜스가 제대로 설치되지 않아 등하교 시 달리는 차량들로 인한 교통사고 위험이 매일 밤낮으로 도사리고 있습니다. 스쿨존이라는 명칭이 무색할 정도로 안전 시설물이 낙후되어 방치되어 있는데 학교는 지자체 책임으로만 돌리며 생활지도를 소홀히 하고 있습니다. 아이는 오늘 아침에도 난폭 운전 차량 때문에 칠 뻔했다며 사색이 되어 교실로 들어갔다고 합니다. 학부모 입장에서 납득하기 어려운 안전 불감증 행태에 분노가 치밀어 오릅니다. 여러 번 말씀드렸는데 달라진 것이 없으니 큰 사고가 터지기 전에 즉각 펜스를 설치하십시오,수업/학습 문제,높음,교무부
학부모 위원회나 학교 자치 기구 회의가 소통 부족으로 인해 형식적으로만 개최되고 학교 측이 원하는 안건을 통과시키는 거수기 역할로 전락한 것에 대해 강력한 항의와 불신을 표합니다. 학부모들이 제기하는 교실 환경 개선이나 평가 방식 불만 의견은 회의록에서 임의로 삭제하거나 묵살하면서 도대체 왜 이런 식으로 기만적으로 운영하는 건가요. 공교육 행정의 투명성이 완전히 무너져 학부모 입장에서 납득하기 어렵고 실망이 너무나 큽니다. 계속 같은 문제가 반복된다면 자치회 전원 사퇴 운동을 벌일 것이며 학교장의 책임 있는 설명을 강력히 항의하며 요구합니다,수업/학습 문제,보통,교무부
학교 내 자전거 및 킥보드 보관소 주변에 전동 킥보드들이 아무렇게나 쓰러져 방치되어 있어 학생들이 걸어 다니다가 걸려 넘어지는 신체 사고 위험이 심각합니다. 특히 하교 시간에 인파가 몰릴 때 킥보드 바퀴에 걸려 넘어져 다리가 부러지는 사고 위험이 명백함에도 생활지도 교사들은 정문 안에만 서 있고 보관소 관리는 전혀 하지 않습니다. 아이는 보관소 근처를 지날 때마다 다칠까 봐 가슴이 두근거리고 불안하다고 호소합니다. 여러 번 보관소 구역 정리와 안전 가이드라인 수립을 문의했지만 개선되지 않았고 소통 부족으로 일관하는 학교의 태도에 매우 실망스럽습니다,수업/학습 문제,높음,교무부
학교 축제나 대규모 체육 행사 시 외부 잡상인들과 신원 불명의 외부인들이 교내에 무단으로 출입하여 물건을 강매하거나 아이들에게 접근하는 범죄 사고 위험이 발생했습니다. 안전요원 배치가 전무하고 교문 통제가 전혀 이루어지지 않아 우리 아이들이 심각한 위험에 방치되었다고 느끼는 상황입니다. 아이는 외부인이 강제로 가방을 붙잡고 물건을 사라고 협박했다며 무서워서 집에 와서 눈물을 흘렸습니다. 공적인 교육 공간의 보안 관리 수준이 이토록 허술하다니 너무 화가 나고 학부모 입장에서 납득하기 어렵습니다. 여러 번 보안 강화를 말씀드렸는데 달라진 것이 없으니 책임 있는 답변을 원합니다,수업/학습 문제,높음,교무부
담임교사가 특정 몇몇 성적이 우수한 아이들만 대놓고 편애하고 우리 아이처럼 평범한 아이들은 교실에서 유령 취급하며 차별하는 태도에 너무 화가 납니다. 아이가 수업 시간에 질문을 해도 귀찮다는 듯 무시해 버려서 아이가 방치되었다고 느끼는 상황을 겪었고 결국 집에 와서 서럽게 울었습니다. 여러 번 소통 부족 문제를 해결하고자 면담을 신청했으나 달라진 것이 없고 교사의 고압적인 응대 태도에 매우 실망스럽습니다. 학부모 입장에서 납득하기 어려운 차별 행위로 인해 아이의 학습 의욕이 크게 떨어졌으니 담임교사의 무책임한 교육관에 대해 학교 측의 책임 있는 설명이 필요합니다,교사 태도/행동,보통,교무부
수업 시간에 담당교사가 감정을 조절하지 못하고 학생들에게 신경질을 내며 책상을 탁탁 치는 등 공포 분위기를 조성한다는 말을 듣고 가슴이 답답하고 불안합니다. 아이가 수행평가 문제로 사소한 질문을 했을 뿐인데 도대체 왜 이런 식으로 히스테릭하게 응대하는 건가요. 아이는 교사의 눈치를 보느라 수업 이해 부족이 생겨도 물어보지 못하고 학교 가기를 싫어하게 되었습니다. 여러 번 교사의 정서적 학대와 다름없는 태도 개선을 요구했으나 소통 부족으로 일관하니 정말 이해가 되지 않습니다. 아이들의 정신 건강을 위협하는 행동을 더 이상 그냥 넘기기 어렵습니다,교사 태도/행동,높음,교무부
학부모 상담 주간에 방문했을 때 담임교사가 내내 스마트폰을 만지작거리며 건의 사항을 한 귀로 듣고 한 귀로 흘리는 불성실한 태도를 보여 매우 실망스럽습니다. 아이의 진도 문제와 학습격차에 대해 걱정스러운 마음으로 조언을 구했으나 학원 알아서 보내라는 식의 무책임한 답변만 돌아와 학부모 입장에서 납득하기 어렵습니다. 교육자로서 최소한의 사명감도 없는 응대 태도에 학교에 대한 불신만 깊어지고 너무 화가 납니다. 여러 번 교사들의 태도 시정을 요구하는 목소리가 있었음에도 계속 같은 문제가 반복되고 있으니 확실한 해명과 시정을 요구합니다,교사 태도/행동,보통,교무부
체육 담당교사가 수업 시간에 학생들에게 생활지도를 한다는 명목으로 툭툭 치거나 뒷덜미를 잡는 등 과도한 신체적 접촉과 강압적인 행동을 일삼아 아이들이 심각한 인권침해와 사고 위험을 느끼고 있습니다. 아이는 교사의 위압적인 태도에 억울함과 공포를 느껴 체육 시간만 되면 가슴이 두근거리고 불안해합니다. 학생을 인격체로 존중하지 않고 군대식으로 통제하려는 교사의 행동을 왜 학교는 방치하고 있는 건가요. 여러 번 학교 측에 항의했으나 소통 부족으로 흐지부지 넘어가니 너무 화가 납니다. 책임 있는 설명과 해당 교사의 즉각적인 사과를 요구합니다,교사 태도/행동,높음,교무부
담임교사가 종례 시간마다 자기 개인적인 사정이나 기분에 따라 아이들을 붙잡아두고 한 시간씩 잔소리를 늘어놓는 바람에 아이들이 학원 버스를 놓치고 사교육 진도 문제까지 발생하고 있습니다. 여러 번 아이를 통해 정시 하교를 부탁드렸음에도 달라진 것이 없고 도대체 왜 이런 식으로 무소불위의 권력을 휘두르듯 학급을 운영하는 건가요. 아이는 하교 시간이 공포스럽다며 학교 가기를 싫어하게 되었고 학부모 입장에서 납득하기 어려운 감정 배출용 잔소리에 답답함만 누적됩니다. 계속 같은 문제가 반복되니 더 이상 그냥 넘기기 어렵고 강력히 항의합니다,교사 태도/행동,보통,교무부
담당교사가 수업 도중에 특정 학생의 가정환경이나 외모를 비하하는 듯한 뉘앙스의 발언을 장난처럼 던져 교실 안에서 해당 학생이 놀림감이 되도록 방치하는 상황이 발생했습니다. 아이들의 정서를 보호해야 할 교사가 오히려 인권침해와 정서적 학대를 앞장서서 자행하다니 정말 이해가 되지 않고 너무 화가 납니다. 우리 아이도 그 모습을 보고 선생님에 대한 불신이 깊어졌고 학습 의욕이 크게 떨어졌다고 고백하며 울었습니다. 교육자로서 자질이 의심되는 교사의 부적절한 언행과 소통 부족에 대해 학교 차원의 엄중한 징계와 책임 있는 설명을 요구합니다,교사 태도/행동,높음,교무부
아이의 건강 상태가 좋지 않아 조퇴를 요청했는데 담임교사가 꾀병 부리지 말라며 고압적인 태도로 윽박지르고 보건실조차 가지 못하게 교실에 방치했다고 합니다. 아이는 통증을 참아가며 수업을 듣다가 결국 상태가 악화되어 응급실로 이송되는 안전사고 위험을 겪었습니다. 학생의 안전과 건강을 안중에도 두지 않는 교사의 안일하고 무책임한 응대 태도에 학부모 입장에서 납득하기 어렵고 분노가 치밀어 오릅니다. 여러 번 학생들의 보건권 보장을 요구했으나 소통 부족으로 시정되지 않으니 참다못해 항의하며 해당 교사의 강력한 문책을 원합니다,교사 태도/행동,높음,교무부
교과 담당교사가 교실 수업 시간에 교재만 대충 읽어주고 대부분의 시간을 자습으로 때우며 본인 스마트폰만 보는 등 수업 태만이 심각한 수준입니다. 이 때문에 아이들은 수업 이해 부족과 진도 문제를 겪고 있으며 가정에서 추가 학습 부담과 사교육 비용만 눈더미처럼 커지고 있습니다. 공교육 현장에서 교사의 이러한 방임 행태가 도대체 왜 지적되지 않고 방치되는 건가요. 아이는 학교에서 배우는 게 없다며 매우 실망스럽다고 말합니다. 여러 번 장학지도나 교사 평가 방식 불만을 제기했으나 달라진 것이 없으니 책임 있는 설명이 필요합니다,교사 태도/행동,보통,교무부
담임교사가 학급 내에서 발생한 사소한 다툼에 대해 양쪽 아이들의 이야기를 공정하게 듣지 않고 본인이 아끼는 학생의 말만 믿고 우리 아이를 일방적으로 가해자 취급하며 억울함을 주었습니다. 아이는 교무실에 불려 가 고압적인 응대 태도로 추궁을 당해 정신적 상처를 입었고 억울함에 집에 와서 하루 종일 눈물을 흘렸습니다. 사실 확인조차 제대로 하지 않는 교사의 편파적인 감정 처리와 소통 부족에 너무 화가 나고 학교에 대한 불신이 극에 달했습니다. 학부모 입장에서 납득하기 어려운 마녀사냥식 지도 방식에 대해 강력히 항의합니다,교사 태도/행동,보통,교무부
수행평가 채정 기준이 불명확하여 담임교사에게 정중하게 문의했으나 교사의 고유 권한이라며 신경질적으로 응대하고 다시는 찾아오지 말라는 식으로 문전박대를 당해 매우 실망스럽습니다. 아이는 선생님 눈 밖에 날까 봐 전전긍긍하며 학습 의욕이 크게 떨어졌고 과제 부담이 있을 때마다 불안해하고 있습니다. 평가 방식 불만을 제기하는 학부모를 잠재적 악성 민원인 취급하며 소통 부족으로 일관하는 교사의 오만한 태도가 정말 이해가 되지 않습니다. 계속 같은 문제가 반복되고 있으니 공정한 채점 기준 공개와 무책임한 응대 태도에 대한 책임 있는 설명을 요구합니다,교사 태도/행동,보통,교무부
담당교사가 수업 시간에 본인의 정치적 성향이나 특정 사회 이슈에 대한 편향된 주장을 아이들에게 주입하듯 발언하여 교실 내 학생들에게 큰 혼란을 주고 있습니다. 사치스럽고 가치관이 확립되지 않은 아이들에게 교사의 권위를 이용해 일방적인 사상을 강요하는 것은 심각한 정신적 학대이자 교육 중립성 위반입니다. 아이는 선생님 의견과 다르면 수행평가에서 불이익을 받을까 봐 걱정과 불안이 가득하다고 합니다. 학부모 입장에서 납득하기 어려운 편향된 지도 방식과 소통 부족을 더 이상 그냥 넘기기 어려우니 해당 교사의 강력한 주의 조치를 바랍니다,교사 태도/행동,보통,교무부
담임교사가 알림장이나 알림 앱을 통한 공지사항을 밤 11시가 넘은 늦은 시간에 기습적으로 등록하여 학부모들의 일상생활을 심각하게 침해하고 있습니다. 다음 날 아침 당장 챙겨야 하는 준비물이나 수행평가 안내 부족으로 인해 새벽에 문을 연 문구점을 찾아 헤매는 등 가정에서 추가 학습 부담과 스트레스가 극에 달하고 있습니다. 직장인 학부모들을 전혀 배려하지 않는 무성의한 소통 부족 태도에 너무 화가 나고 가슴이 답답합니다. 여러 번 적정 시간대 공지를 요청했으나 달라진 것이 없고 계속 같은 문제가 반복되니 책임 있는 설명과 개선을 원합니다,교사 태도/행동,보통,교무부
체육 교사가 운동장 수업 도중 안전지도를 소홀히 하고 그늘에 앉아 스마트폰만 보다가 아이가 친구와 부딪혀 치아가 부러지는 안전사고 위험을 겪었습니다. 사고 발생 당시에도 보건실로 즉각 인계하지 않고 대충 보낸 교사의 무책임하고 안일한 응대 태도에 피가 거꾸로 솟고 너무 화가 납니다. 학부모 입장에서 납득하기 어려운 방치 행태로 인해 아이는 정신적 트라우마까지 겪으며 학교 가기를 두려워하고 있습니다. 여러 번 안전 교사 배치 및 생활지도 강화를 요구했으나 소통 부족으로 대책이 없으니 더 이상 그냥 넘기기 어렵고 엄중히 책임을 묻겠습니다,교사 태도/행동,높음,교무부
급식 시간에 담당교사가 아이들이 음식을 남기지 못하도록 강요하며 억지로 다 먹을 때까지 교실 밖으로 나가지 못하게 감금하듯 지도하여 아이가 정서적 학대를 당했습니다. 우리 아이는 싫어하는 음식을 억지로 삼키다가 구토 증세를 보였고 선생님이 무서워서 학교 급식을 먹기 싫다고 집에 와서 펑펑 울었습니다. 아이의 신체적 특성이나 건강 상태를 전혀 고려하지 않는 강압적인 생활지도 방식에 너무 화가 나고 실망이 큽니다. 여러 번 자율적 급식 지도를 문의했으나 소통 부족으로 일관하니 학부모 입장에서 납득하기 어려우며 책임 있는 설명이 필요합니다,교사 태도/행동,높음,교무부
담임교사가 교실 내에서 발생하는 은밀한 따돌림이나 사이버 폭력 징후를 학부모가 제보했음에도 불구하고 애들 장난이라며 안일하게 치부하고 방치하는 상황을 지속하고 있습니다. 교사의 무관심 속에서 우리 아이는 매일 지옥 같은 학교생활을 견디다 못해 학습 의욕이 크게 떨어졌고 우울증 증세까지 보이며 등교 거부를 하고 있습니다. 폭력 사고 위험을 인지하고도 귀찮다는 듯 방관하는 교사의 태도를 정말 이해가 되지 않습니다. 여러 번 적극적인 생활지도를 말씀드렸는데 달라진 것이 없으니 더 이상 그냥 넘기기 어렵고 강력하게 항의하는 바입니다,교사 태도/행동,높음,교무부
컴퓨터 담당교사가 수업 시간에 학생들에게 과도한 분량의 과제를 내주고 제대로 된 피드백이나 설명도 없이 다음 진도로 넘어가 버려 아이들이 큰 과제 부담을 느끼고 있습니다. 아이는 혼자 힘으로 해결하지 못해 방치되었다고 느끼는 상황에서 밤새 울며 숙제를 하느라 만성 피로에 시달리고 있습니다. 교사의 불성실한 교수 태도와 소통 부족으로 인해 학습격차가 벌어지고 있는데 왜 그 부담을 가정에서 추가 학습 부담으로 고스란히 떠안아야 하는지 너무 화가 납니다. 학부모 입장에서 납득하기 어려운 무책임한 수업 운영에 대해 책임 있는 설명을 요구합니다,교사 태도/행동,보통,교무부
담임교사가 학급 청소 배정이나 주번 활동을 지정할 때 특정 학생들에게만 편중되게 힘든 일을 시키고 본인과 친한 학부모의 자녀들은 항상 열외시켜 주는 부당한 차별 행동을 하고 있습니다. 아이는 자기가 왜 매일 쓰레기장을 청소해야 하냐며 억울함과 차별 대우에 집에 와서 눈물을 흘렸습니다. 교실이라는 공정해야 할 교육 공간에서 교사가 앞장서서 불공평을 조장하고 방치하는 상황에 너무 화가 나고 불신이 깊어집니다. 여러 번 공정한 구역 배정을 문의했지만 개선되지 않았고 소통 부족으로 대응하니 매우 실망스럽고 책임 있는 해명을 촉구합니다,교사 태도/행동,보통,교무부
미술 담당교사가 수업 재료 준비물 안내를 하루 전에 공지하여 학부모들이 문구점을 뒤지게 만들고 막상 준비물을 챙겨가지 못한 아이에게는 전교생 앞에서 면박을 주어 정서적 상처를 입혔습니다. 시험 범위 안내 부족이나 준비물 공지 지연 등 본인의 행정적 미숙함과 소통 부족으로 발생한 문제를 왜 학생에게 책임을 전가하고 인권침해를 가하는 건가요. 아이는 창피해서 학교 가기를 싫어하게 되었고 학습 의욕이 크게 떨어졌습니다. 학부모 입장에서 납득하기 어려운 교사의 오만하고 신경질적인 응대 태도를 더 이상 그냥 넘기기 어려우니 강력히 항의합니다,교사 태도/행동,보통,교무부
담임교사가 아이들의 일기장이나 비밀 상담 기록을 동의 없이 다른 학생들 앞에서 소리 내어 읽거나 조롱 섞인 비판을 가해 심각한 인권침해를 저질렀습니다. 사춘기 예민한 아이들의 프라이버시를 처참하게 짓밟고 교실 안에서 수치심을 유발하는 정서적 학대 행위에 너무 화가 나고 피가 거꾸로 솟습니다. 아이는 자존감이 바닥으로 떨어져 학교 가기가 무섭다며 밤새 걱정과 불안으로 울기만 합니다. 도대체 왜 이런 식으로 비교육적이고 상식 이하의 생활지도가 방치되는 건가요. 여러 번 비밀 보장을 요구했으나 소통 부족으로 무시당했으니 확실한 답변을 바랍니다,교사 태도/행동,높음,교무부
수학 담당교사가 수업 시간 내내 질문하는 학생에게 왜 아직도 이것밖에 이해를 못 하냐며 공개적으로 망신을 주어 교실 내 학습 분위기를 저해하고 있습니다. 아이는 그 이후로 무서워서 질문을 하지 못하게 되었고 수학 수업 이해 부족과 진도 문제를 겪으며 학습격차가 걷잡을 수 없이 벌어졌습니다. 학생을 격려해야 할 교사가 오히려 학습 의욕을 꺾고 방치되었다고 느끼는 상황을 만드니 정말 이해가 되지 않고 너무 화가 납니다. 여러 번 교사 응대 태도 개선을 소통 부족 창구를 통해 전달했으나 달라진 것이 없으니 책임 있는 설명을 요구합니다,교사 태도/행동,보통,교무부
담임교사가 학기 초부터 학부모회 임원직을 맡아달라며 특정 학부모에게 전화를 걸어 반강제적으로 압박을 가하고 거절하자 아이에게 눈치를 주는 치졸한 행동을 일삼고 있습니다. 공교육 현장에서 왜 이런 구태의연한 청탁성 행태가 방치되는 건가요. 아이는 교실에서 선생님이 자기만 차갑게 대한다며 불안해하고 학교 가기를 꺼려 하여 학부모 입장에서 너무 화가 나고 가슴이 답답합니다. 여러 번 공정한 대우를 당부했으나 소통 부족으로 들은 척도 안 하니 매우 실망스럽고 더 이상 그냥 넘기기 어려우니 전면적인 조사를 요구합니다,교사 태도/행동,보통,교무부
과학 담당교사가 실험 수업 도중 위험한 화학 약품을 다루면서도 보호장구 착용이나 안전지도를 전혀 하지 않고 교탁에 앉아 자습만 시키는 안일한 태도를 보이고 있습니다. 학생들끼리 실험을 하다가 약품이 피부에 튀는 아찔한 안전사고 위험을 겪었음에도 교사는 대수롭지 않다는 듯 응대 태도가 불량하여 분노를 금할 길이 없습니다. 아이는 실험 시간이 무섭고 불안하다며 걱정이 가득합니다. 학부모 입장에서 납득하기 어려운 위험천만한 방임 행태를 왜 학교는 묵인하나요. 여러 번 안전 강화를 요구했으나 소통 부족으로 시정되지 않아 엄중히 항의합니다,교사 태도/행동,높음,교무부
담임교사가 학생들의 복장이나 두발 상태를 단속한다는 명목 하에 교문 앞에서 학생들의 옷을 잡아당기거나 가방을 바닥에 쏟아붓는 등 모욕적이고 강압적인 생활지도를 일삼아 큰 실망을 안겨주었습니다. 규정 위반에 대한 합리적인 지도 대신 학생들에게 수치심을 주는 인권침해 방식으로 군림하려 드는 태도가 정말 이해가 되지 않습니다. 아이는 친구들 앞에서 가방이 털려 억울함에 눈물을 흘렸고 학습 의욕이 크게 떨어졌습니다. 소통 부족으로 학생들의 인권은 안중에도 없는 교사의 무자비한 태도에 대해 학교 측의 책임 있는 설명을 강력히 원합니다,교사 태도/행동,높음,교무부
음악 담당교사가 수행평가 시험 도중 우리 아이의 연주 실력을 다른 학생들과 노골적으로 비교하며 가창력이 형편없다는 식으로 인격 모독성 발언을 가해 평가 방식 불만이 폭발하고 있습니다. 아이는 전교생 앞에서 망신을 당한 충격으로 학습 의욕이 크게 떨어졌고 음악 수업 시간만 되면 배가 아프다며 정서적 고통을 호소하고 있습니다. 교육자로서 학생의 성장을 돕기는커녕 상처만 주는 응대 태도에 너무 화가 나고 학부모 입장에서 납득하기 어렵습니다. 여러 번 편파적 평가와 소통 부족 문제를 지적했으나 달라진 것이 없으니 해명을 요구합니다,교사 태도/행동,보통,교무부
담임교사가 교실 내에서 소소하게 발생하는 학용품 분실 사건에 대해 명확한 증거도 없이 우리 아이를 의심하며 가방과 사물함을 강제로 뒤지는 인권침해와 정서적 학대를 가했습니다. 알고 보니 다른 곳에서 물건이 발견되었음에도 불구하고 미안하다는 사과 한마디 없이 알아서 조심하라는 식의 오만한 응대 태도에 피가 솟구칩니다. 아이는 도둑놈 취급을 받았다며 억울함에 집에 와서 밤새 울었고 학교 친구들을 불신하게 되었습니다. 소통 부족과 무능함으로 가득 찬 교사의 태도를 더 이상 그냥 넘기기 어려우며 강력한 징계를 요구합니다,교사 태도/행동,높음,교무부
영어 담당교사가 수업 시간의 절반 이상을 본인의 사적인 유학 시절 경험담이나 자랑거리로 채우고 교과서 진도는 번개 불에 콩 볶아 먹듯 대충 넘어가 버려 진도 문제와 학습격차가 심각합니다. 이 때문에 아이들은 정작 중요한 시험 범위를 제대로 인지하지 못해 안내 부족 불만이 가득하고 가정에서 추가 학습 부담만 고스란히 안고 있습니다. 여러 번 충실한 수업 운영을 담임교사를 통해 건의했으나 소통 부족으로 해당 교사에게 전달되지도 않는 듯하니 정말 이해가 되지 않습니다. 학부모 입장에서 납득하기 어려운 불성실한 교수 태도를 시정해 주십시오,교사 태도/행동,보통,교무부
담임교사가 반 아이들이 다 보는 앞에서 특정 학생의 급식비 미납 사실이나 방과 후 수강료 미납 내역을 소리 내어 확인하며 무안을 주는 몰상식한 행동을 일삼아 큰 분노를 자아내고 있습니다. 가정 형편이 드러나 아이들이 교실에서 소외감을 느끼고 방치되었다고 느끼는 상황을 조장하는 것이 교사의 올바른 태도인가요. 우리 아이는 그 모습을 보고 자기도 돈을 안 내면 저렇게 망신을 당할까 봐 걱정과 불안에 떨고 있습니다. 학부모 입장에서 납득하기 어려운 인권침해성 행태와 소통 부족에 너무 화가 나고 책임 있는 해명과 사과를 촉구합니다,교사 태도/행동,높음,교무부
보건교사가 아이가 아파서 보건실에 찾아갔을 때 귀찮다는 표정으로 약 하나 던져주고 침대에 눕지도 못하게 하며 즉각 교실로 돌려보내는 불친절하고 냉담한 응대 태도를 보여 매우 실망스럽습니다. 아이는 몸이 너무 아파서 교실에서 엎드려 울며 방치되었다고 느끼는 상황을 겪었고 결국 열이 39도까지 올라 안전사고 위험을 초래했습니다. 아픈 학생을 보호해야 할 보건교사가 왜 이토록 무책임하고 오만하게 구는 건가요. 여러 번 보건실 운영 개선을 요구했으나 소통 부족으로 달라진 것이 없으니 더 이상 그냥 넘기기 어렵고 강력히 항의합니다,교사 태도/행동,높음,교무부
담임교사가 학부모가 보낸 문자 메시지나 앱 문의에 대해 며칠씩 확인을 하지 않거나 읽고도 답장을 하지 않는 등 소통 부족의 극치를 달리고 있어 답답함이 극에 달합니다. 아이가 전학 초기라 교실 생활에 적응을 못 하고 방치되었다고 느끼는 상황이라 걱정스러운 마음에 상담을 요청한 것임에도 이러한 무성의한 태도로 일관하니 학부모 입장에서 납득하기 어렵고 불신만 깊어집니다. 도대체 왜 이런 식으로 무책임하게 학급이 운영되는 건가요. 여러 번 말씀드렸는데 달라진 것이 없으니 학교 차원의 명확한 소통 가이드라인과 교사 교육을 요구합니다,교사 태도/행동,보통,교무부
역사 담당교사가 수업 시간에 교과서 진도는 나가지 않고 유투브 영상만 주야장천 틀어준 뒤 시험 문제는 터무니없이 어렵게 출제하여 평가 방식 불만과 학습격차가 폭발하고 있습니다. 수업 이해 부족으로 인해 아이는 역사 과목에 대한 흥미를 완전히 잃었고 학습 의욕이 크게 떨어져 사교육에 의존할 수밖에 없는 악순환이 반복되고 있습니다. 교사의 본분을 망각한 불성실한 태도와 소통 부족을 왜 학교는 방치하고 있는지 정말 이해가 되지 않습니다. 계속 같은 문제가 반복되고 있으니 더 이상 그냥 넘기기 어렵고 책임 있는 설명과 개선을 촉구합니다,교사 태도/행동,보통,교무부
담임교사가 학급 내에서 학생들 간의 외모 품평이나 장난을 빙자한 신체 비하 발언이 고질적으로 반복되고 있음에도 이를 전혀 제지하지 않고 방관하여 생활지도가 완전히 무너졌습니다. 우리 아이는 외모 놀림 때문에 극심한 스트레스를 받아 학교 가기를 싫어하게 되었고 자존감이 완전히 무너졌습니다. 교사의 안일한 방치와 소통 부족으로 인해 교실이 정서적 학대의 현장으로 변질되었는데 너무 화가 나고 학부모 입장에서 납득하기 어렵습니다. 아이들의 정신적 안전사고 위험을 묵과하는 담임교사의 무책임한 태도에 강력히 항의하며 대책을 요구합니다,교사 태도/행동,높음,교무부
정보 담당교사가 컴퓨터 실습 수업 도중 학생들이 유해 사이트에 접속하거나 게임을 하고 있음에도 교탁에서 책만 보며 전혀 생활지도를 하지 않아 방치되었다고 느끼는 상황이 심각합니다. 이 때문에 성실하게 과제를 수행하려는 아이들이 소음과 방해로 인해 수업 이해 부족을 겪고 학습 의욕이 크게 떨어졌습니다. 교실 내 멀티미디어 환경 관리 소홀과 교사의 태만함에 너무 화가 나고 매우 실망스럽습니다. 여러 번 실습실 감독 강화를 문의했으나 소통 부족으로 시정되지 않고 계속 같은 문제가 반복되니 책임 있는 설명과 장학지도를 요구합니다,교사 태도/행동,보통,교무부
담임교사가 비가 오는 날 우산을 챙겨오지 못한 아이들에게 운동장 조회를 강행하거나 교문 밖에서 대기하게 하여 아이들이 감기에 걸리는 등 신체적 안전사고 위험을 초래했습니다. 융통성 없는 훈육 방식과 학생들의 건강을 배려하지 않는 고압적인 응대 태도에 학부모 입장에서 납득하기 어렵고 너무 화가 납니다. 아이는 옷이 다 젖은 채 교실에서 오들오들 떨며 방치되었다고 느꼈고 학교 행사가 공포스럽다고 불안해합니다. 여러 번 아동 학대성 과잉 지도의 시정을 요구했으나 소통 부족으로 무시당했으니 참다못해 강력히 항의하는 바입니다,교사 태도/행동,높음,교무부
수수행평가 결과물에 대한 이의 제기를 하러 간 학생에게 담당교사가 감정적으로 대응하며 점수 깎이고 싶냐는 식으로 협박성 발언을 가해 평가 방식 불만이 극에 달했습니다. 아이는 정당한 권리 요구를 했다가 교사에게 찍힐까 봐 걱정과 불안으로 집에 와서 눈물을 흘렸고 과제 부담에 대한 심한 거부감을 보이고 있습니다. 공정해야 할 성적 평가 과정에서 왜 이런 권위주의적이고 고압적인 응대 태도가 방치되는 건가요. 소통 부족으로 일관하는 교사의 독선적인 태도를 더 이상 그냥 넘기기 어려우니 교육청 감사와 책임 있는 설명을 요구합니다,교사 태도/행동,보통,교무부
담임교사가 학부모들이 자발적으로 제공하는 간식이나 선물의 종류에 따라 대우를 다르게 하고 노골적으로 고가의 물품을 요구하는 듯한 암시를 주어 심각한 불신과 분노를 자아내고 있습니다. 청렴해야 할 교육 현장에서 교사가 이런 속물적인 태도로 아이들을 차별하고 소통 부족으로 학부모들에게 물질적 추가 부담을 유도하다니 정말 이해가 되지 않습니다. 돈을 내지 않은 집 아이가 교실에서 방치되었다고 느끼는 상황이 생길까 봐 불안감이 가득합니다. 계속 같은 문제가 반복되는 청탁 행태를 묵인하지 마시고 철저한 진상 조사를 촉구합니다,교사 태도/행동,보통,교무부
한문 담당교사가 수업 시간에 교재 내용을 설명하면서 학생들에게 욕설은 아니지만 이 자식들아 멍청한 것들아 같은 비하성 비속어를 섞어 쓰며 위압감을 조성하고 있습니다. 아이들이 친근감의 표시라고 참아왔지만 갈수록 언어폭력 수위가 높아져 교실 분위기가 험악해지고 아이들이 극심한 답답함과 실망을 느끼고 있습니다. 우리 아이는 선생님의 거친 언사 때문에 수업 이해 부족을 느끼고 학습 의욕이 크게 떨어졌다고 합니다. 학부모 입장에서 납득하기 어려운 교사의 인격 모독성 거친 언행을 즉각 중단해 주시고 책임 있는 사과를 요구합니다,교사 태도/행동,보통,교무부
담임교사가 학급 회장 선거 과정에서 특정 학생에게 유리하도록 투표 기준을 임의로 변경하거나 편파적으로 개입하여 선거의 공정성을 심각하게 훼손했습니다. 이 때문에 열심히 준비했던 우리 아이는 상실감과 억울함에 집에 와서 펑펑 울었고 학교의 정의관에 대한 큰 불신을 품게 되었습니다. 어린 아이들에게 민주주의의 가치를 가르쳐야 할 교사가 왜 이런 식으로 편파적이고 미숙하게 학급을 운영하는 건가요. 여러 번 선거 과정의 소통 부족 문제를 지적했으나 무시당했으니 학부모 입장에서 납득하기 어렵고 매우 실망스러워 강력히 항의합니다,교사 태도/행동,보통,교무부
가정 담당교사가 조리 실습 수업 중 칼이나 가스레인지 등 위험한 도구를 다루는 학생들을 뒤로하고 교무실로 자리를 비워 심각한 안전사고 위험을 초래했습니다. 교사가 없는 사이 아이들끼리 장난을 치다가 화상을 입을 뻔한 아찔한 상황이 벌어졌음에도 담임교사는 별일 아니라며 무성의하게 응대하여 너무 화가 납니다. 학생들의 신체 안전을 책임져야 할 수업 시간에 자리를 비우고 방치하는 행태를 정말 이해가 되지 않습니다. 여러 번 교사들의 근무 태만 시정을 요구했으나 소통 부족으로 소용이 없으니 책임 있는 설명을 요구합니다,교사 태도/행동,높음,교무부
담임교사가 학급 내에서 청각 장애를 가진 특수학급 학생이나 다문화 가정 학생을 은근히 소외시키고 귀찮은 존재로 대하는 차별적 태도를 보여 아이들에게 나쁜 시각을 심어주고 있습니다. 통합 교육을 선도해야 할 교사가 오히려 편견을 조장하고 해당 아이들을 교실에서 방치되었다고 느끼는 상황으로 내몰다니 인권침해이자 정서적 학대입니다. 우리 아이는 선생님의 차가운 모습을 보고 매우 실망스럽고 무섭다고 합니다. 학부모 입장에서 납득하기 어려운 교사의 비교육적인 가치관과 소통 부족에 대해 엄중히 대처해 주시길 학교 측에 강력히 건의합니다,교사 태도/행동,높음,교무부
진로 담당교사가 학생들의 진학 상담을 진행하면서 너 같은 성적으로는 서울에 있는 대학은 꿈도 꾸지 말라며 아이들의 가능성을 짓밟고 패배주의를 심어주는 독설을 내뱉어 큰 충격을 주고 있습니다. 상담을 받고 온 아이는 학습 의욕이 크게 떨어졌고 자존감이 무너져 방에서 나오지 않고 울기만 하여 부모 입장에서 피눈물이 납니다. 학생의 미래를 안내해야 할 진로 교사가 왜 정서적 학대에 가까운 언사를 남발하는 건가요. 소통 부족과 교사의 자질 부족 문제를 더 이상 그냥 넘기기 어려우니 공식적인 사과와 상담 방식 개선을 요구합니다,교사 태도/행동,보통,교무부
담임교사가 주말이나 평일 저녁에 학부모가 급한 학사 일정이나 부고 등 개인 사정으로 연락을 취했을 때 사생활 침해라며 거칠게 화를 내고 다시는 연락하지 말라고 경고하는 등 응대 태도가 지극히 오만하고 불친절합니다. 긴급한 보호 조치나 소통이 필요한 상황임에도 불구하고 본인의 편의만 앞세우는 무책임한 태도에 학부모 입장에서 납득하기 어렵고 가슴이 답답합니다. 교육자로서 최소한의 동료 의식이나 소통 부족 문제를 방치하는 학교 시스템에 너무 화가 나고 매우 실망스럽습니다. 책임 있는 설명과 담임교사의 태도 변화를 촉구합니다,교사 태도/행동,보통,교무부
음악 실기 평가 과정에서 담당교사가 특정 학원 출신 아이들에게만 만점을 주고 독학으로 준비한 우리 아이에게는 터무니없이 낮은 점수를 주어 평가 방식 불만이 하늘을 찌르고 있습니다. 채점 기준에 대한 명확한 해명을 요구했으나 교사의 고유 영역이라며 소통 부족으로 일관하고 문전박대하니 학교 성적에 대한 불신이 극에 달했습니다. 아이는 공정하지 못한 결과에 억울함에 눈물을 흘렸고 학습 의욕이 크게 떨어졌습니다. 도대체 왜 이런 식으로 불투명하고 썩은 방식으로 성적 평가가 방치되는 건가요. 즉각적인 재심사와 해명을 원합니다,교사 태도/행동,보통,교무부
담임교사가 조퇴나 결석을 신청하는 학생의 사유서를 제출받을 때 진위 여부를 의심하며 학부모에게 직접 전화를 걸어 사생활을 캐묻고 취조하듯 고압적으로 응대하여 심각한 불쾌감을 유발하고 있습니다. 학생과 학부모를 신뢰하지 못하고 잠재적 거짓말쟁이 취급하는 교사의 삐뚤어진 태도와 소통 부족에 너무 화가 나고 실망스럽습니다. 아이는 학교에 서류를 낼 때마다 극심한 걱정과 불안을 호소하며 교실 분위기가 숨 막힌다고 합니다. 학부모 입장에서 납득하기 어려운 감시 행태를 더 이상 그냥 넘기기 어려우니 정중한 태도 개선을 요구합니다,교사 태도/행동,보통,교무부
사회 담당교사가 수업 진도가 늦어지자 시험 기간 직전에 수십 페이지 분량을 자습으로 대충 때우고 시험 범위안내 부족 상태로 시험을 출제하여 학습격차와 진도 문제가 폭발했습니다. 본인의 수업 태만과 진도 조절 실패로 발생한 학습 공백을 왜 아이들에게 과도한 과제 부담과 사교육 추가 학습 부담으로 전가하는지 정말 이해가 되지 않습니다. 아이는 시험 준비를 못 해 밤새 울다가 시험을 망쳤다며 절망하고 있습니다. 소통 부족의 원흉인 해당 교사의 불성실한 수업 운영에 너무 화가 나고 책임 있는 설명을 강력히 요구합니다,교사 태도/행동,보통,교무부
담임교사가 교실 내에서 발생하는 학생들 간의 금전 거래나 물품 매매 행위를 인지하고도 애들끼리의 경제 활동이라며 안일하게 방치하여 결국 사기 및 따돌림 사고 위험으로 번지는 사태가 발생했습니다. 생활지도의 의무를 저버린 교사의 방임 태도 때문에 우리 아이가 큰 피해를 보았고 억울함에 잠을 자지 못하고 울고 있습니다. 문제를 해결해야 할 담임교사는 소통 부족으로 일관하며 학부모 탓만 하니 학부모 입장에서 납득하기 어렵고 분노가 치밀어 오릅니다. 더 이상 그냥 넘기기 어려우니 교사의 지도 소홀에 대한 엄중한 책임을 묻겠습니다,교사 태도/행동,높음,교무부
수학 담당교사가 방과 후 보충수업 참여를 강요하며 참여하지 않는 학생들에게는 수행평가 힌트를 주지 않거나 교실에서 은근히 불이익을 주는 방식으로 협박성 생활지도를 하고 있습니다. 아이는 진도 문제와 학습격차 걱정 때문에 억지로 수업을 들으며 방치되었다고 느끼는 상황에서 스트레스로 등교 거부 증세까지 보이고 있습니다. 공교육의 연장선인 방과 후 수업이 왜 이토록 강압적이고 변질된 방식으로 운영되는 건가요. 여러 번 선택권 보장을 소통 부족 창구를 통해 요구했으나 달라진 것이 없으니 매우 실망스럽고 책임 있는 설명을 원합니다,교사 태도/행동,보통,교무부
담임교사가 학생들의 가정환경 조사서를 걷은 후 반 아이들이 다 들리는 교무실 앞 복도에서 특정 아이들의 부모 직업이나 재산 상태를 언급하며 경솔하게 언행을 일삼아 인권침해와 정서적 학대를 자행했습니다. 개인정보를 철저히 보호해야 할 교사가 오히려 아이들에게 상처를 주고 교실 내 위화감을 조성하다니 정말 이해가 되지 않고 너무 화가 납니다. 아이는 자기 집 형편이 소문날까 봐 극심한 걱정과 불안에 시달리며 학교 가기를 무서워합니다. 학부모 입장에서 납득하기 어려운 무책임한 교사의 태도에 강력히 항의하며 문책을 요구합니다,교사 태도/행동,높음,교무부
과학 실습 교사가 실험 기구 청소나 무거운 시약장 운반 같은 위험한 잡일을 특정 저소득층 가정이나 성적이 낮은 아이들에게만 도맡아 시키는 차별적 생활지도를 지속하고 있어 실망이 큽니다. 신체 사고 위험이 도사리는 중노동을 불평등하게 배정하고 아이들을 등급 나누듯 대하는 교사의 태도를 학부모 입장에서 납득하기 어렵습니다. 아이는 차별 대우에 방치되었다고 느끼는 상황에서 학습 의욕이 크게 떨어졌고 억울함에 집에 와서 눈물을 흘렸습니다. 여러 번 공정한 대우를 당부했으나 소통 부족으로 무시당했으니 책임 있는 설명을 요구합니다,교사 태도/행동,높음,교무부
담임교사가 학년 말 생활기록부 작성 주간이 되자 학생들에게 본인의 장점을 스스로 적어오게 한 뒤 그대로 복사 붙여넣기식으로 대충 처리하며 소통 부족의 끝을 보여주고 있습니다. 일 년 동안 아이를 관찰하고 교육한 교사의 고유 책임을 학생과 학부모에게 떠넘기며 무성의한 응대 태도로 일관하니 공교육에 대한 불신만 깊어집니다. 아이는 자기 생기부가 엉망으로 적힐까 봐 과과제 부담과 극심한 스트레스로 밤새 불안해하고 있습니다. 도대체 왜 이런 식으로 태만하게 학교가 운영되는 건가요. 책임 있는 설명과 성실한 작성을 촉구합니다,교사 태도/행동,보통,교무부
담당교사가 수업 시간에 질문을 한 학생에게 질문 수준이 낮다며 전교생 앞에서 대놓고 비아냥거려 교실 내 질문하는 분위기를 완전히 얼어붙게 만들었습니다. 아이는 수치심과 상처로 인해 그 이후 수업 이해 부족을 겪으면서도 입을 닫아버렸고 학습격차가 걷잡을 수 없이 벌어지며 집에 와서 울었습니다. 학생의 호기심을 꺾고 정서적 학대를 가하는 교사의 오만하고 고압적인 응대 태도에 너무 화가 나고 학부모 입장에서 납득하기 어렵습니다. 여러 번 장학지도와 교사 소통 부족 개선을 요구했으나 달라진 것이 없으니 엄중히 항의합니다,교사 태도/행동,보통,교무부
학교 본관 건물 외벽의 대형 대리석 마감재 일부가 떨어져 나가 아래로 추락하는 아찔한 외벽 균열 사고 위험이 발생하여 교직원과 학생들 모두 극심한 불안에 떨고 있습니다. 다행히 등교 시간 전이라 인명 피해는 없었지만 추가 낙하물이 발생할 우려가 매우 큼에도 학교 측은 임시 차단선만 대충 쳐놓은 채 안일하게 방치하고 있습니다. 매일 아이들이 지나다니는 주 통학로인데 낙하물 방지망 설치나 정밀 안전진단 같은 근본적인 대책이 없어 학부모 입장에서 납득하기 어렵고 너무 화가 납니다. 아이들의 생명을 위협하는 중대한 안전사고 위험인 만큼 노후 시설 보수와 전면적인 시설 개선을 강력히 요구하며 책임 있는 설명이 필요합니다,시설/환경,높음,시설관리
체육관 지붕에 균열이 생겼는지 비가 올 때마다 천장에서 빗물이 뚝뚝 떨어져 바닥에 물웅덩이가 생기고 이로 인해 체육 수업 중 학생들이 미끄러져 넘어지는 안전사고 위험이 끊이지 않고 있습니다. 누수 문제로 인해 마루 바닥이 썩어 들어가면서 곰팡이 냄새가 진동하고 실내 공기 질이 악화되어 아이들이 호흡기 질환과 답답함을 호소하고 있습니다. 여러 번 시설 보수를 건의하고 소통 부족을 지적했으나 예산 부족이라는 핑계로 계속 방치되니 학부모 입장에서 매우 실망스럽고 화가 치밀어 오릅니다. 습하고 열악한 실내 체육 시설 환경을 이대로 둘 수 없으니 즉각적인 천장 방수 공사와 미끄럼 방지 조치를 촉구합니다,시설/환경,높음,시설관리
교실 내 천장형 냉난방기가 너무 노후화되어 가동할 때마다 쇠가 긁히는 듯한 소음이 심하게 발생하여 학생들이 수업 이해 부족과 집중력 저하를 겪고 있습니다. 게다가 필터 청소가 제대로 되지 않았는지 퀴퀴한 먼지 바람이 불어와 아이들이 눈 통증과 기침을 해대며 열악한 환경에 시달리고 있습니다. 한여름 폭염 속에서도 기기가 자주 고장 나 찜통 교실에서 아이들이 만성 피로를 호소하는데 학교 측의 시설 관리 소홀에 너무 화가 나고 실망이 큽니다. 여러 번 냉난방기 교체나 정밀 청소를 요구하는 목소리가 있었음에도 달라진 것이 없으니 학부모 입장에서 납득하기 어려운 방임 태도에 대해 책임 있는 설명을 원합니다,시설/환경,보통,시설관리
"학교 급식실의 환기 시설이 제 역할을 하지 못해 조리 시 발생하는 유해 가스와 열기가 고스란히 학생들의 식사 공간으로 유출되면서 급식실 전체가 매연으로 가득 차고 가슴이 답답한 열악한 환경입니다. 아이들은 눈이 따갑고 머리가 아파서 밥을 제대로 먹지 못하겠다고 고통을 호소하며 급식실 가기를 싫어하게 되었습니다. 조리원분들의 폐 질환 위험뿐만 아니라 아이들의 정서적, 신체적 건강을 위협하는 심각한 공기 질 문제임에도 학교는 예산 타령만 하며 방치하고 있습니다. 여러 번 환풍기 전면 교체와 공조 시스템 시설 개선을 요구했으나 소통 부족으로 시정되지 않으니 강력히 항의합니다",시설/환경,높음,시설관리
과학실의 실험대와 의자가 수십 년 전 모델로 너무 낡아 상판이 갈라지고 다리가 흔들려 실험 실습 중 시약이 엎질러지거나 기구가 추락하는 안전사고 위험이 도사리고 있습니다. 아이들이 과학 실험을 할 때마다 의자가 주저앉을까 봐 전전긍긍하며 불안해하느라 학습 의욕이 크게 떨어졌고 과제 부담보다 시설에 대한 공포가 더 크다고 합니다. 학생들의 안전과 직접적으로 직결된 과학실 환경이 이토록 무책임하게 방치되어 있는 상황을 학부모 입장에서 납득하기 어렵고 너무 화가 납니다. 안전성이 확보된 실험용 책걸상으로 즉각 전면 교체해 줄 것과 노후 시설 보수 내역에 대한 명확한 해명을 요구합니다,시설/환경,보통,시설관리
학교 운동장의 우레탄 트랙과 잔디에서 기준치를 초과하는 중금속과 유해 물질이 검출되었다는 뉴스를 접하고 학부모들의 불안과 분노가 극에 달했습니다. 아이들이 매일 체육 시간과 쉬는 시간마다 뛰어놀며 피부에 닿고 먼지로 흡입했을 것을 생각하면 피가 거꾸로 솟고 가슴이 답답합니다. 학교 측은 유해성 검사 결과를 알고도 소통 부족으로 학부모들에게 안내 부족 상태를 유지하다가 뒤늦게 출입 금지 선만 쳐놓고 수개월째 철거를 방치하고 있습니다. 아이들의 건강권을 침해하는 중대한 환경 오염 문제에 대해 학교 차원의 책임 있는 설명과 즉각적인 우레탄 철거 및 흙 운동장 복원을 강력히 요구합니다,시설/환경,높음,시설관리
본관과 신관을 연결하는 연결 통로의 유리창들이 금이 간 채 오랫동안 방치되어 있어 강풍이 불 때마다 유리가 깨져 깨진 유리 파편이 학생들에게 튀는 안전사고 위험이 매우 높습니다. 아이들은 통로를 지나갈 때마다 유리창이 깨질까 봐 무섭다며 등교 거부감까지 느끼고 학교 가기를 싫어하게 되었습니다. 시설 관리인이 엄연히 있음에도 이러한 위험 시설물을 왜 신속하게 교체하지 않고 방치하는지 정말 이해가 되지 않고 실망스럽습니다. 여러 번 교사나 행정실에 위험성을 제기했으나 소통 부족으로 묵살당했으니 학부모 입장에서 납득하기 어렵고 강력한 문책과 즉각적인 강화유리 교체 공사를 촉구합니다,시설/환경,높음,시설관리
학생들이 매일 사용하는 교실 책상과 의자가 체형에 맞지 않고 높낮이 조절장치가 고장 나 있어 아이들이 척추 통증과 자세 불균형을 호소하며 만성 피로에 시달리고 있습니다. 나무 상판이 뜯겨 나가 가시가 박히거나 옷이 찢어지는 일도 다반사여서 가정에서 추가 학습 부담 외에 신체적 상처까지 돌봐야 하는 실정입니다. 교육의 기본인 책걸상 시설조차 제대로 관리하지 못하면서 아이들에게 학습 의욕과 집중을 요구하는 것은 무책임한 처사입니다. 여러 번 노후 책걸상 교체 방식을 문의했으나 예산 우선순위에서 밀렸다는 성의 없는 답변만 돌아와 너무 화가 나니 책임 있는 설명과 전면 교체를 원합니다,시설/환경,보통,시설관리
학교 화장실의 변기가 자주 막히고 배수관이 노후화되어 건물 전체에 역겨운 악취가 진동하고 물이 역류하는 불결한 위생 환경이 지속되고 있습니다. 아이들이 화장실이 너무 더럽고 냄새가 나서 학교에서는 대변을 아예 참았다가 집에 와서 해결하느라 만성 변비와 복통에 시달리고 있습니다. 화장실 문짝 고장이나 칸막이 균열도 방치되어 프라이버시 인권침해 우려까지 있어 아이들이 화장실 가기를 무서워합니다. 기본권인 생리 현상조차 제대로 해결하지 못하는 열악한 학교 시설 환경에 너무 화가 나고 매우 실망스러우니 즉각적인 화장실 전면 리모델링 시설 개선을 요구합니다,시설/환경,높음,시설관리
급식실 조리 기구와 식판의 세척 상태가 불량하여 식판에서 기름때와 정체모를 음식물 찌꺼기가 묻어 나오는 위생 시설 환경 문제가 발생해 학부모들의 우려가 깊습니다. 이 때문에 아이들이 식중독이나 배탈 같은 안전사고 위험에 상시 노출되어 있으며 실제로 여러 아이들이 장염 증세를 보여 병원 치료를 받았습니다. 학교 측은 위생 점검을 철저히 하고 있다고 소통 부족으로 일관하며 발뺌하지만 눈에 보이는 불결함에 학부모 입장에서 납득하기 어렵고 분노가 치밀어 오릅니다. 우리 아이들의 건강과 직결된 급식 위생 관리 체계를 전면 재점검하고 노후 세척 시설 부품 교체를 강력히 촉구합니다,시설/환경,높음,시설관리
학교 도서관의 실내 조명이 너무 어둡고 형광등이 수시로 깜빡거려 학생들이 책을 읽거나 과제를 할 때 극심한 눈의 피로와 시력 저하를 겪고 있습니다. 정보 검색용 PC 시설도 너무 오래되어 부팅조차 되지 않거나 인터넷이 끊겨 아이들이 과제 부담을 겪을 때 학교 도서관을 이용하지 못하고 방치되었다고 느끼는 상황입니다. 지식의 상징이어야 할 도서관이 어둡고 무기질적인 열악한 환경으로 방치되어 아이들의 학습 의욕이 크게 떨어졌습니다. 여러 번 LED 조명 교체와 스마트 시설 개선을 건의했으나 소통 부족으로 시정되지 않으니 너무 화가 나고 명확한 해명을 원합니다,시설/환경,보통,시설관리
"미술실의 환기창이 너무 작고 환풍기가 고장 난 채 방치되어 있어 유화 물감이나 아세톤, 접착제 등 화학 약품 냄새가 밖으로 빠져나가지 못하고 실내에 가득 차 있습니다. 수업을 듣는 아이들이 두통과 어지러움, 토기를 느끼며 정서적, 신체적 학대나 다름없는 고통스러운 환경에서 미술 수업을 억지로 받고 있습니다. 밀폐된 공간에서 유독 가스를 마시는 것과 다름없는 안전사고 위험임에도 담당 교사나 학교는 창문 좀 열라는 식의 안일한 응대 태도로 일관해 너무 화가 납니다. 아이들의 호흡기 건강을 보호하기 위해 미술실 내 강력한 흡입 시설 설치와 환경 개선 공사를 강력히 요구합니다",시설/환경,높음,시설관리
등하교 시간만 되면 학교 정문 앞 도로에 보차도 분리 펜스가 없거나 파손되어 있어 아이들이 주행하는 차량과 부딪힐 뻔한 교통 안전사고 위험이 매일 반복되고 있습니다. 불법 주정차 차량들 때문에 시야가 확보되지 않는 환경인데도 학교 측은 지자체 탓만 하며 통학로 안전지도를 소홀히 하고 방치하는 상황입니다. 아이는 매일 아침 등교할 때마다 차에 치일까 봐 가슴이 두근거리고 무섭다고 고백하며 울었습니다. 학부모 입장에서 납득하기 어려운 안일한 안전 불감증과 학교의 소통 부족에 너무 화가 나고 실망스럽습니다. 즉각적인 통학로 안전 펜스 시설 보수와 전면적인 시설 개선을 원합니다,시설/환경,높음,시설관리
체육관 무대 조명 장치와 음향 스피커 시설이 노후화되어 행사 도중 스파크가 튀거나 굉음이 발생해 학생들이 청각적인 충격과 화재 안전사고 위험을 느끼고 있습니다. 시설 노후화로 인해 전선이 복잡하게 얽혀 있어 아이들이 발에 걸려 넘어지거나 감전될 우려가 매우 큼에도 무대 뒷공간은 먼지가 가득 찬 채 방치되어 있습니다. 아이들은 체육관 행사가 있을 때마다 무섭고 불안하다고 말하며 열악한 환경에 매우 실망스럽다고 합니다. 여러 번 무대 시스템 전면 보수와 생활지도 강화를 요구했으나 소통 부족으로 묵살당했으니 확실한 답변과 화재 예방 시설 개선을 촉구합니다,시설/환경,보통,시설관리
학교 건물 내 복도 바닥의 타일이 여기저기 깨지고 들떠 있어 아이들이 뛰어다니다가 발이 걸려 넘어져 골절상을 입는 등 안전사고 위험이 상존하고 있습니다. 특히 비가 오는 날에는 깨진 타일 틈새로 물이 고여 매우 미끄러운데도 경고 표지판 하나 없이 방치되어 학부모 입장에서 납득하기 어렵고 분노가 치밀어 오릅니다. 아이는 복도를 걸어 다닐 때마다 넘어질까 봐 걱정과 불안이 가득하며 학교 시설에 대한 불신이 큽니다. 계속 같은 문제가 반복되고 안전사고가 발생했음에도 소통 부족으로 시정 조치를 미루는 행정실과 학교 측의 책임 있는 설명과 즉각적인 타일 보수 공사를 요구합니다,시설/환경,높음,시설관리
시청각실의 접이식 의자들이 스프링이 고장 나거나 고정 나사가 풀려 있어 학생들이 앉을 때마다 의자가 뒤로 넘어가거나 손가락이 끼이는 안전사고 위험이 빈번하게 발생하고 있습니다. 학교 행사나 대형 강의가 있을 때마다 아이들은 고장 난 의자에 앉지 않으려고 눈치싸움을 벌여야 하고 과제 부담과 스트레스가 가중되고 있습니다. 이처럼 기본적인 다중이용 시설물조차 점검하지 않고 방임하는 학교의 행태에 너무 화가 나고 매우 실망스럽습니다. 여러 번 시청각실 의자 교체와 노후 시설 보수를 요청했으나 소통 부족으로 시정되지 않고 있으니 전면적인 시설 개선과 해명을 촉구합니다,시설/환경,보통,시설관리
"여름철 학급 교실 내에 방충망이 뜯어지거나 구멍이 뚫린 채 방치되어 있어 모기, 파리, 말벌 등 유해 곤충들이 교실 안으로 떼 지어 들어와 학생들이 벌에 쏘이는 등 안전사고 위험을 겪고 있습니다. 수업 시간에 벌레들을 쫓느라 교실 안이 아수라장이 되고 수업 이해 부족과 진도 문제가 발생할 정도로 학습 환경이 열악합니다. 아이는 벌레가 무서워 교실에 있기가 싫다며 학교 가기를 꺼려 하는데 담임교사는 알아서 잡으라는 무책임한 응대 태도를 보여 너무 화가 납니다. 학부모 입장에서 납득하기 어려운 방충망 시설 방치에 대해 책임 있는 설명과 전면 교체를 요구합니다",시설/환경,보통,시설관리
학교 정수기의 필터 교체 주기가 한참 지났음에도 교체 표시등이 빨간색으로 켜진 채 수 주째 방치되어 있어 아이들이 유해 물질이 섞인 오염된 물을 마시고 있는 위생 환경 문제가 심각합니다. 정수기 주변에는 물때와 곰팡이가 가득해 아이들은 물을 마실 때마다 찝찝하고 목이 아프다며 아예 물마시기를 참거나 사 먹고 있습니다. 학생들의 건강 증진을 위해 필수적인 음수 시설이 이토록 비위생적으로 관리되는 것을 정말 이해가 되지 않고 실망이 큽니다. 여러 번 정수기 위생 점검 및 소통 부족 문제를 지적했으나 개선이 없으니 강력히 항의하며 주기적인 필터 관리 계약 내역 공개를 요구합니다,시설/환경,높음,시설관리
본관 옥상에서 누수가 발생하여 최고층 교실 천장의 석고보드가 물에 불어 썩어 들어가고 있으며 심지어 석고 가루와 미세먼지가 교실 바닥으로 떨어져 학생들의 호흡기 건강을 심각하게 위협하는 열악한 환경입니다. 천장 붕괴 사고 위험이 눈앞에 보이는데도 학교 측은 붕괴 위험 구역에 가림막만 대충 쳐놓은 채 아이들을 그 교실에 그대로 방치하고 수업을 진행하고 있습니다. 아이들은 천장이 무너질까 봐 극심한 걱정과 불안 속에서 수업을 들으며 학습 의욕이 크게 떨어졌습니다. 학부모 입장에서 납득하기 어려운 위험천만한 시설 방치와 소통 부족에 너무 화가 나고 즉각적인 임시 교실 이동과 옥상 방수 공사를 강력히 촉구합니다,시설/환경,높음,시설관리
학교 매점 앞과 쉼터 공간에 쓰레기통 시설이 부족하여 학생들이 버린 플라스틱 컵과 쓰레기들이 산더미처럼 쌓여 있고 파리와 구더기가 끓는 등 최악의 위생 환경이 방치되고 있습니다. 주변 벤치들은 페인트가 벗겨지고 가시가 돋아나 앉을 수도 없으며 아이들이 휴식 시간에 편히 쉴 공간이 전혀 없어 매우 실망스럽다고 토로합니다. 학교의 중심 공간이 이토록 지저분하고 방치되었다고 느끼는 상황인데도 생활지도나 환경 관리가 전혀 이루어지지 않아 너무 화가 납니다. 여러 번 쉼터 환경 정비와 시설 개선을 요구했으나 소통 부족으로 달라진 것이 없으니 책임 있는 해명을 바랍니다,시설/환경,보통,시설관리
학급 교실의 유리창 창틀이 너무 노후화되어 바람이 불 때마다 창문이 덜컹거리며 깨질 듯한 굉음을 내고 겨울에는 황소바람이 그대로 들어와 교실 실내 온도가 급격히 떨어지는 열악한 환경입니다. 아이들은 패딩을 입고도 손이 시려 필기를 하지 못해 수업 이해 부족을 겪고 있으며 감기에 걸려 단체 결석을 하는 등 안전사고 위험을 겪고 있습니다. 기본적인 단열과 방음 시설조차 되지 않는 교실 환경을 왜 학교는 방치하고 수수방관하는 건가요. 아이는 교실이 너무 춥고 시끄럽다며 가슴이 답답하다고 울상을 짓습니다. 소통 부족으로 일관하는 학교의 창호 전면 교체 시설 개선 공사를 강력히 요구합니다,시설/환경,보통,시설관리
학교 주변 담벼락이 노후화로 인해 배부름 현상이 발생하고 균열이 길게 가 있어 언제 무너질지 모르는 붕괴 사고 위험이 상존하는 열악한 시설 환경입니다. 통학로 바로 옆 담벼락인데도 안전 진단이나 보강 공사 없이 임시 경고문 종이 한 장만 붙여놓은 학교 측의 안일하고 무책임한 처사에 분노가 치밀어 오릅니다. 아이들은 매일 아침 등교할 때 담벼락이 무너질까 봐 길 건너편으로 돌아서 가느라 지각 위험과 교통사고 위험까지 겪고 있습니다. 학생들의 안전 확보를 최우선으로 해야 할 학교가 소통 부족으로 이 문제를 방치하니 정말 이해가 되지 않으며 즉각적인 담벼락 철거 후 재시공을 원합니다,시설/환경,높음,시설관리
체육관의 농구대 고정 장치가 파손되거나 와이어가 느슨해져 있어 공에 맞거나 작은 충격에도 농구대가 통째로 앞으로 기울어지는 아찔한 시설 안전사고 위험이 지속되고 있습니다. 체육 교사는 위험성을 인지하면서도 농구대 주변에 접근하지 말라는 구두 경고만 할 뿐 근본적인 보수나 교체 시설 개선을 하지 않고 방치하고 있습니다. 아이들은 체육 시간마다 무거운 철제 구조물이 머리 위로 떨어질까 봐 걱정과 불안에 떨며 체육 활동을 제대로 하지 못해 학습 의욕이 크게 떨어졌습니다. 소통 부족으로 학생의 안전을 방임하는 학교의 행태에 강력히 항의하며 즉각적인 정밀 점검을 촉구합니다,시설/환경,높음,시설관리
탈의실 시설이 남녀 구분이 모호하거나 문 잠금장치가 고장 난 채 방치되어 있어 학생들이 옷을 갈아입을 때 다른 학생이 문을 열고 들어오는 인권침해와 정서적 학대 환경이 발생하고 있습니다. 이 때문에 아이들은 탈의실을 이용하지 못하고 화장실 칸막이 안이나 교실 커튼 뒤에서 숨어서 옷을 갈아입는 등 극심한 불편과 수치심을 느끼고 있습니다. 학생들의 사생활 보호와 성 안전사고 위험 방지를 위한 가장 기본적인 시설 관리조차 소홀히 하는 학교의 태도에 너무 화가 나고 매우 실망스럽습니다. 여러 번 잠금장치 시설 보수를 요청했으나 소통 부족으로 무시당했으니 확실한 시정을 요구합니다,시설/환경,높음,시설관리
학교 내의 소화기 시설들이 대부분 내구연한이 지났거나 압력계가 불량인 채 복도 구석에 먼지가 쌓인 채 방치되어 있어 화재 발생 시 초기 진압이 불가능한 심각한 소방 안전사고 위험 상태입니다. 화재 경보기 시스템도 수시로 오작동하여 오보가 울려도 아이들이 대피하지 않는 안전 불감증 환경이 조장되고 있어 학부모 입장에서 납득하기 어렵고 가슴이 답답합니다. 실제 재난 상황 시 우리 아이들의 생명을 지켜줄 소방 시설이 이토록 무책임하게 방치되어도 되는 건가요. 여러 번 소방 점검 결과 공개와 시설 개선을 요구했으나 소통 부족으로 답이 없으니 강력히 항의하는 바입니다,시설/환경,높음,시설관리
교실 내 칠판이 너무 낡아 분필 글씨가 제대로 써지지 않거나 빛 반사가 심해 뒷자리에 앉은 아이들은 판서 내용이 전혀 보이지 않는 수업 환경 불만이 폭발하고 있습니다. 이 때문에 우리 아이는 수업 내용 적기를 놓쳐 수업 이해 부족과 진도 문제를 겪고 있으며 매번 친구의 공책을 빌려 적느라 과제 부담과 스트레스가 극에 달해 있습니다. 교실의 가장 핵심적인 교수 시설물조차 관리하지 않아 학습격차를 유발하는 학교의 불성실한 태도에 너무 화가 나고 매우 실망스럽습니다. 소통 부족 창구를 통한 건의는 소용이 없으니 즉각적인 친환경 화이트보드나 전자칠판 시설 개선을 요구합니다,시설/환경,보통,시설관리
학교 급식실의 의자와 식탁 높낮이가 맞지 않아 아이들이 식사할 때 허리를 과도하게 숙여야 하거나 식탁 모서리가 날카롭게 깨져 있어 팔이 긁히는 등 신체적 상처와 안전사고 위험을 겪고 있습니다. 식사 공간이 너무 협잡하여 아이들이 식판을 들고 지나가다가 부딪혀 뜨거운 국물이 쏟아지는 아찔한 상황이 빈번함에도 시설 확충이나 배정 방식 변경 없이 방치되고 있습니다. 아이는 급식실 환경이 너무 불편하고 위험해서 밥을 편하게 먹지 못하겠다고 가슴이 답답하다고 호소합니다. 학부모 입장에서 납득하기 어려운 급식 시설 낙후에 대해 책임 있는 설명과 식탁 전면 교체를 요구합니다,시설/환경,보통,시설관리
미술실이나 과학실 등 특별실 건물 입구의 계단 미끄럼 방지 논슬립 패드가 다 마모되어 떨어져 나가 비나 눈이 오는 날 학생들이 계단에서 미끄러져 굴러떨어지는 안전사고 위험이 끊이지 않고 있습니다. 실제로 지난주에 한 학생이 계단에서 넘어져 구급차로 이송되는 사고가 있었음에도 학교 측은 미끄럼 주의 표지판 하나만 달랑 세워둔 채 시설 보수를 방치하고 있습니다. 아이들은 계단을 오르내릴 때마다 공포를 느끼며 학교 시설에 대한 불신과 불안이 가득합니다. 여러 번 안전 교사 배치 및 시설 개선을 소통 부족 문제를 제기하며 요구했으나 시정되지 않아 엄중히 책임을 묻겠습니다,시설/환경,높음,시설관리
"학교 강당 겸 체육관의 환기 시스템과 공기청정기 시설이 전혀 가동되지 않거나 고장 난 채 방치되어 있어 실내 미세먼지와 먼지 농도가 기준치를 초과하는 최악의 공기 질 환경입니다. 아이들은 체육 활동을 조금만 해도 목이 칼칼하고 기침이 멈추지 않는다며 고통을 호소하고 있으며 천식 증세가 있는 아이들은 발작 안전사고 위험까지 겪고 있습니다. 밀폐된 공간에서 아이들에게 먼지를 강제로 마시게 하는 것은 정서적, 신체적 학대 환경이나 다름없어 너무 화가 납니다. 학부모 입장에서 납득하기 어려운 체육관 환경 관리에 대해 책임 있는 설명과 대용량 공기청정기 신설 조치를 요구합니다",시설/환경,높음,시설관리
음악실의 방음 시설이 전혀 되지 않아 옆 교실의 수업 소음이 그대로 흘러들어오고 음악실의 악기 소리가 본관 교실까지 울려 퍼져 학교 전체가 소음 공해 환경에 시달리고 있습니다. 이 때문에 일반 교실에서 수업하는 학생들이 교사 목소리를 듣지 못해 수업 이해 부족과 집중력 저하를 겪고 있으며 학습 의욕이 크게 떨어졌다고 불만을 토로합니다. 방음벽 수명 유효기간이 지나 시설 개선이 시급함에도 학교는 무관심으로 일관하며 소통 부족의 태도를 보여 너무 화가 납니다. 학생들이 쾌적한 환경에서 공부할 수 있도록 즉각적인 음악실 방음벽 재시공 시설 공사를 강력히 촉구합니다,시설/환경,보통,시설관리
학교 화장실의 온수 공급 장치가 고장 나 한겨울에도 얼음장 같은 찬물만 나와 아이들이 손을 제대로 씻지 못해 독감이나 수인성 전염병 등 위생 안전사고 위험에 방치되어 있습니다. 손이 너무 시려 화장실 이용 후 세정을 기피하게 되면서 학교 전체의 위생 환경이 악화되고 감염병 확산 우려가 가득함에도 학교 측은 보수 공사를 차일피일 미루고 있습니다. 아이는 학교 찬물로 손 씻기가 고통스럽다며 집에 와서 울상을 짓고 가슴이 답답하다고 합니다. 학부모 입장에서 납득하기 어려운 안일한 보건 위생 시설 관리에 대해 강력히 항의하며 즉각적인 온수기 전면 보수를 촉구합니다,시설/환경,보통,시설관리
본관 건물 뒤편 사각지대의 가로등 시설이 꺼진 채 수개월 동안 방치되어 있어 방과 후 자율학습이나 동아리 활동을 마치고 귀가하는 학생들이 어둠 속에서 넘어지거나 범죄 안전사고 위험에 심각하게 노출되어 있습니다. CCTV 화면도 노후화되어 화질이 흐릿해 사람 식별이 불가능한 열악한 보안 환경임에도 학교는 생활지도나 순찰 조치 없이 방관하고 있습니다. 아이는 밤에 학교 뒤편을 지나갈 때마다 무서워서 심장이 뛴다며 걱정과 불안을 호소하고 있습니다. 여러 번 가로등 전구 교체와 CCTV 시설 개선을 요구했으나 소통 부족으로 시정되지 않으니 분노를 금할 길이 없습니다,시설/환경,높음,시설관리
학교 운동장 한구석에 부러진 철제 축구골대와 폐자재들이 안전 차단선도 없이 그대로 적치되어 있어 아이들이 장난을 치다가 날카로운 철사나 못에 찔려 파상풍 등 안전사고 위험을 겪고 있습니다. 위험천만한 폐기물 시설 환경을 학교 한복판에 왜 수 주째 방치해 두고 치우지 않는지 도무지 이해가 되지 않고 학교의 안전 의식 부재에 너무 화가 납니다. 아이는 친구가 거기서 놀다가 다치는 모습을 보고 큰 정서적 충격과 불안을 느꼈다고 합니다. 학부모 입장에서 납득하기 어려운 위험 시설물 방치 행태에 강력히 항의하며 해당 폐기물의 즉각적인 철거와 책임 있는 해명을 원합니다,시설/환경,높음,시설관리
학급 교실의 개인 사물함이 너무 낡아 문짝이 떨어져 나가거나 경첩이 휘어져 있어 열고 닫을 때마다 날카로운 쇠붙이에 아이들의 손이 찢어지는 안전사고 위험이 상존하는 열악한 환경입니다. 사물함 내부에는 쥐 배설물이나 오래된 먼지가 가득해 위생적으로도 매우 실망스럽고 아이들이 책과 준비물을 안심하고 보관하지 못해 방치되었다고 느끼는 상황입니다. 기본적인 교육 보조 시설물조차 이토록 불량하게 방치하는 상황에 대해 너무 화가 나고 가슴이 답답합니다. 여러 번 친환경 플라스틱 사물함으로 전면 교체해 줄 것을 소통 부족 부서에 요구했으나 답이 없으니 즉각 시정해 주십시오,시설/환경,보통,시설관리
컴퓨터실의 PC 본체와 모니터 시설이 10년도 더 된 고물이라 소프트웨어 실행 시 잦은 다운과 오류가 발생하여 학생들이 정보 수업 시간에 실습 과제 부담을 해결하지 못하고 진도 문제를 겪고 있습니다. 키보드와 마우스도 절반 이상이 고장 나 작동하지 않아 아이들이 수업 이해 부족을 느끼고 정보 교과 학습 의욕이 크게 떨어졌습니다. 디지털 교육을 강조하면서 정작 학교 인프라 시설 환경은 최악의 수준으로 방치하는 이중적인 태도를 정말 이해가 되지 않습니다. 소통 부족 행정을 중단하고 최신 컴퓨터 시설 전면 교체 및 네트워크 환경 개선 공사를 강력히 요구합니다,시설/환경,보통,시설관리
학교 보건실의 침대 매트리스가 너무 해어지고 얼룩덜룩 오염되어 있으며 기본 보건 장비나 비상 의약품 수명 유효기간이 지난 채 방치되어 있어 아픈 학생들이 안심하고 치료받을 수 없는 열악한 시설 환경입니다. 아이가 고열과 복통으로 보건실에 갔으나 비위생적인 침대 환경과 약품 부족으로 제대로 된 보호를 받지 못하고 방치되었다고 느끼는 상황을 겪어 집에 와서 서럽게 울었습니다. 학생들의 건강과 안전사고 위험을 예방하고 치료해야 할 보건 시설이 이토록 방임되는 구조적인 소통 부족 문제를 더 이상 그냥 넘기기 어려우니 전면적인 시설 교체와 감사를 촉구합니다,시설/환경,높음,시설관리
본관 건물 지하실에서 정체불명의 하수도 가스와 악취가 발생하여 환기구를 타고 1층과 2층 교실로 그대로 역류해 들어오는 끔찍한 대기 환경 오염 문제가 지속되고 있습니다. 아이들은 교실에서 썩은 계란 냄새가 난다며 메스꺼움을 호소하고 머리가 아파 수업 진도를 따라가지 못하겠다고 고통을 표현하며 등교 거부 반응을 보이고 있습니다. 인체에 유해할 수 있는 가스 누출 가능성이 있음에도 학교는 원인 파악조차 하지 않고 소통 부족으로 일관하니 너무 화가 나고 학부모 입장에서 납득하기 어렵습니다. 즉각적인 지하 배관 정밀 검사와 환기 시설 전면 보수를 요구합니다,시설/환경,높음,시설관리
체육관 바닥의 목재 마루판 조각들이 들떠서 가시처럼 솟아올라 있어 학생들이 체육 수업이나 배드민턴 활동을 하다가 발바닥이 찔리거나 넘어져 피부가 찢어지는 안전사고 위험이 매일 발생하고 있습니다. 학교 측은 들뜬 부위에 대충 테이프만 붙여놓았으나 테이프가 떨어지면서 추가 사고 위험이 상존함에도 시설 보수를 방치하고 있습니다. 아이는 체육관 바닥이 무섭다며 체육 시간만 되면 가슴이 두근거리고 불안해하여 학습 의욕이 크게 떨어졌습니다. 소통 부족으로 학생들의 신체 안전을 위협하는 시설 환경을 묵인하는 학교의 책임 있는 설명과 마루 전면 재시공을 요구합니다,시설/환경,높음,시설관리
학교 도서관의 책장 시설이 벽면에 제대로 고정되어 있지 않고 흔들거려 지진이나 작은 충격에도 책장이 앞으로 쓰러지는 대형 압사 안전사고 위험이 도사리고 있는 열악한 환경입니다. 높은 곳에 있는 책을 꺼내려다 책장이 기울어지는 아찔한 순간을 아이가 직접 겪고 정서적 트라우마와 불안감이 가득해 도서관 가기를 무서워하고 있습니다. 안전 불감증이 만연한 학교의 시설 관리 실태에 학부모 입장에서 납득하기 어렵고 실망이 극에 달했습니다. 여러 번 벽면 고정 앵커 장치 시설 보수를 요청했으나 소통 부족으로 시정되지 않으니 더 이상 그냥 넘기기 어렵고 강력히 항의합니다,시설/환경,높음,시설관리
학생들이 점심시간에 이용하는 벤치와 정자 시설물이 노후화되어 지붕이 썩어 내려앉고 의자 기둥이 부식되어 부러지는 등 붕괴 안전사고 위험이 심각한 수준으로 방치되고 있습니다. 휴식 공간 주변에는 잡초가 우거지고 깨진 벽돌들이 굴러다녀 아이들이 걸어 다니다가 발을 삐는 등 부상 위험이 가득함에도 환경 정비가 전혀 안 되고 있습니다. 아이는 쉴 곳이 없어 운동장 스탠드 차가운 바닥에 앉아 있는다며 학교 환경에 매우 실망스럽다고 말합니다. 소통 부족으로 학생 편의 시설을 방임하는 행태를 더 이상 그냥 넘기기 어려우니 전면적인 정원 조경 시설 개선을 촉구합니다,시설/환경,보통,시설관리
급식실 식당 바닥에 가스 배관 보수 공사 흔적으로 타일 턱이 튀어나와 있어 식판을 들고 걸어가던 학생들이 발이 걸려 넘어져 뜨거운 음식을 뒤집어쓰는 안전사고 위험이 상시 존재하고 있습니다. 공사 마무리가 불량하여 발생한 인재 시설 위험인데도 학교는 주의하라는 말만 반복하며 턱을 깎아내거나 완만하게 만드는 시설 보수를 방치하고 있습니다. 아이는 화상 입을까 봐 급식실 가기가 공포스럽다며 걱정과 불안을 호소하고 집에 와서 눈물을 흘렸습니다. 학부모 입장에서 납득하기 어려운 미숙한 시설 행정과 소통 부족에 너무 화가 나니 즉각 재공사를 요구합니다,시설/환경,높음,시설관리
학교 본관 건물 내부 계단의 난간 살 간격이 너무 넓어 어린 학생들이 장난을 치다가 난간 사이로 몸이 빠져 아래층으로 추락하는 치명적인 추락 안전사고 위험이 존재하는 열악한 시설 환경입니다. 난간 자체도 노후화되어 잡고 흔들면 흔들거려 아이들이 계단을 오르내릴 때 공포를 느끼고 생활지도의 사각지대로 방치되어 있습니다. 학부모 입장에서 납득하기 어려운 위험천만한 시설 상태를 왜 학교는 안전 진단에서 누락시키고 방관하는 건가요. 여러 번 안전 그물망 설치나 난간 보강 시설 개선을 요구했으나 소통 부족으로 답이 없으니 참다못해 강력히 항의합니다,시설/환경,높음,시설관리
학급 교실의 블라인드(커튼) 조절 줄이 끊어지거나 상단 고정 장치가 파손된 채 방치되어 있어 직사광선이 교실 안으로 그대로 들어와 눈부심과 실내 온도 상승을 유발하는 열악한 수업 환경입니다. 아이들은 햇빛 때문에 빔프로젝터 화면이나 칠판 글씨가 전혀 보이지 않아 수업 이해 부족과 진도 문제를 겪고 있으며 매일 눈을 찡그리느라 만성 피로와 두통을 호소합니다. 본인의 학급 시설물조차 제때 수리해 주지 않는 학교의 무책임함과 응대 태도에 너무 화가 나고 매우 실망스럽습니다. 소통 부족 창구를 통한 불만 제기를 멈추고 즉각적인 블라인드 전면 교체를 촉구합니다,시설/환경,보통,시설관리
과학실 내 비상 샤워 시설이나 안구 세척기 장치가 고장 나거나 배수관이 막힌 채 오랫동안 방치되어 있어 화학 약품이 눈이나 피부에 튀는 비상 안전사고 위험 발생 시 초기 대응이 불가능한 위험한 환경입니다. 실습 교사는 시설 고장을 알면서도 예산 타령만 하며 자습 위주로 수업을 때우고 있어 과제 부담과 안내 부족에 대한 불만이 폭발하고 있습니다. 아이들의 신체 보호를 위한 필수 생존 시설을 무책임하게 방치하는 태도를 정말 이해가 되지 않고 피가 거꾸로 솟습니다. 소통 부족 행태를 규탄하며 즉각적인 보건 안전 시설 전면 보수 및 정상화를 요구합니다,시설/환경,높음,시설관리
"학교 탈의실 내에 곰팡이가 벽면 전체를 뒤덮고 환기구가 먼지로 꽉 막혀 있어 숨을 쉴 수 없을 정도로 퀴퀴하고 불결한 위생 환경이 수개월째 방치되고 있습니다. 옷을 갈아입으러 들어간 아이들이 피부 가려움증과 알레르기, 호흡기 질환을 겪으며 정서적 학대 수준의 불쾌감을 느끼고 이용을 거부하고 있습니다. 학생들의 기본 인권을 짓밟는 불결한 탈의 시설을 왜 학교는 청소나 방역 조치 없이 방치하는 건가요. 아이는 학교 시설이 너무 더럽고 매우 실망스럽다며 가슴이 답답하다고 울상을 짓습니다. 소통 부족을 시정하고 즉각적인 대대적인 방역 및 벽면 도배 시설 개선을 요구합니다",시설/환경,높음,시설관리
가정실 조리대 시설의 가스 밸브 차단 장치와 화재 탐지 센서가 너무 노후화되어 가스 누출 징후가 있음에도 경보가 울리지 않는 심각한 화재 및 폭발 안전사고 위험이 방치되고 있습니다. 가스 냄새가 미세하게 나는데도 학교 시설 관리자는 대수롭지 않다는 고압적인 응대 태도를 보여 학부모 입장에서 납득하기 어렵고 분노가 치밀어 오릅니다. 아이들은 조리 실습 시간이 공포의 시간이라며 걱정과 불안으로 학습 의욕이 크게 떨어졌다고 고백합니다. 안전사고 예방을 위한 가스 차단 시스템 전면 교체 시설 공사와 책임 있는 설명이 필요합니다,시설/환경,높음,시설관리
학교 내 방송실 스튜디오의 인프라 설비가 낙후되어 아침 조회나 안내 방송 시 지지직거리는 소음과 화면 끊김 현상이 발생하여 학생들이 공지사항 안내 부족 문제를 고질적으로 겪고 있습니다. 이 때문에 중요한 학사 일정이나 수행평가 기준 변경 사항을 제때 전달받지 못해 가정에서 추가 학습 부담과 혼란이 극에 달하고 있습니다. 학교의 핵심 소통 시설인 방송 장비의 불량을 왜 소통 부족으로 방치하고 시정하지 않는지 정말 이해가 되지 않습니다. 학생들이 불이익을 받지 않도록 즉각적인 방송 시설 디지털 현대화 공사 및 시설 개선을 원합니다,시설/환경,보통,시설관리
학교 운동장의 스탠드 시멘트 구조물이 동파로 인해 균열이 가고 깨진 시멘트 파편과 모래가 바닥에 굴러다녀 체육 시간이나 야외 활동 시 학생들이 넘어져 찰과상을 입는 안전사고 위험이 높습니다. 날카로운 시멘트 단면에 아이가 옷이 찢어지고 무릎이 까져서 피를 흘리며 집에 와 울었는데 학교 측은 아무런 보수 조치 없이 방치하고 있어 너무 화가 납니다. 학부모 입장에서 납득하기 어려운 부실한 야외 시설 관리와 소통 부족에 매우 실망스럽고 불신만 깊어집니다. 안전한 체육 환경 조성을 위해 운동장 스탠드 전면 도색 및 시멘트 보수 시설 공사를 강력히 촉구합니다,시설/환경,높음,시설관리
음악실의 피아노와 타악기 등 수업용 악기 시설들이 조율이 전혀 안 되어 불협화음이 나거나 건반이 주저앉아 작동하지 않는 등 최악의 교수 학습 환경이 지속되고 있습니다. 실기 수행평가를 해야 하는 아이들은 고장 난 악기로 시험을 치러야 해서 평가 방식 불만과 억울함을 호소하며 학습 의욕이 크게 떨어져 눈물을 흘렸습니다. 악기 인프라 부실로 발생한 학습 공백을 사교육 추가 학습 부담으로 채워야 하는 상황에 너무 화가 나고 가슴이 답답합니다. 소통 부족으로 교육 기자재 관리를 방임하는 학교의 무책임함에 대책 마련과 즉각적인 악기 전면 보수 및 조율을 요구합니다,시설/환경,보통,시설관리
학교 건물 간을 이동할 때 비나 눈을 막아주는 차양막(캐노피) 시설의 고정 볼트가 부식되어 바람이 불 때마다 차양막 전체가 흔들거리며 이탈할 듯한 붕괴 안전사고 위험이 발생하고 있습니다. 비가 들이쳐 통로 바닥이 얼어붙어 학생들이 빙판길 미끄러짐 사고를 당하는데도 염화칼슘 살포나 안전 통제 없이 방치되어 너무 화가 나고 학부모 입장에서 납득하기 어렵습니다. 아이는 학교 통로를 지나가는 게 지옥 같다며 걱정과 불안을 토로하고 매우 실망스럽다고 합니다. 소통 부족으로 일관하는 학교 당국의 캐노피 구조물 안전 진단과 즉각적인 교체 시설 개선을 강력히 요구합니다,시설/환경,높음,시설관리
급식에서 머리카락이나 플라스틱 조각 같은 이물질이 나오는 일이 이번 달에만 벌써 세 번째라니 정말 이해가 되지 않고 너무 화가 납니다. 아이가 점심을 먹다가 딱딱한 무언가를 씹고 뱉었는데 날카로운 플라스틱 파편이어서 자칫하면 식도에 상처가 나는 대형 안전사고 위험을 겪을 뻔했습니다. 위생 상태에 대한 전반적인 불신이 팽배한데도 영양사와 급식실 관계자들은 소통 부족으로 일관하며 알아서 조심하라는 식의 무책임한 응대 태도를 보이고 있습니다. 아이는 급식 먹기가 무섭다며 점심을 굶고 집에 와서 배가 고프다고 울며 학교 가기를 싫어하게 되었습니다. 학부모 입장에서 납득하기 어려운 부실한 위생 관리를 더 이상 그냥 넘기기 어려우니 책임 있는 설명과 철저한 진상 조사를 강력히 요구합니다,급식,높음,급식실
급식 메뉴로 제공된 고기반찬이 전혀 익지 않고 핏물이 흥건한 상태로 아이들에게 배식되어 단체 식중독 같은 심각한 건강 안전사고 위험이 우려됩니다. 아이는 배식을 받고 이상해서 담임교사에게 말씀드렸지만 그냥 먹으라는 무성의한 답변만 돌아왔고 결국 그 음식을 먹은 뒤 밤새 심한 설사와 복통으로 응급실을 찾아야 했습니다. 학생들의 건강을 최우선으로 해야 할 학교 급식실이 이토록 기본도 안 된 조리 환경과 위생 관리 상태로 방치되어 있다는 사실에 너무 화가 나고 분노가 치밀어 오릅니다. 여러 번 급식 모니터링을 통해 시정을 요구했으나 소통 부족으로 개선되지 않고 계속 같은 문제가 반복되니 매우 실망스럽고 학부모 입장에서 납득하기 어렵습니다,급식,높음,급식실
급식 가공식품과 식재료의 원산지 표시가 가정통신문 앱에 고지된 내용과 완전히 다르게 뒤바뀌어 제공된다는 사실을 알고 학교 행정에 심각한 불신을 느끼고 있습니다. 국내산 무항생제 육류를 사용한다고 홍보해 놓고 실제로는 단가 조절을 이유로 저품질 수입산 냉동육을 무분별하게 사용하여 아이들의 먹거리 안전사고 위험을 방치하고 있습니다. 아이는 고기에서 심한 누린내가 나고 질겨서 씹지 못하겠다며 급식을 거의 다 남겼고 이 때문에 학습 의욕이 크게 떨어져 오후 교실 수업 시간에 집중을 못 했다고 합니다. 학부모 입장에서 납득하기 어려운 불투명한 식자재 조달 과정과 소통 부족에 대해 책임 있는 설명과 상세 납품 내역 공개를 촉구합니다,급식,보통,급식실
한창 자라나는 아이들의 영양 균형을 맞춰야 할 급식 메뉴가 일주일 내내 인스턴트 튀김류와 고열량 저영양 가공식품 위주로만 짜여 있어 매우 실망스럽습니다. 탄수화물과 지방만 가득하고 신선한 채소나 과일류는 찾아볼 수 없어 아이들의 비만과 건강 악화 안전사고 위험이 심각하게 우려되는 상황입니다. 아이는 매일 느끼하고 짠 음식만 나와서 먹고 나면 속이 더부룩하고 가슴이 답답하다고 호소하며 가정에서 추가적인 영양 관리를 해야 해서 학부모 부담이 커졌습니다. 여러 번 영양사에게 식단 개선을 요구하는 글을 남겼으나 소통 부족으로 피드백이 전혀 없고 매번 똑같은 식단이 반복되니 너무 화가 나고 강력히 항의합니다,급식,보통,급식실
배식받은 급식 식판과 숟가락에 기름때가 그대로 남아 있고 고춧가루 같은 이전 식사의 음식물 찌꺼기가 굳어 있는 등 세척 시설 위생 상태가 엉망으로 방치되어 있습니다. 불결한 식기류 사용으로 인해 아이들이 전염병이나 수인성 질환 같은 위생 안전사고 위험에 상시 노출되어 있는데도 학교 측은 아무런 조치를 취하지 않고 있습니다. 아이는 식판을 볼 때마다 헛구역질이 난다며 급식을 거부하고 매점 음식을 먹거나 굶고 있어 정서적으로도 방치되었다고 느끼는 상황입니다. 학부모 입장에서 납득하기 어려운 이 한심한 위생 불감증과 소통 부족에 너무 화가 나고 더 이상 그냥 넘기기 어려우니 식기 전산 세척기 전면 점검을 요구합니다,급식,높음,급식실
배식 관리가 제대로 되지 않아 뒷번호 학급이나 늦게 내려간 아이들은 정작 메인 반찬이나 국이 다 떨어져서 김치와 밥만 받아먹는 부당한 차별 대우가 반복되고 있습니다. 우리 아이는 오늘 점심시간에도 반찬이 모자라 국물에 밥만 말아 먹었다며 서러움에 집에 와서 눈물을 흘렸습니다. 똑같은 급식비를 지불하는데도 왜 배식 실패와 교사의 생활지도 소홀 때문에 특정 아이들이 굶주려야 하고 교실에서 소외감을 느껴야 하는지 정말 이해가 되지 않습니다. 여러 번 공평한 양의 배식 방식을 문의했지만 개선되지 않았고 소통 부족으로 귀찮다는 반응만 보이고 있으니 너무 화가 나고 학교 운영에 책임 있는 설명을 요구합니다,급식,보통,급식실
급식실 조리 공간과 배식대의 위생 상태가 불량하여 파리와 모기 등 유해 해충들이 떼 지어 날아다니고 음식물 위에 앉는 등 끔찍한 위생 사고 위험이 목격되었습니다. 심지어 급식실 구석에서 쥐 배설물로 추정되는 물질까지 발견되었다는 아이의 말을 듣고 걱정과 불안으로 피가 마르는 심정입니다. 아이들이 먹는 신성한 교육 급식 현장이 이토록 불결하게 방치되는 동안 담당 교사와 영양사는 도대체 무엇을 한 건가요. 아이는 벌레가 가득한 급식실이 너무 불쾌하고 무섭다며 학교 가기를 꺼려 할 정도로 정서적 상처를 입었습니다. 학부모 입장에서 납득하기 어려운 위생 방임에 너무 화가 나고 즉각적인 방역 소독과 해명을 촉구합니다,급식,높음,급식실
급식으로 제공된 과일 디저트와 샐러드 야채가 갈변되거나 무르고 쉰내가 나는 등 신선도가 최악인 상태로 유통되고 있어 식중독 사고 위험이 극에 달했습니다. 유통기한이 임박했거나 보관 상태가 불량한 부실 식자재를 검수 없이 통과시킨 학교 측의 태만함에 너무 화가 나고 실망스럽습니다. 아이는 시큼한 맛이 나는 과일을 먹고 오전 수업 이해 부족을 겪을 정도로 심한 복통에 시달렸으며 교실에서 아픔을 참고 방치되었다고 느끼는 상황을 겪었습니다. 계속 같은 문제가 반복되는데도 식자재 검수 일지를 투명하게 공개하지 않는 소통 부족 태도를 더 이상 그냥 넘기기 어려우니 확실한 대책을 원합니다,급식,높음,급식실
특정 음식에 대한 알레르기가 있는 아이들을 위한 대체 식단이나 사전 안내 부족 문제가 심각하여 아이들의 신체 건강과 아나필락시스 쇼크 등 생명 위협 안전사고 위험을 초래하고 있습니다. 학기 초에 분명히 알레르기 유발 물질 조사서를 제출했음에도 불구하고 급식 성분 표시가 제대로 되지 않아 아이가 병원에 실려 가는 사태가 벌어졌는데 너무 화가 나고 심장이 내려앉는 줄 알았습니다. 담임교사는 아이가 알아서 피해 먹었어야 했다며 고압적인 응대 태도로 일관하니 학부모 입장에서 납득하기 어렵고 불신만 깊어집니다. 소통 부족으로 학생의 목숨을 위협하는 급식 시스템을 즉각 시정하고 대책을 마련해 주십시오,급식,높음,급식실
급식 배식 시간이 지나치게 촉박하게 설정되어 있어 아이들이 음식을 제대로 씹지도 못하고 허겁지겁 삼키다가 체하거나 소화 불량을 호소하는 일이 비일비재합니다. 4층 교실에서 급식실까지 내려가 줄을 서면 겨우 10분 남짓한 시간 동안 식사를 마쳐야 하니 생활지도가 완전히 방치되어 있다고 느낍니다. 우리 아이는 급식 시간에 쫓겨 밥을 마시듯 먹다가 가슴이 답답하고 배가 아프다며 학습 의욕이 크게 떨어졌고 등교 자체를 힘들어하고 있습니다. 학생들의 건강한 식사 권리는 안중에도 없는 행정 편의주의적 운영 태도에 매우 실망스럽고 여러 번 배식 시간 연장을 건의했으나 소통 부족으로 달라진 것이 없습니다,급식,보통,급식실
급식실에 배치된 조리원분들이 위생모를 제대로 쓰지 않아 머리카락이 노출된 채 조리를 하거나 위생 장갑을 낀 채 개인 스마트폰을 만지는 등 개인위생 관리가 엉망이라는 사실이 아이들을 통해 확인되었습니다. 교실 청결 구역보다 더 엄격해야 할 급식실에서 이런 기본적인 수칙조차 지켜지지 않고 방치되는 상황에 너무 화가 나고 불신이 가득합니다. 아이는 조리원분이 침을 튀기며 잡담하는 모습을 보고 밥맛이 뚝 떨어졌다며 급식실 가기를 싫어하게 되었습니다. 학부모 입장에서 납득하기 어려운 미숙한 위생 관리와 학교의 소통 부족 행태에 대해 강력히 항의하며 확실한 시정 조치와 교육을 요구합니다,급식,보통,급식실
급식의 염도가 기준치를 훨씬 초과하여 국과 반찬이 터무니없이 짜고 맵게 조리되어 나와 아이들이 나트륨 과다 섭취로 인한 건강 안전사고 위험에 노출되어 있습니다. 자극적인 양념 맛으로 부실한 식자재 품질을 가리려는 꼼수가 눈에 보여 학부모 입장에서 납득하기 어렵고 실망이 너무나 큽니다. 아이는 급식을 먹고 나면 오후 내내 목이 타서 물을 들이켜느라 교실 수업 시간 수업 이해 부족을 겪고 있으며 만성 피로를 호소하고 있습니다. 여러 번 적정 염도 유지를 소통 부족 창구를 통해 요구했으나 개선되지 않고 계속 같은 문제가 반복되고 있으니 영양사의 책임 있는 설명과 식단 전면 재검토를 원합니다,급식,보통,급식실
급식비 인상으로 인해 학부모의 경제적 추가 부담은 크게 늘어났음에도 불구하고 정작 제공되는 급식의 질과 양은 형편없는 수준으로 떨어져 분통이 터집니다. 반찬 가짓수도 줄었고 양도 너무 적어 한창 먹성이 좋은 아이들이 점심을 먹고도 배가 고프다며 학습 의욕이 크게 떨어졌다고 불만을 토로합니다. 예산 지출 내역의 투명성이 의심되는데도 학교 측은 소통 부족으로 일관하며 구체적인 식자재 구입비를 공개하지 않아 답답함만 커지고 있습니다. 도대체 왜 이런 식으로 부실하게 급식이 운영되는 건가요. 더 이상 그냥 넘기기 어려우니 급식 예산 집행 내역을 학부모들에게 투명하게 공개해 주십시오,급식,보통,급식실
급식실 바닥에 물기가 가득하고 미끄러운 기름때가 제거되지 않은 채 방치되어 있어 식판을 든 학생들이 미끄러져 뇌진탕이나 골절을 당하는 대형 안전사고 위험이 상존하고 있습니다. 실제로 어제 점심시간에도 한 학생이 미끄러져 국물이 온몸에 쏟아지는 화상 사고 위험을 겪었음에도 미끄럼 방지 매트 설치 같은 안전 조치는 전무한 실정입니다. 아이는 급식실 바닥이 무서워서 걷기조차 조심스럽다며 매일 가슴이 두근거리고 불안하다고 호소합니다. 안전 불감증에 걸린 학교의 대처 방식에 너무 화가 나고 학부모 입장에서 납득하기 어려우니 즉각적인 바닥 정밀 청소와 안전 시설 보수를 강력히 항의합니다,급식,높음,급식실
단체 급식 메뉴의 다양성이 전혀 고려되지 않고 닭고기 볶음이나 감자 조림 같은 특정 반찬이 일주일 내내 중복되어 등장하여 아이들이 식사에 큰 실망과 권태감을 느끼고 있습니다. 식단 구성에 대한 영양사의 연구 노력이 전혀 보이지 않고 무성의한 방임 태도로 일관하니 공교육 급식 질에 대한 불신만 깊어집니다. 아이는 맨날 똑같은 반찬만 나와서 학습 의욕이 크게 떨어졌고 급식 먹는 즐거움이 사라졌다며 집에 와서 우울해합니다. 여러 번 다양한 메뉴 편성을 말씀드렸는데 달라진 것이 전혀 없고 소통 부족으로 일관하니 학부모 입장에서 너무 화가 나고 무책임한 운영에 해명을 원합니다,급식,보통,급식실
급식실 내 음수대 정수기 주변에 물때와 정체 모를 오물이 가득 피어 있어 아이들이 물을 마실 때마다 세균 감염 및 보건 위생 안전사고 위험에 직면해 있습니다. 정수기 컵 살균기도 고장 난 채 수 주째 방치되어 있어 아이들이 비위생적인 컵을 돌려쓰며 전염병 확산 위험이 가득함에도 행정실은 예산 타령만 하며 수리하지 않습니다. 아이는 학교 정수기 물에서 이상한 냄새가 난다며 목이 말라도 꾹 참다가 교실 수업 시간 수업 이해 부족을 겪었다며 울상을 지었습니다. 학부모 입장에서 납득하기 어려운 이 불결한 환경 관리 체계와 소통 부족에 너무 화가 나니 즉각적인 시설 교체를 요구합니다,급식,높음,급식실
겨울철 추운 날씨에 급식실 온난방 시설이 고장 났거나 가동하지 않아 얼음장처럼 차가운 공간에서 아이들이 오들오들 떨며 밥을 먹는 비인간적인 환경이 방치되고 있습니다. 게다가 국과 반찬도 다 식어서 딱딱하게 굳은 상태로 배식되니 아이들이 소화 불량과 감기에 걸리는 등 신체적 건강 안전사고 위험을 겪고 있습니다. 아이는 손이 시려 숟가락을 쥐기도 힘들었다며 교실로 돌아와 방치되었다고 느끼는 상황에서 너무 속상해 눈물을 흘렸습니다. 시설 관리의 소홀과 교사들의 무관심에 너무 화가 나고 매우 실망스럽습니다. 쾌적한 식사 환경 보장을 위해 즉각적인 난방기 수리와 보수 조치를 요구합니다,급식,높음,급식실
급식용 배식 카트나 보관용 냉장고 시설이 너무 노후화되어 문이 제대로 닫히지 않고 내부 온도가 유지되지 않아 식자재 변질로 인한 대형 위생 사고 위험이 도사리고 있습니다. 여름철 폭염 속에서도 노후된 냉장 장비를 그대로 방치하고 조리를 강행하는 학교 측의 안전 불감증 행태에 학부모 입장에서 납득하기 어렵고 불안감이 극에 달했습니다. 아이는 급식실에서 퀴퀴한 곰팡이 냄새가 난다며 음식을 신뢰하지 못하고 학습 의욕이 크게 떨어졌다고 고백합니다. 계속 같은 문제가 반복되고 있는데도 장비 교체 조치를 미루는 소통 부족 행정을 즉각 중단하고 확실한 답변과 시설 개선을 바랍니다,급식,높음,급식실
급식의 양이 한 학급 내에서도 불균형하게 배식되어 앞줄에 선 아이들은 산더미처럼 많이 주고 뒷줄에 선 우리 아이는 찌꺼기 수준의 적은 양만 주는 편파적인 배식이 이루어지고 있습니다. 배식 담당 교사나 조리원들이 생활지도를 손놓고 차별 대우를 방치하는 상황에 너무 화가 나고 분노가 치밀어 오릅니다. 아이는 자기가 뭘 잘못했냐며 억울함에 집에 와서 펑펑 울었고 학교 급식실 가기가 부끄럽다고 불안해합니다. 공정해야 할 학교 급식 현장에서 왜 이런 빈부격차나 소외감 같은 정서적 학대를 겪어야 하는지 정말 이해가 되지 않으며 책임 있는 설명과 개선을 원합니다,급식,보통,급식실
종교적 신념이나 채식주의 등 다양한 식습관을 가진 학생들을 위한 배려나 대체 메뉴 안내 부족으로 인해 특정 아이들이 점심시간마다 맨밥만 먹으며 교실에서 방치되었다고 느끼는 상황이 지속되고 있습니다. 다양성을 존중해야 할 교육 기관이 왜 이토록 독선적이고 융통성 없는 급식 운영 방식을 고수하여 아이들에게 인권침해와 소외감을 주는 건가요. 아이는 친구들이 고기반찬을 먹을 때 소외감을 느껴 학습 의욕이 크게 떨어졌고 등교를 싫어하게 되었습니다. 여러 번 유연한 식단 운영을 소통 부족 창구를 통해 건의했으나 달라진 것이 없으니 학부모 입장에서 너무 화가 나고 실망스럽습니다,급식,보통,급식실
급식으로 제공되는 유제품이나 주스 등 완제품 디저트의 유통기한이 당일 아침까지이거나 심지어 며칠 지난 제품이 배식되어 식중독 사고 위험을 직접적으로 초래하는 끔찍한 사태가 발생했습니다. 아이는 학교에서 준 우유를 마시다가 맛이 시큼해서 확인해 보니 날짜가 지났다며 가슴이 두근거리고 무서웠다고 울먹였습니다. 검수 체계가 완전히 붕괴되어 방치되어 있다는 명백한 증거임에도 영양사는 납품 업체 탓만 하며 소통 부족으로 일관하니 피가 거꾸로 솟습니다. 학부모 입장에서 납득하기 어려운 미숙한 행정에 강력히 항의하며 관련자 징계와 책임 있는 설명을 요구합니다,급식,높음,급식실
급식실 내 식탁과 의자의 간격이 너무 좁고 고정식 시설이라 몸집이 큰 아이들이나 가방을 멘 아이들이 이동할 때 걸려 넘어져 식판을 엎지르는 신체 사고 위험이 매일 발생하고 있습니다. 좁은 공간에 무리하게 많은 인원을 밀어 넣다 보니 식사 분위기가 시장바닥처럼 산만하고 소음으로 인해 아이들이 극심한 답답함과 스트레스를 호소하고 있습니다. 아이는 급식실만 들어가면 머리가 아프고 만성 피로가 몰려온다며 급식 먹기를 거부하고 있습니다. 시설 낙후를 왜 방치하는지 정말 이해가 되지 않으며 주차 관리나 배식 줄 동선 개선을 포함한 전면적인 급식 환경 리모델링을 원합니다,급식,보통,급식실
급식 식재료 납품 업체 선정 과정이 불투명하고 특정 부실 업체와 다년 수의계약을 맺어 질 낮은 식자재가 고질적으로 들어온다는 의혹과 불신이 학부모들 사이에서 팽배합니다. 이 때문에 고기 반찬은 비계덩어리만 가득하고 생선은 비린내가 심해 도저히 먹을 수 없는 수준으로 방치되어 아이들의 영양 불균형이 심각합니다. 아이는 급식이 너무 맛없고 형편없다며 학습 의욕이 크게 떨어졌고 매일 굶다시피 하여 가정에서 추가 학습 부담과 식비 추가 비용이 늘어났습니다. 여러 번 업체 변경을 독촉했으나 소통 부족으로 무시당했으니 더 이상 그냥 넘기기 어려우며 강력히 항의합니다,급식,보통,급식실
급식실 내부 청소 상태가 엉망이어서 식탁 밑에 이전 학급 아이들이 흘린 음식물 찌꺼기와 밥풀이 그대로 굳어 달라붙어 있고 악취가 진동하는 불결한 위생 환경이 지속되고 있습니다. 청소 구역 관리가 전혀 안 되고 방치되었다고 느끼는 상황에서 아이들은 더러운 식탁에서 밥을 먹어야 하니 위생 불신과 불쾌감이 극에 달했습니다. 아이는 식탁에 손을 대기도 싫다며 밥을 대충 먹고 교실로 도망치듯 올라온다고 울상을 짓습니다. 교육 환경의 기본인 급식 위생을 이토록 방임하는 학교의 안일한 태도에 너무 화가 나고 매우 실망스러우니 청소 전담 인력 확충과 해명을 촉구합니다,급식,높음,급식실
급식 메뉴 이름은 화려하게 표기해 놓고 실제 배식되는 음식은 양념도 안 된 맨걸레 같은 부실한 상태로 제공되어 학생들과 학부모들을 기만하는 눈속임 행정이 계속되고 있습니다. 예를 들어 숯불갈비라고 공지해 놓고 얇은 햄 조각 몇 개만 던져주는 식의 안내 부족과 부실 급식이 매번 반복되니 정말 이해가 되지 않고 화가 치밀어 오릅니다. 아이는 학교 점심시간이 전혀 즐겁지 않고 학습 의욕이 크게 떨어졌다며 집에 와서 눈물을 흘렸습니다. 학부모 입장에서 납득하기 어려운 허위 식단표 작성에 대해 책임 있는 설명을 요구하며 실제 배식 사진을 매일 공개하십시오,급식,보통,급식실
조리실 내부 화기 시설 및 가스레인지 주변의 후드 청소가 수년간 이루어지지 않아 찌든 기름때가 가열 시 녹아내려 국물 속으로 떨어지는 아찔한 위생 사고 위험이 존재하고 있습니다. 가스 누출 탐지 센서도 고장 난 채 방치되어 화재 및 폭발 안전사고 위험이 도처에 깔려 있는데도 행정실은 안일하게 대처하고 있습니다. 아이는 급식 국물에서 이상한 검은 기름 찌꺼기가 떠다니는 것을 보았다며 배탈 날까 봐 무섭고 걱정과 불안이 가득하다고 호소합니다. 소통 부족으로 학생과 조리원들의 목숨권을 담보 잡는 학교의 태도에 너무 화가 나니 즉각 시설 보수를 요구합니다,급식,높음,급식실
급식실 내 배식대 높이가 너무 높아 키가 작은 저학년 아이들이 뜨거운 국그릇을 받다가 손을 데이거나 국물이 발등에 쏟아지는 화상 안전사고 위험이 상존하고 있습니다. 아이들의 신체 조건은 전혀 고려하지 않은 낙후된 시설 환경을 개선하려는 노력 없이 담임교사는 조심하지 않았다며 아이 가방만 나무라니 너무 화가 납니다. 우리 아이도 오늘 아침 국을 받다가 쏟아질 뻔했다며 사색이 되어 가슴이 두근거린다고 털어놓았습니다. 학부모 입장에서 납득하기 어려운 부주의한 시설 배치와 소통 부족을 시정하고 즉각적인 발판 설치나 배식대 조절을 촉구합니다,급식,높음,급식실
급식 시간에 아이들이 먹을 수저와 젓가락 자외선 소독기 시설이 수개월째 고장 난 채 불만 켜져 있어 실제 살균 기능 없이 비위생적으로 방치되고 있습니다. 이 때문에 전교생이 손으로 만진 수저를 통해 독감이나 바이러스성 결막염 등 감염병 사고 위험이 급격히 확산되고 있어 학부모들의 걱정과 불안이 가득합니다. 보건위생의 사각지대로 전락한 급식실 모습을 보며 학교 행정에 깊은 실망과 불신을 금할 길이 없습니다. 여러 번 소독기 보수 및 노후 시설 보수를 말씀드렸는데 소통 부족으로 달라진 것이 없으니 더 이상 그냥 넘기기 어려우며 강력히 항의합니다,급식,높음,급식실
급식 식재료 중 해산물이나 생선류의 내장 제거와 세척이 제대로 되지 않아 꽃게탕이나 생선구이에서 낚시 줄과 모래 뻘이 그대로 씹히는 부실 조리 문제가 만연해 있습니다. 아이가 점심을 먹다가 딱딱한 찌꺼기를 씹고 잇몸 상처를 입는 안전사고 위험을 겪었음에도 담당 교사는 생선 가시 같은 건 알아서 발라 먹으라며 오만하게 응대하여 너무 화가 납니다. 학부모 입장에서 납득하기 어려운 불량한 식재료 가공 상태를 왜 학교는 방관하고 업체 관리 감독을 안 하는 건가요. 소통 부족 행태에 매우 실망스럽고 철저한 품질 조사와 책임 있는 사과를 요구합니다,급식,높음,급식실
급식실에 배치된 식수용 정수기 세척 컵들이 제대로 건조되지 않아 컵 내부에서 퀴퀴한 물비린내가 진동하고 물때가 끼어 있어 아이들이 물을 제대로 마시지 못하고 있습니다. 위생 보건 시설 관리가 이토록 성의 없이 방치되는 바람에 아이는 하루 종일 물을 안 마시고 참다가 두통과 수업 이해 부족을 겪었으며 만성 피로에 시달리다 집에 와서 울었습니다. 학생들의 기본 건강권을 무참히 짓밟는 급식실 음수 환경에 너무 화가 나고 학부모 입장에서 납득하기 어렵습니다. 여러 번 컵 소독기 전면 교체를 문의했지만 개선되지 않았고 소통 부족으로 일관하니 항의합니다,급식,보통,급식실
급식으로 제공되는 국물 요리가 너무 맵고 자극적인 청양고추나 마라 성분이 과도하게 포함되어 초등학생이나 매운 음식을 못 먹는 아이들이 아예 입도 대지 못하고 방치되었다고 느끼는 상황이 벌어집니다. 아이들의 위장 건강을 해치고 복통 사고 위험을 유발하는 자극적인 식단을 교육 급식이라는 이름으로 매번 내놓는 영양사의 가치관이 정말 이해가 되지 않습니다. 우리 아이는 국이 너무 매워 한 입도 못 먹고 맨밥만 먹었다며 속상해서 집에 와 눈물을 흘렸고 학습 의욕이 크게 떨어졌습니다. 소통 부족으로 학부모들의 덜 매운 식단 요구를 무시하는 학교에 엄중히 항의합니다,급식,보통,급식실
급식실 한구석의 잔반 처리장 구역에 음식물 쓰레기가 제때 수거되지 않고 뚜껑이 열린 채 방치되어 있어 온 급식실 내에 역겨운 썩은 냄새가 진동하는 위생 오염 환경입니다. 이 때문에 밥을 먹는 내내 아이들이 메스꺼움과 가슴이 답답함을 느끼며 식욕이 떨어져 음식을 다 남기는 악순환이 지속되고 있습니다. 악취 분출뿐만 아니라 식중독 세균 번식 등 위생 안전사고 위험이 눈앞에 보이는데도 학교는 소통 부족으로 일관하며 업체의 수거 일정 탓만 하니 정말 화가 납니다. 학부모 입장에서 납득하기 어려운 불결한 환경을 즉각 소독하고 잔반장 폐쇄 시설 개선을 원합니다,급식,높음,급식실
"급식 조리 시 화학조미료(MSG)나 인공 첨가물을 과도하게 사용하여 급식을 먹고 난 아이들이 피부 아토피 발진과 가려움증 등 정서적, 신체적 고통을 겪고 있습니다. 친환경 무농약 식자재를 쓴다는 약속은 간데없고 자극적인 조미료 범벅 음식을 방치하는 학교의 안일한 보건 태도에 너무 화가 나고 불신이 극에 달했습니다. 아이는 학교 밥만 먹으면 몸이 간지럽고 집중이 안 되어 교실 수업 시간 수업 이해 부족을 겪는다며 울상을 짓습니다. 여러 번 조미료 성분 분석과 식단 수정을 소통 부족 창구를 통해 요구했으나 달라진 것이 없으니 책임 있는 설명을 요구합니다",급식,보통,급식실
급식실의 배식 인력이 턱없이 부족하여 줄이 너무 길게 늘어서다 보니 아이들이 20분 이상을 서서 대기하느라 점심시간 휴식권을 완전히 박탈당하고 있습니다. 피로가 누적된 상태에서 허겁지겁 밥을 먹어야 하니 위장 장애 안전사고 위험이 높고 오후 수업 학습 의욕이 크게 떨어지는 부작용이 속출하고 있습니다. 아이는 줄 서다가 점심시간이 다 갔다며 집에 와 억울함에 눈물을 흘렸고 학교생활에 큰 실망을 표현합니다. 소통 부족과 행정 편의주의 때문에 왜 우리 아이들이 희생되어야 하나요. 학부모 입장에서 납득하기 어려운 배식 시스템의 전면 개편과 추가 인력 배치를 촉구합니다,급식,보통,급식실
급식으로 나오는 생선이나 고기반찬의 뼈와 가시가 제대로 제거되지 않은 순살 제품이 아니어서 아이들이 식사 도중 가시가 목에 걸리는 아찔한 안전사고 위험이 빈번합니다. 실제로 오늘 우리 아이도 갈치 가시가 목에 걸려 보건실에 갔으나 조치가 안 돼 병원 이비인후과까지 가야 했는데 담임교사는 응대 태도가 무책임하여 피가 거꾸로 솟았습니다. 아이는 목이 너무 아프고 무서웠다며 학교 급식을 다시는 먹기 싫다고 불안해합니다. 학생들의 신체 안전 사고 위험을 방치하는 무성의한 식재료 선정을 더 이상 그냥 넘기기 어려우니 책임 있는 설명과 가시 없는 식단 전환을 요구합니다,급식,높음,급식실
급식용 과일이나 야채를 세척할 때 사용하는 잔류 농약 제거용 세제 성분이 제대로 헹궈지지 않아 사과나 방울토마토에서 미끈거리는 세제 거품과 화학 냄새가 난다는 충격적인 제보가 있었습니다. 화학 물질 흡입 및 만성 중독 같은 치명적인 건강 안전사고 위험에 아이들이 무방비로 방치되었다고 느끼는 상황입니다. 학교 측은 정기 점검을 하고 있다고 소통 부족 변명만 늘어놓지만 아이들은 맛이 이상하다며 디저트를 다 버리고 있습니다. 학부모 입장에서 납득하기 어려운 이 한심한 조리 위생 관리 실태에 너무 화가 나고 매우 실망스러우니 정밀 위생 감사를 강력히 청합니다,급식,높음,급식실
급식비 면제 대상인 저소득층 가정이나 취약계층 아이들의 명단 관리 소홀로 인해 급식실 배식 단말기에 미납 경고음이 울리는 등 아이들에게 심각한 수치심과 인권침해를 가했습니다. 낙인을 찍어 아이를 교실과 학교에서 방치되었다고 느끼는 상황으로 내몰다니 너무 화가 나고 교육자로서 자질이 의심됩니다. 해당 아이는 친구들 앞에서 망신을 당한 정신적 상처로 집에 와 펑펑 울었고 등교 거부 증세까지 보이고 있습니다. 학부모 입장에서 납득하기 어려운 미숙한 개인정보 보호와 소통 부족 사고 위험에 대해 강력히 항의하며 책임 있는 사과를 요구합니다,급식,높음,급식실
급식 메뉴 중 튀김 공정에서 사용하는 식용유를 수일째 교체하지 않고 새까맣게 변한 폐유 수준의 기름으로 조리하여 발암 물질 검출 등 치명적인 건강 안전사고 위험을 야기하고 있습니다. 튀김옷이 검고 찌든 기름 냄새가 진동하여 아이들이 먹고 난 뒤 구토와 배탈을 호소하는데 학교는 단가 절약에만 눈이 멀어 위생 환경을 방치하는 건가요. 아이는 기름진 음식을 먹고 속이 뒤집혀 교실 수업 내내 누워 있었다며 매우 실망스럽다고 합니다. 여러 번 산가 측정 결과 공개와 기름 교체 주기를 소통 부족 문제를 지적하며 물었으나 답이 없으니 즉각 시정하십시오,급식,높음,급식실
급식실 내 테이블 매트나 칸막이 시설의 이음새에 검은 곰팡이와 찌든 때가 가득 끼어 있어 식사 도중 호흡기 질환이나 알레르기 위생 안전사고 위험이 심각하게 우려됩니다. 코로나 이후 방역 칸막이를 철거하지 않고 먼지가 쌓인 채 그대로 방치해 두어 교실 밖 위생 환경이 최악의 수준입니다. 아이는 더러운 칸막이 때문에 앞이 안 보이고 답답하다며 밥 먹을 때마다 기분이 나쁘다고 학습 의욕이 크게 떨어진 모습을 보입니다. 학부모 입장에서 납득하기 어려운 낙후된 급식 시설 관리와 소통 부족에 너무 화가 나며 즉각적인 전면 철거 및 소독을 원합니다,급식,높음,급식실
급식 식재료 보관 창고에 냉동 시설 온도 기록계가 고장 나 적정 보관 온도가 유지되는지 확인할 방법이 없는 위험천만한 위생 방임 상태가 지속되고 있습니다. 여름철 부패하기 쉬운 육류나 가공식품이 상온에 노출되어 식중독 사고 위험이 상존함에도 행정실은 수리 업체의 일정 타령만 하며 방치하고 있습니다. 아이들은 급식 맛이 변한 것 같다며 불안해하고 걱정이 가득하여 등교를 기피하려 합니다. 도대체 왜 이런 식으로 무책임하게 학교 핵심 안전 시설이 운영되는 건가요. 여러 번 말씀드렸는데 달라진 것이 없으니 철저한 감사와 책임 있는 설명을 요구합니다,급식,높음,급식실
급식으로 배식되는 밥이 수분이 전혀 없는 설익은 삼층밥이거나 물이 너무 많은 떡밥으로 나와 아이들이 도저히 삼킬 수 없는 수준의 불량 급식이 반복되고 있습니다. 기본적인 취사 과정조차 제대로 관리하지 못하면서 아이들에게 올바른 식습관과 학습 의욕을 기대하는 것은 어불성설입니다. 아이는 딱딱한 밥을 씹다가 턱이 아프고 소화가 안 돼 집에 와 눈물을 흘렸고 가정에서 추가 학습 부담 외에 건강 보조 비용까지 발생하고 있습니다. 소통 부족으로 일관하며 조리원의 숙련도 탓만 하는 학교 측의 오만한 태도에 너무 화가 나고 매우 실망스럽습니다,급식,보통,급식실
급식실의 환풍기 시설 스위치가 고장 나 조리 시 발생하는 열기와 냄새가 밖으로 배출되지 못하고 급식실 내부에 가득 차 온도가 40도에 육박하는 찜통 환경이 방치되고 있습니다. 아이들은 숨이 막히고 가슴이 답답해서 밥이 입으로 들어가는지 코로 들어가는지 모르겠다며 급식실 가기를 극도로 혐오하고 있습니다. 탈진 및 안전사고 위험이 도사리고 있는 열악한 식사 환경임에도 학교는 예산 부족을 핑계로 보수를 미루고 있으니 정말 이해가 되지 않습니다. 여러 번 공조 시설 개선을 요구했으나 소통 부족으로 달라진 것이 없으니 강력히 항의하며 즉각 고쳐주십시오,급식,높음,급식실
급식으로 나오는 국그릇과 반찬 접시의 재질이 멜라민 합성수지인데 너무 노후화되어 표면이 벗겨지고 균열이 가 있어 뜨거운 국물을 담을 때 환경호르몬 유출 안전사고 위험이 심각합니다. 발암 물질과 유해 성분이 아이들의 입으로 고스란히 들어갈 것을 생각하면 학부모 입장에서 납득하기 어렵고 피가 거꾸로 솟습니다. 아이는 깨진 그릇에 손이 긁혀 상처가 났다며 학교 시설이 너무 싫다고 울상을 짓습니다. 여러 번 친환경 스테인리스 식기류로 전면 교체 시설 개선을 요구했으나 소통 부족으로 시정되지 않고 있으니 무책임한 처사를 규탄하며 답변을 요구합니다,급식,높음,급식실
급식 배식 시 조리원분들이 머리카락이나 침이 튀는 것을 방지하는 위생 마스크(입가리개)를 착용하지 않거나 턱에 걸치는 턱스크 상태로 음식을 나누어주어 위생 불신이 극에 달했습니다. 배식 도중 큰 소리로 대화를 나누며 침방울이 반찬 위로 떨어지는 비위생적인 모습을 아이들이 직접 보고 큰 실망과 불쾌감을 호소하고 있습니다. 아이는 더러워서 도저히 못 먹겠다며 급식을 다 남기고 학습 의욕이 크게 떨어져 집에 와서 울었습니다. 계속 같은 문제가 반복되는데도 생활지도가 방치되는 이유가 도대체 무엇인지 책임 있는 설명과 즉각적인 교육을 촉구합니다,급식,보통,급식실
급식 식단에 계절감이 전혀 반영되지 않고 한여름 폭염 속에 뜨겁고 매운 찌개류만 주야장천 나오거나 한겨울 혹한기에 차가운 메밀국수가 배식되는 등 상식 이하의 식단 구성 불만이 폭발하고 있습니다. 이 때문에 아이들은 계절성 질환이나 복통 안전사고 위험에 노출되어 있으며 점심을 제대로 먹지 못해 만성 피로와 수업 이해 부족을 겪고 있습니다. 영양사의 불성실하고 창의성 없는 식단 짜기와 학교의 소통 부족 태도를 정말 이해가 되지 않고 실망이 큽니다. 아이들의 입맛과 건강을 배려한 균형 잡힌 계절 식단으로 즉각 전면 개편해 주시길 요구합니다,급식,보통,급식실
급식실 내 자판기나 퇴식구 주변에 바닥 배수 시설이 불량하여 고인 물에서 썩은 악취가 진동하고 미생물이 번식하는 등 보건 위생 환경이 최악의 수준으로 방치되고 있습니다. 밥을 먹는 테이블 바로 옆인데도 하수구 오물이 역류하는 위험을 교육 기관이 묵인하고 있다는 사실에 너무 화가 나고 분노가 치밀어 오릅니다. 아이는 냄새 때문에 머리가 아프고 토할 것 같다며 학교 가기를 무서워하고 있습니다. 여러 번 하수관 보수 및 시설 위험 정비를 말씀드렸는데 소통 부족으로 달라진 것이 없으니 더 이상 그냥 넘기기 어려우며 확실한 방역을 원합니다,급식,높음,급식실
급식으로 제공되는 김치가 중국산 저가 알몸 김치라는 소문이 돌면서 학부모들과 학생들의 위생 불신과 걱정이 극에 달하고 있습니다. 해썹(HACCP) 인증을 받은 안전한 국내산 김치를 사용한다고 공고했으나 소통 부족으로 실제 납품 단가를 낮추기 위해 꼼수를 부린 것이라면 이는 심각한 기만행위이자 인권침해입니다. 아이는 김치에서 이상한 소독약 냄새가 난다며 먹지 않고 방치되었다고 느끼는 상황에서 학습 의욕이 크게 떨어졌다고 합니다. 학부모 입장에서 납득하기 어려우니 김치 제조 공장 명칭과 원산지 증명서를 투명하게 전면 공개해 주십시오,급식,보통,급식실
급식실 배식용 집기류인 집게와 국자가 녹이 슬어 있거나 손잡이가 부러진 채 방치되어 있어 음식물에 녹가루가 섞여 들어가는 끔찍한 안전사고 위험이 상존하고 있습니다. 조리 도구의 위생 상태 관리를 이토록 성의 없이 손놓고 있는 학교의 안일함에 너무 화가 나고 실망스럽습니다. 우리 아이도 녹슨 집게로 배식 된 반찬을 먹고 배가 아프다며 밤새 구토 증세를 보여 학부모 입장에서 피눈물이 납니다. 여러 번 행정실에 조리 기구 전면 교체 및 시설 개선을 독촉했으나 달라진 것이 없으니 더 이상 그냥 넘기기 어려우며 책임 있는 설명을 요구합니다,급식,높음,급식실
급식 식단표에 표기된 칼로리와 영양 성분 표시가 실제 배식되는 양과 터무니없이 불일치하여 소아비만이나 당뇨 등 건강 관리가 필요한 아이들에게 치명적인 안전사고 위험을 야기하고 있습니다. 보여주기식 행정으로 영양 성분을 허위 기재해 놓고 실제로는 기름진 지방 덩어리만 가득 배식하니 학부모 입장에서 납득하기 어렵고 불신만 깊어집니다. 아이는 식단 조절 실패로 몸 상태가 안 좋아져 교실 수업 시간 수업 이해 부족을 겪었다며 눈물을 흘렸습니다. 소통 부족으로 일관하는 영양사의 무책임한 태도를 시정해 주시고 정확한 데이터를 요구합니다,급식,높음,급식실
급식실 퇴식구의 잔반 통이 너무 작고 시스템이 낙후되어 점심시간 끝 무렵이 되면 쏟아진 음식물 쓰레기가 바닥에 뒤엉켜 거대한 오물 지대를 형성하고 있습니다. 학생들이 식판을 반납하다가 찌꺼기를 옷에 묻히거나 미끄러지는 신체 사고 위험이 매우 높은데도 생활지도 교사는 보이지 않고 방치되어 있습니다. 아이는 오늘 퇴식구에서 친구가 넘어져 오물을 뒤집어쓰는 것을 보고 정서적 트라우마와 걱정이 가득해 밥을 안 먹겠다고 합니다. 여러 번 퇴식구 공간 확장과 위생 시설 개선을 건의했으나 소통 부족으로 달라진 것이 없으니 강력히 항의합니다,급식,높음,급식실
학교 정문 앞 사거리의 보행자 신호등 시간이 너무 짧아 학생들이 등교 시간에 초록불을 보고 뛰어가다가 신호가 바뀌어 차도 한복판에 고립되는 아찔한 교통 안전사고 위험이 매일 반복되고 있습니다. 불법 우회전하는 차량도 많아 아이들의 생명이 위협받는 심각한 상황임에도 학교 측은 지자체 탓만 하며 통학로 안전지도를 소홀히 하고 방치하고 있습니다. 아이는 매일 아침 등교할 때마다 차에 치일까 봐 가슴이 두근거리고 무섭다고 등교 거부감까지 느끼고 있습니다. 학부모 입장에서 납득하기 어려운 안일한 안전 불감증과 학교의 소통 부족에 너무 화가 나고 실망스러우니 즉각적인 통학로 안전 요원 배치와 생활지도 강화를 촉구합니다,생활지도/안전,높음,생활안전부
쉬는 시간마다 몇몇 학생들이 복도에서 킥보드를 타거나 거칠게 몸싸움을 하며 뛰어다니는데도 이를 제지하거나 생활지도하는 교사가 아무도 없어 학생들이 부딪혀 골절상을 입는 안전사고 위험이 끊이지 않고 있습니다. 특히 계단 근처에서 장난을 치다가 굴러떨어질 뻔한 아찔한 순간들이 빈번함에도 학교는 경고 안내 부족 상태를 유지하며 이를 방치하고 있습니다. 아이는 복도를 걸어 다닐 때마다 치일까 봐 걱정과 불안이 가득하며 학교 생활이 무섭다고 토로합니다. 사고가 발생한 후에야 대책을 마련할 건가요. 소통 부족으로 일관하는 학교 측의 무책임한 처사에 너무 화가 나고 실망스럽습니다,생활지도/안전,높음,생활안전부
점심시간에 학교 운동장과 구석진 사각지대에서 학생들 간의 거친 언어폭력과 사이버 불링을 기반으로 한 집단 따돌림 정황이 포착되었으나 담임교사는 단순한 장난으로 치부하며 생활지도를 방임하고 있습니다. 이로 인해 피해 학생은 심각한 정서적 학대와 고통을 겪으며 등교 거부 증세를 보이고 있고 학교라는 공간 자체를 무서워하게 되었습니다. 학생들의 인권침해와 학교폭력 안전사고 위험을 조기에 차단해야 할 학교가 소통 부족으로 문제를 은폐하려 하니 학부모 입장에서 납득하기 어렵고 분노가 치밀어 오릅니다. 즉각적인 피해 학생 보호 조치와 가해 학생에 대한 엄격한 생활지도 강화를 강력히 요구합니다,생활지도/안전,높음,생활안전부
체육 수업 중 교사가 자습을 주고 자리를 비운 사이 학생들이 안전장비 없이 높은 철봉이나 축구골대에 매달려 장난을 치다가 추락하는 아찔한 안전사고 위험이 발생했습니다. 현장에서 아이들을 보호하고 지도해야 할 체육 교사가 자리를 비워 생활지도가 완전히 방치되었음에도 학교 측은 사고 원인을 학생들의 부주의로만 돌리며 소통 부족으로 일관하고 있습니다. 아이는 선생님이 없어서 무서웠고 친구가 다치는 모습을 보며 큰 정서적 충격과 불안을 느꼈다고 합니다. 학부모 입장에서 납득하기 어려운 교육 기강 해이와 안전 불감증에 너무 화가 나니 확실한 해명과 재발 방지 대책을 원합니다,생활지도/안전,높음,생활안전부
학교 뒤편 흡연 구역이나 후미진 골목길에서 일부 학생들이 흡연을 하거나 다른 학생들을 위협하는 불량한 행동을 일삼고 있어 학생들의 비행 및 범죄 안전사고 위험이 심각합니다. 순찰이나 생활지도가 전혀 이루어지지 않는 사각지대로 방치되어 있어 아이들이 등하교 시나 쉬는 시간에 그곳을 지나갈 때 극심한 걱정과 불안을 호소하고 있습니다. 학교는 이러한 우범 지대를 인지하고 있으면서도 인력 부족이라는 핑계로 생활지도 조치를 취하지 않고 있어 매우 실망스럽고 화가 납니다. 아이들의 안전한 교육 환경 조성을 위해 즉각적인 CCTV 추가 설치와 교사 순찰 확대를 강력히 촉구합니다,생활지도/안전,높음,생활안전부
하교 시간 교문 앞 도로에 학원 차량과 학부모 차량들이 불법 주정차를 일삼아 전방 시야가 차단되면서 아이들이 차량 사이로 갑자기 튀어나와 주행하는 차와 부딪힐 뻔한 교통 안전사고 위험이 매일 상존하고 있습니다. 교문 앞 교통정리를 해야 할 배움터 지키미나 생활지도 교사는 보이지 않고 방치되어 있어 학부모 입장에서 납득하기 어렵고 가슴이 답답합니다. 아이는 차들이 엉켜서 빵빵거리는 소리가 무섭고 치일까 봐 두렵다고 집에 와서 눈물을 흘렸습니다. 학교 당국의 안일한 통학로 안전 관리와 소통 부족을 규탄하며 즉각적인 불법 주정차 단속 및 생활지도 인력 배치를 요구합니다,생활지도/안전,높음,생활안전부
최근 SNS를 통해 학생들 사이에서 유행하는 위험한 챌린지(목을 조르거나 높은 곳에서 뛰어내리는 등)를 교실 내에서 따라 하는 아이들이 많아 신체 건강을 위협하는 중대한 안전사고 위험이 도사리고 있습니다. 담임교사는 교실 내 이런 위험 행동을 인지하고도 별다른 제지나 안전 교육 없이 방임하고 있어 수업 환경 외적인 안전 확보에 큰 불신이 생겼습니다. 우리 아이는 친구들이 위험한 행동을 강요한다며 정서적 트라우마와 걱정이 가득한 상태로 등교를 무서워하고 있습니다. 학부모 입장에서 학교의 안내 부족과 생활지도 소홀에 너무 화가 나니 적극적인 안전 예방 교육을 촉구합니다,생활지도/안전,높음,생활안전부
실험 실습이 이루어지는 과학실 수업에서 학생들이 보호경이나 안전 장갑 등 필수 안전 장비를 착용하지 않은 채 유독성 화학 약품을 다루고 있어 실명이나 화상 등 치명적인 안전사고 위험에 노출되어 있습니다. 담당 교사는 장비 착용 상태를 확인하지도 않고 이론 설명만 한 채 자습을 주어 생활지도가 완전히 실종된 열악한 환경입니다. 아이는 실험 중 약품이 튈까 봐 전전긍긍하며 불안해하느라 수업 이해 부족을 겪었고 과학 시간이 공포스럽다고 표현합니다. 학생의 생명 안전과 직결된 실험실 안전 수칙 위반을 왜 방치하는지 정말 이해가 되지 않으며 책임 있는 설명과 개선을 원합니다,생활지도/안전,높음,생활안전부
동절기 빙판길이 된 학교 운동장과 진입로에 염화칼슘 살포나 미끄럼 방지 조치가 전혀 되어 있지 않아 학생들이 넘어지거나 다치는 낙상 안전사고 위험이 매우 높습니다. 미끄러운 빙판길인데도 학생들의 보행 생활지도를 하는 인력이 없어 아이들이 서로 밀치다가 넘어지는 아찔한 상황이 계속 방치되고 있습니다. 아이는 등교할 때 넘어질까 봐 온몸에 힘을 주어 만성 피로와 근육통을 호소하며 학교 시설 환경에 매우 실망스럽다고 합니다. 학부모 입장에서 납득하기 어려운 학교 측의 태만함과 소통 부족에 너무 화가 나니 즉각적인 제설 작업과 통학로 생활지도를 요구합니다,생활지도/안전,높음,생활안전부
학교 축제나 대형 행사 시 한정된 체육관 공간에 전교생을 무리하게 입장시켜 출입구가 막히고 밀집도가 지나치게 높아 압사 안전사고 위험이 심각하게 도사리고 있습니다. 인파 관리를 위한 교사들의 동선 제지나 생활지도가 전혀 이루어지지 않고 행사진행에만 급급하여 학부모들의 불안과 분노가 극에 달했습니다. 아이는 행사장 안이 너무 답답하고 사람들이 밀쳐서 숨이 막혔다며 가슴이 두근거리고 정서적 공포를 느꼈다고 호소합니다. 안전 불감증에 걸린 학교의 대처 방식과 소통 부족에 강력히 항의하며 다중이용 행사 안전 매뉴얼 마련 및 생활지도 강화를 촉구합니다,생활지도/안전,높음,생활안전부
"방과 후 학교 자율학습이나 돌봄교실이 끝난 늦은 저녁 시간, 본관 건물 출입구 조명이 꺼져 있어 어두컴컴한 환경인데도 학생들의 귀가 생활지도를 하는 교사가 없어 범죄 및 낙상 안전사고 위험이 상존합니다. 어둠 속에서 계단을 내려오다 발을 헛디뎌 구를 뻔한 위험을 아이가 직접 겪고 가슴이 답답하고 무서웠다고 토로했습니다. 학교 내 사각지대에 대한 보안 관리가 이토록 부실하게 방치되어도 되는 건가요. 여러 번 가로등 시설 보수와 안전지도를 건의했으나 소통 부족으로 시정되지 않으니 학부모 입장에서 납득하기 어렵고 학교 운영에 강력히 항의하는 바입니다",생활지도/안전,높음,생활안전부
체육 시간 넒은 운동장에서 야구 나 피구 경기 중 날아오는 공에 지나가던 학생들이 맞아 안면 부상을 입는 안전사고 위험이 빈번하게 발생하고 있으나 경기 구역 분리 지도가 전혀 안 되고 있습니다. 교사는 벤치에 앉아 휴대폰만 보며 학생들의 안전 생활지도를 완전히 방치하고 있어 학부모 입장에서 피가 거꾸로 솟고 분노가 치밀어 오릅니다. 아이는 운동장을 지나갈 때 공에 맞을까 봐 불안과 걱정이 가득하며 체육 시간이 너무 싫다고 눈물을 흘렸습니다. 학생 보호 의무를 저버린 교사의 무책임한 응대 태도와 학교의 소통 부족에 명확한 해명과 즉각적인 안전 구역 펜스 설치를 요구합니다,생활지도/안전,높음,생활안전부
비가 오는 날 학교 현관 바닥이 매우 미끄러움에도 불구하고 물기 제거 작업이나 미끄럼 경고판 설치가 없어 학생들이 뛰어가다가 대형 낙상 안전사고 위험을 겪고 있습니다. 등교 지도 시 교사들은 복장 규정만 단속할 뿐 정작 바닥의 미끄러움으로 인한 학생 안전 생활지도는 전혀 신경 쓰지 않고 방치하는 상황입니다. 아이는 현관에서 넘어져 무릎에 큰 피멍이 들었는데도 아무도 돌봐주지 않아 방치되었다고 느끼는 상황을 겪고 서럽게 울었습니다. 기본적인 보행 안전조차 소홀히 하는 학교의 안일함에 너무 화가 나고 매우 실망스러우니 즉각 매트 설치와 생활지도 강화를 원합니다,생활지도/안전,높음,생활안전부
학교 주변 재개발 공사 현장에서 대형 덤프트럭과 중장비들이 통학로를 무분별하게 통행하고 있어 아이들의 교통 안전사고 위험이 극에 달했음에도 학교 차원의 안전 생활지도가 전무합니다. 공사 업체 측의 안전 요원 배치 부족 상태를 학교가 뻔히 알면서도 지자체나 소통 부족 창구 탓만 하며 방관하고 있어 학부모 입장에서 납득하기 어렵습니다. 아이는 매일 먼지와 트럭 사이를 걸어가며 치일까 봐 무섭고 가슴이 답답하다고 고백했습니다. 아이들의 생명권을 위협하는 위험 환경을 이대로 둘 수 없으니 즉각적인 등하교 시간 교사 합동 순찰 및 통학로 안전 확보를 강력히 촉구합니다,생활지도/안전,높음,생활안전부
학생들이 이용하는 등산로 형태의 후문 통학로에 멧돼지나 유기견 등 맹수가 출현했다는 인근 주민의 제보가 있었음에도 학교는 학생들에게 사전 안내 부족 상태를 유지하며 등하교 생활지도를 소홀히 하고 있습니다. 아이들은 후문으로 등교하다가 덩치 큰 유기견을 마주치고 극심한 공포와 안전사고 위험을 느껴 길거리에서 울었다고 합니다. 재난이나 위험 동물 출현 시 신속한 대피 지도와 예방 생활지도가 필수적임에도 소통 부족으로 일관하는 학교 측의 태도에 너무 화가 나고 매우 실망스럽습니다. 아이들의 안전한 등굣길 보장을 위해 즉각적인 후문 순찰 및 안내 강화를 요구합니다,생활지도/안전,높음,생활안전부
탈의실이나 화장실 주변 복도에서 일부 학생들이 다른 학생들의 사진을 불법 촬영하거나 장난을 빙자한 인권침해 행동을 일삼고 있어 디지털 성범죄 안전사고 위험이 심각하게 우려됩니다. 피해 우려가 가득한 취약 공간임에도 교사들의 정기적인 순찰이나 생활지도가 전혀 이루어지지 않고 방치되어 있습니다. 아이는 화장실에 갈 때마다 누군가 촬영할까 봐 무섭고 불안해서 학교에서는 화장실을 아예 참는다고 고통을 호소합니다. 학생들의 사생활 보호와 성 안전을 지켜주지 못하는 학교의 소통 부족 행태에 너무 화가 나고 즉각적인 불시 점검 및 예방 지도를 강력히 요구합니다,생활지도/안전,높음,생활안전부
학교 버스(셔틀버스) 탑승 시 학생들이 안전벨트를 매지 않거나 버스가 움직이는 도중에 자리에서 일어나는 위험천만한 행동을 하는데도 운전기사나 동승 보호자의 안전 생활지도가 전혀 이루어지지 않고 있습니다. 급정거 시 전방 유리창으로 튕겨 나갈 수 있는 대형 교통 안전사고 위험이 상존함에도 학교는 위탁 업체 탓만 하며 생활지도를 방치하고 있습니다. 아이는 버스가 흔들릴 때마다 넘어질까 봐 무섭고 가슴이 두근거린다고 호소합니다. 학부모 입장에서 납득하기 어려운 안전 불감증과 소통 부족에 대해 책임 있는 설명과 철저한 승차 생활지도 감독을 촉구합니다,생활지도/안전,높음,생활안전부
"폭염 경보가 발령된 날씨에 운동장에서 무리하게 오래달리기 등 체육 수업과 야외 활동을 강행하여 학생들이 열사병으로 쓰러지는 아찔한 건강 안전사고 위험이 발생했습니다. 기상 상황에 따른 유연한 수업 대처와 학생 보호 생활지도가 필수적임에도 교사는 교육과정 진도 문제를 핑계로 무조건 뛰게 하여 정서적, 신체적 학대나 다름없는 열악한 환경을 만들었습니다. 아이는 어지럽고 토할 것 같은데도 계속 뛰어야 해서 가슴이 답답하고 학교 가기가 무서워졌다고 눈물을 흘렸습니다. 학생의 안위를 전혀 고려하지 않는 교사의 고압적인 응대 태도와 소통 부족에 강력히 항의합니다",생활지도/안전,높음,생활안전부
쉬는 시간 교실 내에서 칼이나 날카로운 커터칼을 가지고 위험한 장난을 치거나 가방에 호신용 무기를 소지하고 다니는 학생들이 있음에도 소지품 검사나 위험물 차단 생활지도가 전혀 안 되고 있습니다. 이로 인해 주변 아이들이 찔리거나 베이는 안전사고 위험에 상시 노출되어 있어 학부모 입장에서 납득하기 어렵고 불안감이 극에 달해 있습니다. 아이는 친구가 칼을 휘두르는 모습을 보고 혹시 다칠까 봐 극심한 걱정과 불안 속에서 수업을 듣느라 수업 이해 부족을 겪고 있습니다. 소통 부족으로 학생들의 교실 내 무기 소지를 방임하는 학교의 책임 있는 설명과 즉각적인 단속을 요구합니다,생활지도/안전,높음,생활안전부
학교 축제나 동아리 활동 중 학생들이 고전압 멀티탭에 문별하게 전선을 연결하여 스파크가 튀는 등 화재 안전사고 위험이 직접적으로 눈앞에 보였음에도 생활지도 교사들은 이를 방관하고 치우지 않았습니다. 전기 안전 교육이나 사전 시설 점검 없이 행사가 진행되어 전교생의 생명이 화재 위험에 노출된 심각한 상황에 너무 화가 나고 실망이 큽니다. 아이는 연기가 나는 것을 보고 무서워서 행사장 밖으로 도망쳐 나왔다며 가슴이 두근거린다고 합니다. 소통 부족으로 재난 예방 생활지도를 손놓고 있는 학교 측의 무책임한 행태에 명확한 해명과 시정 조치를 강력히 촉구합니다,생활지도/안전,높음,생활안전부
학급 교실 내에서 학생들 간에 돈을 빌려주고 받지 못하는 금전 거래나 중고 물품 강매 같은 경제적 인권침해 행위가 빈번하게 발생하고 있으나 교사의 생활지도는 사각지대에 놓여 있습니다. 이 과정에서 협박과 언어폭력이 동반되어 아이들이 정신적 학대와 과제 부담 이상의 스트레스를 겪고 있음에도 학교는 아이들끼리의 일이라며 방치하는 상황입니다. 우리 아이는 친구의 강요로 원치 않는 물건을 사야 했다며 서러움에 집에 와 눈물을 쏟았습니다. 학부모 입장에서 납득하기 어려운 교사의 안일한 생활지도와 소통 부족에 너무 화가 나며 철저한 전수조사를 요구합니다,생활지도/안전,보통,생활안전부
등교 시간 교문 앞에서 완장이나 띠를 두른 선도부 학생들이 지나치게 고압적이고 위협적인 태도로 복장과 두발을 단속하며 학생들에게 정서적 학대와 수치심을 주는 잘못된 생활지도가 지속되고 있습니다. 인권 친화적인 학교 환경을 조성해야 할 학교가 오히려 학생 간의 갈등을 유발하고 공포 분위기를 조장하는 태도에 너무 화가 나고 매우 실망스럽습니다. 아이는 아침부터 선도부의 짜증 섞인 응대 태도를 마주하면 심장이 뛰고 학교 가기가 싫어진다고 호소합니다. 소통 부족 행정을 중단하고 구시대적인 단속 위주의 생활지도를 즉각 인권 존중형 생활지도로 개선할 것을 원합니다,생활지도/안전,보통,생활안전부
컴퓨터실이나 멀티미디어실 수업 중 학생들이 유해 음란 사이트나 도박 사이트에 무설정으로 접속하여 이용하고 있음에도 정보 교사는 모니터링이나 인터넷 차단 생활지도를 전혀 하지 않고 방치하고 있습니다. 디지털 중독 및 범죄 오염 안전사고 위험에 아이들이 무방비로 노출되어 있는데도 학교의 안내 부족과 소홀함에 학부모 입장에서 납득하기 어렵고 불신이 깊어집니다. 아이는 옆자리 친구가 이상한 화면을 보고 있어서 수업에 집중할 수 없었고 수업 이해 부족을 겪었다고 불만을 토로했습니다. 소통 부족 방임을 중단하고 철저한 유해 사이트 차단 및 정보 생활지도를 촉구합니다,생활지도/안전,보통,생활안전부
학교 매점이나 자판기 주변에서 특정 학생들이 자리를 독점하고 다른 학생들의 접근을 막거나 돈을 빼앗는 등 갈취 안전사고 위험이 매일 발생하고 있으나 생활지도 순찰은 전혀 없습니다. 아이는 매점에 가고 싶어도 무서운 형들이 서 있어서 가질 못하겠다며 배가 고픈 채로 교실에 방치되었다고 느끼는 상황을 겪고 있습니다. 학생들의 안전하고 평화로운 휴식 권리를 보장해야 할 학교가 소통 부족으로 이 우범 지대를 방임하는 행태에 너무 화가 나고 가슴이 답답합니다. 즉각적인 매점 주변 교사 고정 배치와 폭력 예방 생활지도 강화를 강력히 요구합니다,생활지도/안전,높음,생활안전부
방과 후 자율학습 신청을 하지 않은 학생들을 강제로 교실에 잡아두고 문을 잠근 채 학습을 강요하는 비인간적인 생활지도가 행해지고 있어 학생들의 신체 자유 침해 및 화재 발생 시 대피 불가 안전사고 위험이 심각합니다. 학생들의 자율성을 무시하고 정서적 학대를 가하는 고압적인 생활지도 방식에 너무 화가 나고 학부모 입장에서 납득하기 어려운 처사입니다. 아이는 교실에 갇혀 있는 느낌이 들어 답답하고 무서워서 학습 의욕이 크게 떨어졌다고 집에 와 눈물을 흘렸습니다. 위법 소지가 있는 강제 감금식 생활지도를 즉각 중단하고 책임 있는 설명과 소통 부족 시정을 요구합니다,생활지도/안전,높음,생활안전부
체육 대회나 야외 현장체험학습 이동 시 학생들이 대열을 이탈하여 위험한 차도나 난간 근처로 가는데도 인솔 교사들은 본인들끼리 잡담을 나누느라 학생들의 대열 유지 생활지도를 완전히 손놓고 있습니다. 낙상이나 교통사고 등 대형 안전사고 위험이 눈앞에 가득한 상황인데도 교사의 안전 불감증 태도에 매우 실망스럽고 피가 마르는 심정입니다. 아이는 친구가 차에 치일 뻔한 아찔한 순간을 보고 가슴이 두근거리고 무서웠다고 털어놓았습니다. 소통 부족으로 학생 안전 보호 의무를 유기하는 학교의 태도에 강력히 항의하며 인솔 안전 가이드라인 준수를 촉구합니다,생활지도/안전,높음,생활안전부
지진이나 화재 대피 훈련 시 학교 측의 준비 부족과 안내 부족으로 인해 대피 경로가 겹쳐 계단에서 학생들이 한꺼번에 몰려 넘어지는 압사 안전사고 위험이 실제로 발생할 뻔했습니다. 대피 생활지도를 해야 할 교사들조차 우왕좌왕하며 장난치는 학생들을 제지하지 않아 훈련이 오히려 안전을 위협하는 위험 환경으로 변질되었습니다. 아이는 실제 재난이 나면 다 죽을 것 같다며 큰 걱정과 불안을 호소하고 학교 시스템에 큰 실망을 표현했습니다. 학부모 입장에서 납득하기 어려운 미숙한 재난 생활지도와 소통 부족에 명확한 해명과 실질적인 안전 대책을 원합니다,생활지도/안전,높음,생활안전부
학급 내에서 심각한 주의력 결핍이나 분노조절장애로 인해 다른 학생들에게 물건을 던지거나 폭력을 행사하는 특이 학생이 있음에도 교실 내 격리나 전문적인 생활지도 없이 일반 교실에 그대로 방치하고 있습니다. 이로 인해 우리 아이를 포함한 다수의 학생들이 신체 상해 안전사고 위험과 정서적 학대 환경에 시달리며 수업 이해 부족과 진도 문제를 겪고 있습니다. 아이는 언제 맞을지 몰라 매일 가슴이 두근거리고 무섭다며 등교를 두려워하고 있습니다. 소통 부족으로 대다수 학생의 안전권을 침해하는 학교의 무책임한 처사에 너무 화가 나니 즉각 대책을 마련하십시오,생활지도/안전,높음,생활안전부
학교 본관 건물 옥상 출입문 잠금장치가 고장 나 학생들이 자유롭게 옥상에 올라가 난간에 걸터앉아 장난을 치는 등 끔찍한 추락 안전사고 위험이 상존하고 있으나 순찰 생활지도가 전혀 안 되고 있습니다. 위험천만한 행동을 목격한 학부모가 학교에 전화를 걸었으나 담당자는 알아서 잠그겠다는 성의 없는 응대 태도로 일관하며 수일째 방치하고 있습니다. 아이는 친구들이 옥상에서 떨어질까 봐 무섭다며 걱정과 불안이 가득한 상태로 학교를 다니고 있습니다. 학생들의 생명 안전 관리를 이토록 방임하는 소통 부족 학교 당국에 강력히 항의하며 즉각 문 보수를 요구합니다,생활지도/안전,높음,생활안전부
기숙사 생활을 하는 학교인데 야간 점호 이후 일부 학생들이 방을 이탈하여 음주를 하거나 폭력을 행사하는 등 심각한 생활지도 붕괴 환경이 방치되고 있습니다. 사감 교사의 야간 순찰 소홀과 생활지도 공백으로 인해 기숙사가 안전사고 위험의 온상이 되었음에도 학교는 소통 부족으로 일관하며 사실을 은폐하기에 급급합니다. 아이는 기숙사 방 안에서 밤마다 무서워서 잠을 잘 수 없다며 만성 피로와 정서적 불안을 호소하고 있습니다. 학부모 입장에서 납득하기 어려운 부실한 기숙사 관리 체계에 책임 있는 설명과 야간 보안 생활지도 강화를 촉구합니다,생활지도/안전,높음,생활안전부
학교 정문 앞 횡단보도에 신호등이 없어 아이들이 주행하는 차량의 눈치를 보며 위태롭게 길을 건너고 있으나 등하교 시간 교사나 안전 요원의 보행 생활지도가 전혀 이루어지지 않고 있습니다. 과속하는 차량들이 많아 언제든 대형 교통 안전사고 위험이 터질 수 있는 환경임에도 학교는 소통 부족으로 지자체에 건의만 했다는 핑계로 생활지도를 방치하고 있습니다. 아이는 등교할 때 차들이 멈추지 않아 길가에서 한참을 울었다고 고백했습니다. 아이들의 생명 안전을 방임하는 학교의 무책임함에 너무 화가 나고 실망스러우니 즉각적인 안전 생활지도를 요구합니다,생활지도/안전,높음,생활안전부
과학실에서 알코올램프 사용 수업 중 학생들이 불을 켜둔 채 자리를 비우거나 장난을 치는데도 교사는 생활지도를 하지 않고 교탁에서 노트북만 보고 있어 화재 및 화상 안전사고 위험이 극에 달했습니다. 실제로 옆자리 학생의 옷에 불이 붙을 뻔한 아찔한 순간이 있었음에도 교사의 무관심한 방임 태도에 학부모 입장에서 피가 거꾸로 솟고 분노가 치밀어 오릅니다. 아이는 과학 실험 시간이 너무 무섭고 불안해서 가슴이 답답하다고 호소하며 학습 의욕이 크게 떨어졌습니다. 소통 부족으로 학생 안전을 유기하는 교사의 생활지도 강화를 강력히 요구합니다,생활지도/안전,높음,생활안전부
학교폭력 가해 학생과 피해 학생에 대한 분리 조치가 제대로 이뤄지지 않아 가해 학생이 교실과 복도에서 피해 학생을 지속적으로 쳐다보며 보복 협박을 가하는 2차 인권침해 안전사고 위험이 방치되고 있습니다. 담임교사는 법적 절차가 진행 중이라는 이유로 생활지도를 손놓고 있어 피해 학생은 학교 안에서 완전히 방치되었다고 느끼는 상황입니다. 아이는 가해자를 마주칠 때마다 심장이 내려앉고 무서워서 등교를 거부하고 집에 와 눈물만 흘립니다. 소통 부족과 무능한 생활지도 때문에 우리 아이가 왜 정신적 학대를 받아야 하나요. 즉각적인 공간 분리를 촉구합니다,생활지도/안전,높음,생활안전부
학교 운동장 스탠드 뒤편 낙후된 창고 주변에 깨진 유리병과 날카로운 철사들이 널브러져 있어 아이들이 놀다가 찔리거나 베이는 안전사고 위험이 높으나 접근 제한 생활지도가 전혀 없습니다. 위험 구역임에도 경고문 하나 없이 방치되어 있어 아이들이 생활지도의 사각지대에서 큰 상처를 입을 우려가 가득한데 학교는 무관심으로 일관합니다. 아이는 친구가 거기서 놀다가 다치는 모습을 보고 큰 정서적 트라우마와 걱정이 가득하다고 합니다. 학부모 입장에서 납득하기 어려운 학교의 안일한 시설 안전 관리와 소통 부족에 너무 화가 나니 즉각 환경 정비를 원합니다,생활지도/안전,높음,생활안전부
미세먼지 농도가 '매우 나쁨' 단계로 경보가 발령되었음에도 불구하고 생활지도 교사들은 학생들이 마스크를 착용하지 않은 채 운동장에서 축구를 하거나 뛰어노는 것을 제지하지 않고 방치하고 있습니다. 학생들의 호흡기 건강과 신체 안전을 보호해야 할 생활지도가 완전히 실종되어 아이들이 만성 기침과 눈 통증을 호소하며 열악한 대기 환경에 노출되어 있습니다. 아이는 선생님이 아무 말도 안 해서 괜찮은 줄 알았다며 목이 아프다고 울상을 지었습니다. 학교의 안내 부족과 소홀한 보건 생활지도에 너무 화가 나고 매우 실망스러우니 대책 마련을 요구합니다,생활지도/안전,보통,생활안전부
방과 후 자율학습 시간에 교실 내 감독 교사가 배치되지 않아 일부 학생들이 큰 소리로 음악을 틀거나 다른 학생들의 학습을 방해하는 소란을 피워 학습 환경 안전이 무너지고 있습니다. 이 때문에 공부를 하려는 우리 아이는 집중력 저하와 수업 이해 부족의 연장선인 과제 부담 스트레스를 겪으며 학습 의욕이 크게 떨어졌다고 눈물을 흘렸습니다. 면학 분위기 조성을 위한 최소한의 생활지도조차 안 하려면 왜 자율학습을 강제하는 건가요. 소통 부족 행정을 중단하고 방과 후 교실 순찰 및 생활지도 감독을 철저히 해줄 것을 강력히 요구합니다,생활지도/안전,보통,생활안전부
학교 주변 골목길에 바바리맨이나 거동이 수상한 괴한이 출현했다는 학생들의 신고가 여러 번 접수되었음에도 학교는 학부모들에게 안내 부족 상태를 유지하며 등하교 안전 생활지도를 강화하지 않고 있습니다. 아이는 하교할 때 누군가 따라오는 것 같아 무서워서 심장이 뛰고 공포에 떨며 집에 뛰어왔다고 울먹였습니다. 학생 대상 범죄 안전사고 위험이 눈앞에 도사리고 있는데도 소통 부족으로 대처를 미루는 학교의 태도를 정말 이해가 되지 않고 실망이 극에 달했습니다. 즉각적인 경찰 합동 순찰 요망 및 하교 시간 교사 거점 생활지도를 촉구합니다,생활지도/안전,높음,생활안전부
탈의실 내 문 잠금장치가 고장 난 상태에서 체육 교사가 남녀 학생들의 이용 시간 분리 생활지도를 명확히 하지 않아 옷을 갈아입는 도중 다른 성별의 학생들이 문을 열고 들어오는 끔찍한 성 안전사고 위험과 인권침해가 발생했습니다. 이로 인해 아이들은 극심한 수치심과 정서적 학대를 겪으며 탈의실 이용을 거부하고 화장실 칸막이 안에서 숨어서 옷을 갈아입고 있습니다. 사생활 보호와 학생 안전을 위한 가장 기본적인 생활지도조차 소홀히 하는 학교의 응대 태도에 너무 화가 납니다. 소통 부족 문제를 시정하고 즉각적인 시설 보수 및 확실한 이용 지도를 원합니다,생활지도/안전,높음,생활안전부
학교 매점 앞 통로가 너무 협소하여 쉬는 시간마다 수백 명의 학생들이 한꺼번에 몰려 밀치고 압박당하는 낙상 및 압사 안전사고 위험이 상존하고 있으나 동선 지도를 하는 교사가 없습니다. 좁은 공간에서 밀치다가 넘어져 뒷사람에게 밟힐 뻔한 아찔한 경험을 아이가 직접 겪고 가슴이 답답하고 무서워서 매점 가기를 포기했다고 합니다. 학생들의 편의와 안전을 고려한 공간 배치나 분산 배정 생활지도가 전혀 안 되고 방치되는 상황에 너무 화가 나고 매우 실망스럽습니다. 소통 부족 행정을 즉각 멈추고 매점 이용 시간 학년별 분리 제도를 요구합니다,생활지도/안전,보통,생활안전부
체육 수업 시 다리 부상이나 기저질환으로 인해 야외 활동이 불가능한 참관 학생들을 운동장 땡볕 바닥에 아무런 보호 조치 없이 앉혀두고 생활지도를 방치하는 반인권적인 처사가 지적되고 있습니다. 열사병 안전사고 위험뿐만 아니라 아픈 아이에 대한 배려가 전혀 없는 정서적 학대 환경에 학부모 입장에서 납득하기 어렵고 실망이 너무 큽니다. 아이는 아픈 것도 서러운데 볏볕 아래 방치되었다고 느끼는 상황에서 눈물을 흘렸고 학교 가기를 싫어하게 되었습니다. 소통 부족으로 학생 인권을 경시하는 교사의 태도를 시정하고 참관 학생용 그늘막 시설 및 휴식 지도를 요구합니다,생활지도/안전,보통,생활안전부
학교 내 엘리베이터(장애 학생 및 화물용)에 일반 학생들이 무분별하게 탑승하여 정원을 초과해 경고음이 울리고 갇히는 안전사고 위험이 빈번함에도 탑승 제한 생활지도가 전혀 이루어지지 않고 있습니다. 실제 고장으로 문이 열리지 않아 아이들이 안에서 공포에 떨었던 사건이 있었음에도 학교는 엘리베이터 이용 수칙 안내 부족 상태를 유지하며 방치하고 있습니다. 아이는 엘리베이터를 볼 때마다 갇힐까 봐 무섭고 불안하다고 가슴이 답답하다고 호소합니다. 안전 불감증에 빠진 학교 측의 책임 있는 설명과 철저한 엘리베이터 이용 생활지도 감독을 원합니다,생활지도/안전,높음,생활안전부
하교 시간 교문 앞 이면도로에서 오토바이를 탄 배달원들이 보행자 전용 통학로를 무법천지로 질주하며 학생들이 치일 뻔한 교통 안전사고 위험이 극에 달했으나 교사들의 현장 생활지도는 전무합니다. 아이들은 오토바이가 경적을 울리며 위협할 때마다 길가로 밀려나 넘어지는 등 부상 위험에 상시 노출되어 방치되는 실정입니다. 학부모 입장에서 납득하기 어려운 학교 측의 안일한 통학로 안전 관리와 소통 부족 행태에 너무 화가 나고 매우 실망스럽습니다. 지자체 및 경찰과 협조하여 오토바이 통행을 전면 차단하고 하교 시간 생활지도를 강력히 촉구합니다,생활지도/안전,높음,생활안전부
학교 축제 기간 동안 야외에 설치된 임시 천막 구조물과 무대 장치의 와이어가 단단히 고정되지 않아 강풍에 흔들리며 쓰러질 듯한 대형 붕괴 안전사고 위험이 발생했으나 주변 통제 생활지도가 없었습니다. 아이들은 무대 근처에서 공연을 관람하다가 구조물이 흔들리는 모습을 보고 정서적 공포와 불안을 느껴 행사를 즐기지 못했다고 토로합니다. 학생들의 생명을 담보로 안전 검증도 없이 행사를 강행한 학교의 무책임한 소통 부족 태도에 분노가 치밀어 오릅니다. 철저한 시설 안전 점검과 행사 시 전문 안전 지도 인력 배치를 강력히 항의하며 요구합니다,생활지도/안전,높음,생활안전부
학급 교실 내에서 스마트폰을 이용한 불법 도박이나 유해 앱 공유가 유행처럼 번지고 있으나 담임교사는 조례 시간 외에는 학생들의 스마트폰 사용 생활지도를 완전히 손놓고 방치하고 있습니다. 이로 인해 교실 분위기가 황폐해지고 학생들이 과제 부담을 외면한 채 도박 자금 마련을 위한 갈취 안전사고 위험까지 번지고 있어 학부모 입장에서 피가 마릅니다. 아이는 교실이 도박장 같다며 무섭고 학습 의욕이 크게 떨어졌다고 고백했습니다. 소통 부족으로 디지털 비행 생활지도를 외면하는 학교의 책임 있는 설명과 강력한 휴대폰 수거 정책을 원합니다,생활지도/안전,보통,생활안전부
체육관 무대 뒤 어둡고 밀폐된 공간이 일부 학생들의 아지트처럼 사용되며 사행성 오락이나 거친 장난이 벌어지는 사각지대로 전락했으나 출입 제한 생활지도가 전혀 안 되고 있습니다. 전선과 무대 장치가 가득해 감전 및 화재 안전사고 위험이 매우 높은 열악한 환경임에도 시설 관리인과 교사들은 순찰을 소홀히 하고 방치하고 있습니다. 아이는 무대 뒤에서 무슨 일이 일어날까 봐 무섭고 체육관 갈 때마다 가슴이 두근거린다고 걱정을 호소합니다. 학부모 입장에서 납득하기 어려운 안일한 보안 관리와 소통 부족에 엄중히 경고하며 즉각적인 출입 통제를 촉구합니다,생활지도/안전,높음,생활안전부
학교 급식실 줄서기 공간에서 학생들이 서로 밀치고 새치기를 하는 과정에서 시비가 붙어 폭력 안전사고 위험이 매일 발생하고 있으나 배식 시간 생활지도 교사는 자리에 없습니다. 질서 유지가 전혀 안 되는 아수라장 환경이다 보니 키가 작은 우리 아이는 밀려나서 맨 뒤로 가거나 식판을 놓쳐 음식을 쏟는 등 정신적 학대와 억울함을 겪고 집에 와 울었습니다. 공정하고 안전해야 할 식사 시간이 왜 이토록 험악하게 방치되어야 하는지 정말 이해가 되지 않습니다. 소통 부족 창구를 통한 개선 요구는 무의미하니 즉각적인 급식실 질서 지도 인력 배치를 원합니다,생활지도/안전,보통,생활안전부
겨울철 방과 후 자율학습을 마친 학생들이 귀가할 때 통학로 계단에 불빛이 없고 얼어붙은 눈이 방치되어 있어 어둠 속에서 미끄러져 굴러떨어지는 낙상 안전사고 위험이 심각합니다. 하교 수송 버스 탑승 지도나 보행 생활지도를 하는 교사가 단 한 명도 없어 아이들이 각자도생으로 위험한 빙판길을 내려오는 열악한 환경입니다. 아이는 계단에서 넘어져 발목을 삐어 병원 치료를 받았는데 학교는 소통 부족으로 일관하며 책임 회피만 하고 있어 너무 화가 납니다. 학부모 입장에서 납득하기 어려운 등하교 안전 방임에 대해 즉각적인 조치와 해명을 요구합니다,생활지도/안전,높음,생활안전부
"수업 시간 중 교실 창문 밖으로 물건(지우개, 페트병 등)을 아래로 던지는 위험천만한 장난을 치는 학생들이 있음에도 교사는 가벼운 주의만 줄 뿐 엄격한 생활지도나 징계를 하지 않고 방치하고 있습니다. 아래를 지나가는 학생이 맞을 경우 두부 손상 등 치명적인 안전사고 위험이 초래되는 중대한 비행임에도 학교의 안내 부족과 안일한 온정주의 태도에 실망이 극에 달했습니다. 아이는 위에서 뭐가 떨어질까 봐 건물 옆을 지나갈 때마다 공포와 걱정이 가득하다고 합니다. 소통 부족 방임을 중단하고 투척 행위 근절을 위한 강력한 생활지도를 촉구합니다",생활지도/안전,높음,생활안전부
"동아리 실습 수업에서 학생들이 날카로운 칼이나 톱, 글루건 등 화상 및 자상 안전사고 위험이 높은 도구를 다루고 있음에도 사전 안전 수칙 교육과 밀착 생활지도가 전혀 이루어지지 않고 있습니다. 담당 강사는 구석에서 책만 보고 조작 지도를 방치하여 아이들이 상처를 입고 보건실로 가는 일이 빈번함에도 소통 부족으로 개선이 없습니다. 아이는 글루건에 데여 화상을 입었는데도 선생님이 봐주지 않아 서러웠다며 집에 와 눈물을 흘렸고 학습 의욕이 크게 떨어졌습니다. 학생의 신체 안전을 경시하는 부실한 생활지도에 강력히 항의하며 시정을 요구합니다",생활지도/안전,높음,생활안전부
학교 주변 유흥가나 유해 업소 밀집 지역으로 학생들이 방과 후에 무분별하게 출입하며 탈선 및 범죄 안전사고 위험에 노출되어 있으나 학교 차원의 지역사회 연계 생활지도가 전무합니다. 유해 환경으로부터 학생들을 보호해야 할 의무가 있는 학교가 안내 부족 상태를 유지하며 방관하고 있어 학부모 입장에서 납득하기 어렵고 가슴이 답답합니다. 아이는 친구들이 나쁜 길로 빠지는 것 같아 걱정되고 무섭다며 정서적 불안을 토로하고 있습니다. 소통 부족 행태를 규탄하며 즉각적인 방과 후 교외 순찰 조 활동 및 유해 환경 차단 생활지도 강화를 강력히 촉구합니다,생활지도/안전,높음,생활안전부
학교 홈페이지의 자유게시판 및 익명 신문고 시스템이 악성 매크로와 스팸 광고 글로 도배되어 학생들이 교내 공지사항을 확인하거나 정당한 의견을 제안할 때 심각한 안내 부족과 소통 부족을 겪고 있습니다. 불법 도박이나 성인물 링크가 담긴 게시물들이 수일째 삭제되지 않고 방치되어 있어 아이들이 유해 환경에 무방비로 노출되어 있는데도 관리자는 소통 부족 태도로 수수방관하고 있습니다. 아이는 홈페이지를 볼 때마다 불쾌하고 무섭다며 학교의 관리 능력에 깊은 실망을 표현했습니다. 학부모 입장에서 납득하기 어려운 부실한 웹사이트 관리 실태에 대해 책임 있는 설명과 즉각적인 보안 시스템 강화를 강력히 요구합니다,기타,보통,행정실
매년 학기 초에 발급되는 학생증 인쇄 상태가 엉망이어서 사진이 흐릿하게 뭉개지거나 이름과 학번 오타가 속출하여 학생들이 도서관 대출이나 교내 시설 이용 시 본인 확인 불가 불이익을 겪고 있습니다. 재발급 신청 절차마저 너무 복잡하고 수수료까지 청구하여 가정에서 경제적 추가 부담과 스트레스를 겪고 있음에도 행정실은 위탁 업체 탓만 하며 방치하는 상황입니다. 아이는 내 학생증만 불량이라며 교실에서 소외감을 느끼고 서러움에 집에 와 눈물을 흘렸습니다. 교육의 기본인 학생 식별 장치조차 제대로 발급하지 못하는 학교의 미숙한 행정에 대해 명확한 사과와 무상 재발급을 촉구합니다,기타,보통,행정실
학교 행정실의 전화 응대 태도가 너무 고압적이고 불친절하여 학부모들이 교내 학사 일정이나 필수 제출 서류에 대해 문의할 때마다 극심한 정서적 학대와 모욕감을 느끼고 있습니다. 전화를 걸면 한참 동안 받지 않거나 질문이 끝나기도 전에 귀찮다는 듯 전화를 끊어버리는 소통 부족 행태가 고질적으로 반복되어 가슴이 답답합니다. 아이 또한 행정실에 필요한 증명서를 발급받으러 갔다가 면박을 당하고 방치되었다고 느끼는 상황을 겪고 와서 학교 가기를 무서워합니다. 학부모와 학생을 기만하는 행정실 직원들의 서비스 교육 강화와 불통 행정에 대한 책임 있는 해명을 강력히 원합니다,기타,보통,행정실
학교에서 일방적으로 지정한 교복 납품 업체의 독점 공급으로 인해 교복 품질은 재질이 거칠고 쉽게 찢어지는 등 형편없는 수준인데 반해 가격은 터무니없이 비싸 학부모들의 경제적 과제 부담이 극에 달했습니다. 사이즈 교환이나 AS 요청을 해도 업체는 불친절한 응대 태도로 일관하며 차일피일 미루고 학교는 소통 부족으로 나 몰라라 방치하고 있습니다. 아이는 교복 바지 봉제선이 터져 교실 수업 시간 내내 부끄러움과 불편함을 겪었으며 학교 환경에 매우 실망스럽다고 토로합니다. 학부모 입장에서 납득하기 어려운 불투명한 교복 업체 선정 과정을 전면 재조사하고 공동구매 방식을 다변화해 줄 것을 촉구합니다,기타,보통,행정실
"졸업앨범 제작 비용이 예년에 비해 지나치게 과도하게 책정되었음에도 불구하고 포함된 사진의 화질이나 구성, 편집 상태가 조잡하여 학부모들과 학생들의 불만이 폭발하고 있습니다. 특정 학급이나 일부 학생들의 사진만 편중되어 인쇄되어 있고 우리 아이의 사진은 구석에 작게 뭉개져 있어 교실 내 소외감과 정서적 상처를 직접적으로 유발하고 있습니다. 앨범 편집 위원회와 학교 측은 안내 부족 상태를 유지하다가 이의 제기를 하자 소통 부족 창구로 일관하며 환불 불가 방침만 고수하고 있습니다. 평생 한 번뿐인 추억을 망쳐버린 부실 앨범 사태에 대해 강력히 항의하며 재제작 또는 비용 반환을 요구합니다",기타,보통,행정실
학교 내 자판기의 음료 유통기한이 지나 있거나 거스름돈 반환 장치가 고장 난 채 방치되어 있어 학생들이 돈만 날리고 유해 식품을 섭취할 위생 안전사고 위험에 상시 노출되어 있습니다. 위탁 관리업체는 연락이 두절되었고 학교는 자판기 관리가 자신들의 업무가 아니라며 생활지도 조치 없이 방관하고 있어 학부모 입장에서 납득하기 어렵고 너무 화가 납니다. 아이는 목이 말라 자판기를 이용했다가 돈을 잃고 찝찝한 음료를 마셔 배가 아프다며 가슴이 답답하다고 울상을 지었습니다. 학생들이 이용하는 교내 편의 시설에 대한 철저한 위생 지도와 즉각적인 장비 수리를 요구합니다,기타,보통,행정실
학교 축제나 매점 이용 시 사용하도록 강제하는 교내 자체 모바일 페이 시스템이 수시로 서버 다운과 결제 오류를 일으켜 학생들이 점심시간 내내 줄만 서다가 음식을 사 먹지 못하고 방치되는 상황이 속출하고 있습니다. 탈중앙화나 디지털 교육을 빙자한 미숙한 행정 도입으로 인해 학생들은 과제 부담 이상의 결제 스트레스를 받고 있으며 개인정보 유출 걱정과 불안까지 겪고 있습니다. 아이는 모바일 결제가 안 돼 밥을 굶었다며 매우 실망스럽다고 집에 와 눈물을 흘렸습니다. 시스템 안정성이 확보될 때까지 모바일 결제 강제를 즉각 중단하고 현금 및 일반 카드 결제 시설 개선을 강력히 촉구합니다,기타,보통,행정실
"교내 분실물 보관소 관리가 전혀 되지 않고 방치되어 있어 학생들이 잃어버린 고가의 체육복이나 학용품, 자전거 등이 도난당하거나 훼손되는 사태가 빈번하게 발생하고 있습니다. 분실물 접수 대장이나 온라인 공지 시스템이 없어 안내 부족 상태가 지속되다 보니 아이들은 물건을 찾아볼 엄두도 내지 못하고 체념하여 가정의 경제적 손실이 가중되고 있습니다. 아이는 소중한 물건을 잃어버리고 학교의 무관심한 방임 태도에 정서적 트라우마를 겪으며 눈물을 흘렸습니다. 소통 부족 행정을 멈추고 분실물 보관 공간에 CCTV 설치 및 체계적인 온라인 조회 시설 시스템 구축을 강력히 요구합니다",기타,보통,행정실
학교 발전기금이나 찬조금 명목으로 학부모회나 학교 측에서 반강제적인 기부를 독려하는 전화를 돌리거나 가정통신문을 발송하여 학부모들의 경제적 정신적 부담과 스트레스가 극에 달해 있습니다. 기부 금액에 따라 아이들을 차별 대우하거나 임원 임명에 영향을 미친다는 소문이 돌면서 교실 내 위화감과 인권침해 우려가 가득함에도 학교는 자발적 참여라며 소통 부족 변명만 늘어놓고 있습니다. 학부모 입장에서 납득하기 어려운 구시대적인 불법 찬조금 조성 행태에 너무 화가 나고 분노가 치밀어 오릅니다. 기금 집행 내역의 투명한 공개와 강압적인 기부 권유 행위를 즉각 중단할 것을 원합니다,기타,보통,행정실
학기말 성적표나 생활기록부 우편 발송 시 주소지 오기로 인해 다른 집으로 배송되거나 개인정보가 타인에게 노출되는 심각한 행정 사고 위험과 안내 부족 문제가 발생하여 학부모들의 항의가 빗발치고 있습니다. 민감한 성적 정보와 교사의 의견이 담긴 문서가 유출되었음에도 학교 측은 행정실의 단순 실수라며 안일한 응대 태도로 일관해 너무 화가 납니다. 아이는 자신의 사생활이 노출되었을까 봐 극심한 걱정과 불안 속에서 등교를 힘들어하고 있습니다. 개인정보 보호법 위반 소지가 다분한 이번 행정 누출 사태에 대해 학교장의 책임 있는 설명과 재발 방지 시스템 조치를 촉구합니다,기타,보통,행정실
교내 상설 동아리나 방과 후 학교 부서 선정 과정이 학생들의 희망 순위나 가위바위보 같은 원시적인 방식으로 무작위 배정되어 학생들이 원치 않는 동아리에 강제 편성되는 불만이 폭발하고 있습니다. 이로 인해 아이들은 진로 탐색 기회를 박탈당하고 학습 의욕이 크게 떨어졌으며 매주 동아리 시간마다 교실 수업 이해 부족과 진도 문제를 겪고 있습니다. 선발 기준의 형평성과 투명성에 대해 소통 부족으로 일관하는 학교의 독선적인 태도에 학부모 입장에서 납득하기 어렵고 실망이 극에 달했습니다. 학생들의 선택권을 보장하는 공정한 온라인 선착순이나 추첨 시설 시스템 도입을 강력히 요구합니다,기타,보통,행정실
학교 도서관이나 영어실 등 특별실 대출증 발급이 특정 학년이나 특정 동아리 학생들에게만 우선 발급되거나 차별적으로 처리되어 일반 학생들이 도서 이용 제한 불이익을 겪고 있습니다. 교육의 기회균등 원칙을 저버리고 교내에서 은근한 빈부격차나 계급의식을 조장하는 불공정한 행정에 너무 화가 나고 가슴이 답답합니다. 아이는 친구들은 책을 빌리는데 자기만 못 빌렸다며 소외감과 정서적 상처를 입고 집에 와 울먹였습니다. 소통 부족 창구를 통한 시정 요구는 무의미하니 전교생에게 동등한 자격을 즉각 부여하고 차별적인 대출 규정을 전면 폐지해 줄 것을 강력히 항의합니다,기타,보통,행정실
학교 주변 불법 과외나 사교육 업체의 홍보 전단지 배포원들이 교문 안쪽까지 무단 침입하여 등하교 하는 아이들에게 전단지와 사탕을 강제로 쥐여주며 통학로 안전사고 위험과 환경 오염을 유발하고 있습니다. 잡상인 출입 통제를 철저히 해야 할 배움터 지키미와 생활지도 교사는 이를 방관하고 치우지 않아 학교가 상업 공간으로 변질되었다고 느끼는 상황입니다. 아이는 모르는 사람이 다가와 가방을 붙잡아 너무 무섭고 심장이 뛰었다고 고백했습니다. 학부모 입장에서 납득하기 어려운 학교의 안일한 보안 지도와 소통 부족에 대해 엄중히 책임을 묻고 외부인 출입 전면 차단을 원합니다,기타,보통,행정실
주말이나 방학 기간 동안 학교 체육관과 운동장을 지역 주민 단체나 조기축구회에 무분별하게 유료 대관해 주면서 정작 학생들이 주말에 학교 시설을 이용하려 할 때는 출입을 전면 통제하는 모순적인 행정이 지속되고 있습니다. 외부인들이 버리고 간 술병과 담배꽁초로 인해 월요일 아침마다 운동장 환경 오염과 위생 안전사고 위험이 가득함에도 학교는 대관 수익에만 치중하고 있습니다. 아이는 우리 학교인데 왜 우리는 못 쓰냐며 학교 당국에 매우 실망스럽다고 말합니다. 소통 부족으로 학생 편의를 뒷전으로 미루는 상업적 대관 행위를 즉각 중단하거나 학생 우선 이용 시간을 보장해 주십시오,기타,보통,행정실
교내 매점에서 유통되는 간식류의 가격이 시중 편의점보다 터무니없이 비싸게 책정되어 있어 학생들이 매점을 이용할 때 경제적 부담과 차별 대우를 느끼고 있습니다. 독점 운영이라는 지위를 악용하여 저품질 가공식품을 비싼 가격에 판매하면서 영양 성분이나 칼로리 표시 안내 부족 상태를 유지하는 것은 학생 건강권을 침해하는 행위입니다. 아이는 용돈이 모자라 매점 친구들이 먹는 모습을 구경만 했다며 교실에서 소외감을 느꼈다고 눈물을 흘렸습니다. 학부모 입장에서 납득하기 어려운 매점 운영 업체의 폭리와 학교의 소통 부족 행태에 대해 강력히 항의하며 가격 적정성 평가를 요구합니다,기타,보통,행정실
학교 주관으로 진행되는 단체 봉사활동 프로그램의 연계 기관들이 부실하거나 종교적 편향성이 심한 곳으로 지정되어 학생들이 종교적 자유 침해와 정서적 학대 환경을 겪고 있습니다. 사전 동의나 대체 프로그램 안내 부족 상태로 참가를 강제하여 아이들은 과제 부담보다 정신적 스트레스가 극에 달해 있는 상황입니다. 아이는 원치 않는 종교 시설에서 봉사를 강요받아 가슴이 답답하고 학교 시스템에 큰 실망을 표현했습니다. 다양한 가치를 존중해야 할 공교육 기관이 소통 부족으로 이 문제를 방치하는 행태에 너무 화가 나니 즉각 비종교적 순수 봉사 기관으로 변경해 주십시오,기타,보통,행정실
학교 셔틀버스 운행 노선이 일부 특정 아파트 단지나 학부모회 임원들의 거주지 위주로만 편파적으로 짜여 있어 원거리 통학을 하는 대다수의 일반 학생들이 교통 불편과 안전사고 위험을 겪고 있습니다. 노선 조정을 요구하는 다수 학부모들의 목소리를 학교 측은 위탁 버스 업체의 핑계를 대며 소통 부족으로 일관하고 묵살하고 있습니다. 아이는 매일 아침 만원 버스를 갈아타느라 등교 전부터 만성 피로를 호소하며 학습 의욕이 크게 떨어진 상태입니다. 학부모 입장에서 납득하기 어려운 불공정한 셔틀버스 노선 배정 기준을 투명하게 전면 공개하고 평등한 시설 개선을 촉구합니다,기타,보통,행정실
교내 장학금 수혜자 선정 기준과 결과 발표 과정이 불투명하고 공지사항 안내 부족 상태로 밀실에서 처리되어 학생들과 학부모들 사이에서 성적 조작 및 특혜 의혹 불신이 팽배해 있습니다. 공정하게 격려받아야 할 장학 제도가 오히려 학생 간의 불화와 교실 내 위화감을 조성하는 역효과를 내고 있음에도 학교는 소통 부족으로 일관하고 있습니다. 우리 아이는 열심히 노력했음에도 명확한 사유 없이 탈락하여 학습 의욕이 크게 떨어졌고 억울함에 집에 와 펑펑 울었습니다. 장학금 지급 심사 위원회 명단과 세부 평가 점수를 학부모들에게 투명하게 전면 공개할 것을 강력히 요구합니다,기타,보통,행정실
"학교에서 매 학기 발행하는 교지 및 인쇄물에 학생들의 동의 없이 개인 사진과 에세이, 심지어 입시 결과 성적 정보까지 무단으로 실어 출판하는 심각한 인권침해 행위가 벌어졌습니다. 초상권 및 개인정보 보호에 대한 기본 의식도 없는 학교의 몰상식한 행태에 학부모 입장에서 납득하기 어렵고 분노가 치밀어 오릅니다. 아이는 자신의 글과 사진이 전교생에게 공개되어 놀림거리가 되었다며 정서적 트라우마와 걱정이 가득해 학교 가기를 무서워하고 있습니다. 소통 부족으로 저지른 이번 무단 출판물 사태에 대해 전량 회수 및 폐기 조치와 책임 있는 사과를 원합니다",기타,보통,행정실
교내 밴드부나 댄스부 등 자치 동아리의 연습실 사용 배정 시간이 담당 교사의 주관적인 호불호에 따라 편파적으로 분배되어 일부 동아리 학생들이 연습 공간 박탈 불이익을 겪고 있습니다. 공용 시설물을 공정하게 운영해야 할 학교가 교사의 사적 감정으로 학생 활동을 제약하고 방치하는 상황에 너무 화가 나고 매우 실망스럽습니다. 아이는 대회 준비를 해야 하는데 연습실 문을 잠가버려 복도 맨바닥에서 연습했다며 서러움에 눈물을 흘렸습니다. 소통 부족 행정을 즉각 중단하고 모든 자치 동아리가 평등하게 예약 사용할 수 있는 온라인 시설 시스템 구축을 요구합니다,기타,보통,행정실
학교에서 일방적으로 시행하는 아침 자습 시간 '행복한 명상' 오디오 방송의 볼륨이 너무 크고 내용이 종교색을 띠고 있어 학생들이 등교 직후부터 정서적 학대와 극심한 두통을 호소하고 있습니다. 강제적인 명상 참여로 인해 학생들이 주도적으로 학습을 준비할 아침 시간을 빼앗겨 과제 부담과 스트레스가 가중되고 있습니다. 아이는 방송 소리가 너무 시끄러워 가슴이 답답하고 교실에 있기가 싫다며 등교 거부감까지 느끼고 있습니다. 학부모 입장에서 납득하기 어려운 획일적인 훈육 방식을 즉각 중단하고 학생들의 자율적 아침 시간 활용 권리를 보장해 주십시오,기타,보통,행정실
"교내 공모전이나 대회 심사 결과가 예정된 발표일로부터 수 주째 지연되고 있음에도 홈페이지나 담임교사를 통한 아무런 지연 사유 안내 부족 상태로 방치되어 학생들의 혼란이 극에 달했습니다. 입시나 포트폴리오 준비로 1분 1초가 아까운 학생들에게 과제 부담과 피가 마르는 걱정, 불안을 안겨주는 학교의 미숙한 행정에 너무 화가 나고 매우 실망스럽습니다. 아이는 매일 결과 조회를 하느라 밤잠을 설치며 만성 피로에 시달리고 있습니다. 소통 부족 창구로 일관하지 말고 정확한 심사 기준과 최종 발표 일정을 즉각 공지해 줄 것을 강력히 항의합니다",기타,보통,행정실
학교에서 구입한 교육용 태블릿 PC나 디지털 장비들을 전용 보관함에 잠가둔 채 고장이나 분실 위험이 있다는 이유로 학생들이 수업 시간에 전혀 사용하지 못하게 방치하고 있습니다. 스마트 교육을 선도한다고 대대적으로 홍보해 놓고 정작 기자재는 보여주기식 전시품으로 놔두는 이중적인 태도를 정말 이해가 되지 않고 실망이 큽니다. 아이는 디지털 교과서 수업인데도 장비가 없어 교실 수업 시간 수업 이해 부족을 겪었다며 불만을 토로했습니다. 소통 부족 행정을 멈추고 고가의 디지털 시설 인프라를 학생들이 자유롭게 학습에 활용할 수 있도록 개방하십시오,기타,보통,행정실
"교내 우체통이나 건의함 시설이 형식적으로만 설치되어 있을 뿐, 수개월째 내부 수거가 이루어지지 않아 학생들이 제출한 건의서와 인권침해 신고서들이 먼지가 쌓인 채 구석에 방치되고 있습니다. 학생들의 목소리를 원천 차단하는 소통 부족 학교의 전형적인 모습에 너무 화가 나고 가슴이 답답합니다. 아이는 학교 생활의 불편함을 건의함에 넣었으나 달라진 것이 전혀 없어 자신들의 의견이 묵살당했다고 느끼는 상황에서 무력감을 느끼고 눈물을 흘렸습니다. 형식적인 쇼를 중단하고 건의함 정기 수거 처리 대장을 투명하게 전면 공개할 것을 촉구합니다",기타,보통,행정실
학교 축제 기간 동안 외부 유료 푸드트럭 업체를 입점시키면서 발생한 쓰레기 처리 비용과 매권 이용료를 학생들에게 강제로 전가시켜 경제적 과제 부담을 가중시키고 있습니다. 축제의 주인공이어야 할 학생들을 상업적인 소비 주체로만 취급하는 학교의 안일한 기획 태도에 학부모 입장에서 납득하기 어렵고 실망스럽습니다. 아이는 돈이 없어 푸드트럭 음식을 사 먹지 못하고 소외감을 느껴 축제 날 교실 구석에 혼자 있었다며 눈물을 흘렸습니다. 소통 부족으로 진행된 상업적 축제 운영 방식을 전면 재검토하고 학생회 주도의 순수 축제로 환원해 줄 것을 원합니다,기타,보통,행정실
교내 주차 공간 부족을 이유로 학교 측이 교직원 차량 외에 학부모들의 상담이나 공식 방문 차량의 교내 진입을 전면 통제하여 학교 방문 시 극심한 불편을 겪고 있습니다. 인근 유료 주차장을 전전하느라 시간과 금전적 부담이 발생하는데도 학교는 소통 부족으로 일관하며 대안을 제시하지 않고 있습니다. 아이는 엄마가 학교에 오기 힘들다는 이유로 필수 담임 상담 조치 혜택을 받지 못해 방치되었다고 느끼는 상황을 겪으며 속상해하고 있습니다. 학부모를 교육의 주체로 인정하지 않는 고압적인 주차 시설 규정을 즉각 완화하고 안내를 강화해 주십시오,기타,보통,행정실
"학교 알리미 앱이나 가정통신문 발송 시스템의 잦은 서버 오류로 인해 내일 준비물이나 학사 일정 공지사항이 밤늦게 전달되거나 누락되는 안내 부족 문제가 고질적으로 발생하고 있습니다. 이 때문에 워킹맘인 저는 퇴근 후 밤늦게 문구점을 찾아 헤매야 하는 등 추가적인 일상 부담과 극심한 스트레스에 시달리고 있습니다. 아이는 준비물을 챙기지 못해 교실 수업 시간 교사에게 꾸중을 듣고 정서적 상처와 걱정, 불안이 가득해 눈물을 쏟았습니다. 불량한 모바일 소통 시설 시스템을 왜 신속하게 보수하지 않고 방치하는지 명확한 해명과 전면 개편을 요구합니다",기타,보통,행정실
학교 폭력 예방 교육이나 흡연 예방 교육 등 법정 의무 교육 프로그램들이 강당에 전교생을 모아놓고 인터넷 동영상을 틀어주는 식의 형식적이고 무성의한 방식으로 방치되어 실효성이 전무합니다. 아이들은 어두운 강당 바닥에 앉아 소음 속에서 스마트폰을 하거나 잠을 자며 교육 유효기간을 때우는 열악한 환경입니다. 정작 실제 학교폭력 안전사고 위험 발생 시 대처법은 안내 부족 상태라 아이들은 큰 실망을 표현하고 있습니다. 소통 부족으로 의무 실적 채우기에만 급급한 학교 당국의 무책임함을 규탄하며 내실 있는 소규모 학급별 대면 교육 전환을 촉구합니다,기타,보통,행정실
교내 매점이나 자판기에서 판매되는 가공식품 중 특정 대기업 제품의 유통 비율이 100%에 달해 학생들이 다양한 식품을 선택할 권리를 침해당하고 불량 식품 선택 강요 환경에 놓여 있습니다. 저렴하고 영양가 높은 중소기업 우수 제품이나 친환경 간식류의 입점을 학교 측이 원천 차단하고 수의계약을 고수하는 의혹에 너무 화가 나고 불신이 팽배합니다. 아이는 매점 메뉴가 다 기름진 것뿐이라 먹고 나면 배가 아프다며 학습 의욕이 크게 떨어진 모습을 보입니다. 소통 부족 매점 입찰 과정을 학부모회에 전면 공개하고 품목 다양성 시설 개선을 원합니다,기타,보통,행정실
"학교 청소 시간 조절 실패로 인해 종례 직후 전교생이 빗자루와 걸레를 들고 복도에 쏟아져 나와 먼지가 자욱하게 발생하는데도 교사들의 마스크 착용 지도나 생활지도가 전혀 안 되고 있습니다. 자욱한 먼지 구덩이 속에서 아이들이 기침을 해대며 정서적, 신체적 학대나 다름없는 불결한 대기 환경에서 강제 노동을 하고 있어 너무 화가 납니다. 아이는 청소 시간만 되면 눈이 따갑고 머리가 아파서 과제 부담과 피로를 느낀다며 집에 와 울상을 지었습니다. 학부모 입장에서 납득하기 어려운 이 구시대적 청소 방식을 즉각 시정하고 전문 청소 용역 시설 도입을 강력히 요구합니다",기타,보통,행정실
방학 중 진행되는 학교 주관 보충수업이나 캠프 프로그램의 취소 공지가 개강 전날 밤에 일방적으로 문자로 통보되어 학부모들의 양육 계획과 일정이 통째로 붕괴되는 행정 횡포가 발생했습니다. 안내 부족과 불성실한 행정 처리로 인해 맞벌이 가정에서는 급하게 아이를 맡길 곳을 찾느라 피가 마르는 심정인데 학교는 소통 부족으로 일관하고 있습니다. 아이는 기대했던 캠프가 무산되어 큰 실망을 느끼고 방학 내내 혼자 집에 방치되었다고 느끼는 상황에서 우울해하고 있습니다. 무책임한 프로그램 운영에 대해 학교장의 공식 사과와 책임 있는 설명을 요구합니다,기타,보통,행정실
교내 영재 학급이나 심화반 선발 시험 문제에서 심각한 출제 오류와 복수 정답 시비가 발생했음에도 불구하고 학교 측은 채점 기준을 비공개로 부치며 이의 제기를 원천 봉쇄하는 소통 부족 행태를 보이고 있습니다. 공정성이 생명인 선발 고사에서 안내 부족과 밀실 행정으로 일관하니 학생들과 학부모들의 불신과 분노가 하늘을 찌르고 있습니다. 우리 아이는 억울한 감점 처리로 탈락하여 학습 의욕이 완전히 꺾였고 교실 수업에 집중하지 못한 채 눈물만 흘리고 있습니다. 출제 문항 전면 재검토와 채점 기준표의 투명한 공개를 강력히 항의하며 촉구합니다,기타,보통,행정실
학교 축제나 대형 체육 대회 시 학생회장단이나 특정 동아리 학생들에게만 무대 앞 전석 배치나 특별 간식 지급 등 눈에 보이는 특혜를 제공하여 교내 차별 대우 불만이 폭발하고 있습니다. 대다수 일반 학생들은 들러리 취급을 받으며 뙤약볕 스탠드에 방치되어 정서적 소외감과 학대 분위기를 느끼고 있어 너무 화가 나고 매우 실망스럽습니다. 아이는 자기는 평범해서 무시당하는 것 같다며 집에 와 정서적 상처를 호소하며 울었습니다. 소통 부족으로 차별을 정당화하는 학교 당국의 안일한 행정을 규탄하며 모든 학생이 평등하게 참여하는 행사 시설 개선을 요구합니다,기타,보통,행정실
매년 실시되는 학생 정서·행동특성검사 결과 관리 소홀로 인해 관심군으로 분류된 학생들의 명단과 상담 내용 비밀이 교사들의 부주의로 유출되어 교실 내 왕따 안전사고 위험과 인권침해를 유발하고 있습니다. 민감한 정신보건 정보조차 제대로 보호하지 못하고 방치하는 학교의 무능함에 학부모 입장에서 납득하기 어렵고 심장이 내려앉는 줄 알았습니다. 해당 아이는 소문이 퍼져 친구들에게 놀림을 당하고 심각한 트라우마로 등교 거부 증세를 보이고 있습니다. 소통 부족 보안 시스템을 전면 재점검하고 관련 책임자를 엄중 처벌해 줄 것을 촉구합니다,기타,보통,행정실
학교 지정 도서관 검색용 키오스크 및 무인 대출 장비 시설의 사용자 인터페이스(UI)가 너무 복잡하고 수시로 터치 오작동을 일으켜 학생들이 책 한 권을 빌리는 데 20분 이상 소요되는 불편을 겪고 있습니다. 디지털 현대화라는 명목으로 도입해 놓고 유지 보수나 사용법 안내 부족 상태로 방치하여 아이들의 독서 학습 의욕을 크게 떨어뜨리는 역효과를 내고 있습니다. 아이는 기계가 말을 안 들어 책 빌리기를 포기했다며 가슴이 답답하다고 울상을 지었습니다. 소통 부족 행정을 즉각 멈추고 시스템 업그레이드 및 사서 교사의 상시 대면 지도 시설 보수를 원합니다,기타,보통,행정실
교내 양성평등 교육이나 다문화 이해 교육 강사로 초빙된 외부 인사가 학생들에게 편견을 심어주거나 차별적인 발언을 쏟아내어 수업을 듣던 아이들이 정서적 학대와 큰 정신적 충격을 받는 사태가 발생했습니다. 강사의 자질 검증을 전혀 하지 않고 수의계약으로 방치한 학교 측의 무책임한 행정에 너무 화가 나고 학부모 입장에서 납득하기 어렵습니다. 아이는 강의 내용이 너무 불쾌하고 무서웠다며 교실에서 지옥 같은 시간을 보냈다고 눈물을 흘렸습니다. 소통 부족으로 발생한 부실 강사 초빙 사태에 대한 경위 설명과 즉각적인 강사 블랙리스트 지정을 요구합니다,기타,보통,행정실
학교에서 학부모 위원회나 학교운영위원회 회의록을 홈페이지에 공개할 때 핵심 안건과 예산 지출 내역을 전부 블라인드 처리하거나 형식적인 내용만 실어 눈속임 행정을 일삼고 있습니다. 학교 자치와 투명 경영을 신뢰할 수 없는 소통 부족 폐쇄성에 학부모들의 불신이 극에 달해 가슴이 답답합니다. 도대체 우리 아이들이 사용할 예산이 어디로 흘러 들어가는지 왜 투명하게 알 수 없는 건가요. 안내 부족 상태를 지속하는 행태를 더 이상 그냥 넘기기 어려우니 원본 회의록과 영수증 첨부 내역을 전면 공개할 것을 강력히 항의합니다,기타,보통,행정실
학교에서 단체로 신청하는 학생 교육 급여나 교육비 지원 신청 안내문이 가정통신문 앱이 아닌 교실에서 종이 인쇄물로 아이들에게 무분별하게 배포되어 취약계층 학생들의 가정 형편이 교실 내에 강제로 노출되는 인권침해 사태가 발생했습니다. 이로 인해 우리 아이는 가난한 집 아이라는 낙인이 찍힐까 봐 걱정과 불안이 가득하며 정서적 상처를 입고 학교 가기를 꺼려 하고 있습니다. 개인정보 보호와 생활지도를 소홀히 한 채 행정 편의주의로 일관하는 학교의 소통 부족 태도에 너무 화가 나니 즉각적인 전산 신청 시스템으로의 전면 수정을 촉구합니다,기타,높음,행정실
"학기 초 교실 환경미화 예산을 학급당 터무니없이 적은 금액으로 배정해 놓고 모자란 비용을 반장, 부반장 부모들에게 암묵적으로 전가하여 물품 구입 사치 경쟁을 부추기는 구시대적 폐단이 방치되고 있습니다. 이 때문에 임원을 맡은 가정에서는 원치 않는 경제적 과제 부담과 스트레스를 겪고 있으며 일반 학생들은 위화감을 느끼고 있습니다. 아이는 교실 환경이 부모의 돈에 따라 결정되는 것 같다며 학습 의욕이 크게 떨어졌다고 고백했습니다. 소통 부족으로 불법 찬조 환경을 묵인하는 학교의 안일한 처사를 규탄하며 교실 예산 현실화를 요구합니다",기타,보통,행정실
교내 영어 캠프나 과학 탐구 캠프 등 인기 있는 특별 프로그램의 참가자 선발 기준이 선착순 모바일 접수로 진행되는데 서버가 1초 만에 터져 대다수 일반 학생들이 신청조차 못 하는 불공정한 인프라 환경입니다. 다자녀 가구나 인터넷 속도가 느린 지역 가정은 원천적으로 기회가 박탈되어 공교육 기회 불평등과 안내 부족에 대한 불만이 폭발하고 있습니다. 아이는 꼭 듣고 싶었던 수업인데 신청 조작 실패로 떨어졌다며 서러움에 눈물을 흘렸습니다. 소통 부족 행정을 중단하고 공평한 추첨제나 소외계층 우선 배정 시설 시스템으로 개선할 것을 원합니다,기타,보통,행정실
학교 주관 교내 백일장이나 사생대회에서 심사위원으로 참여한 교사들이 본인이 담당하는 학급이나 동아리 학생들의 작품에 높은 점수를 몰아주어 수상 실적을 조작했다는 의혹과 불신이 학부모회 사이에서 제기되었습니다. 공정하게 경쟁해야 할 교내 대회조차 학연과 지연으로 오염되어 아이들에게 정서적 학대와 허탈감을 주는 상황에 피가 거꾸로 솟고 분노가 치밀어 오릅니다. 아이는 밤새 과제를 준비했으나 들러리만 섰다며 학습 의욕이 크게 떨어져 우울해합니다. 소통 부족 심사 방식을 시정하고 외부 전문가 블라인드 심사 시설 제도 도입과 해명을 촉구합니다,기타,보통,행정실
학교에서 일방적으로 지정한 학생용 태블릿 PC 학습 전용 앱의 잦은 업데이트 오류와 동기화 실패로 인해 학생들이 집에서 과제를 수행할 때 제출 버튼이 눌리지 않아 미제출 감점 불이익을 겪고 있습니다. 기술적 결함으로 발생한 피해인데도 담당 교사는 변명을 듣지 않겠다며 고압적인 응대 태도로 일관해 너무 화가 나고 매우 실망스럽습니다. 아이는 과제 부담과 시스템 불량 억울함에 만성 피로와 스트레스를 호소하며 밤새 울었습니다. 안내 부족과 소통 부족으로 일관하는 학교의 부실한 에듀테크 시스템 인프라를 즉각 무상 시설 보수해 줄 것을 요구합니다,기타,보통,행정실
"교내 징계 위원회(선도위원회)의 처벌 수위 결정 기준이 고무줄 잣대여서 학교폭력이나 중대한 비행을 저지른 권력층 자녀는 경고 처분에 그치고 가벼운 복장 위반을 한 일반 학생은 사회봉사 등 가혹한 처벌을 내리는 불평등 행정이 방치되고 있습니다. 사법 정의가 무너진 교육 현장을 보며 아이들은 도덕성 상실과 학교 시스템에 대한 극심한 불신, 불안을 겪고 있습니다. 아이는 학교가 너무 무섭고 공정하지 못하다며 가슴이 답답하다고 털어놓았습니다. 소통 부족 밀실 선도위 운영을 즉각 중단하고 징계 기준 양형 원본을 학부모들에게 투명하게 공개하십시오",기타,보통,행정실
학교생활기록부 입력 마감 시기에 담임교사들이 학생들에게 본인의 세부능력 및 특기사항(세특) 내용을 스스로 적어오라고 강요하는 '셀프 세특' 폐단이 공공연하게 벌어지고 있어 학생들의 과제 부담이 극에 달했습니다. 교사의 고유 권한과 평가 의무를 학생들에게 떠넘기는 직무유기이자 학대 행위임에도 학교는 소통 부족으로 이를 방임하고 있습니다. 글쓰기 능력이 부족한 우리 아이는 입시 불이익을 받을까 봐 밤새 끙끙 앓으며 눈물을 흘렸고 가정의 사교육 대필 추가 비용까지 발생하고 있습니다. 학교 차원의 전수조사와 엄중한 경고 조치를 강력히 요구합니다,기타,보통,행정실
교내 동아리 활동비나 학급 운영비의 지출 증빙 서류 제출 절차가 너무 낙후되어 학생들이 영수증을 종이에 풀로 붙여 행정실에 제출해야 하며 작은 규격 불일치로도 반려당해 학생들이 행정 과제 부담 스트레스를 겪고 있습니다. 학생 자치를 지원한다는 명목 뒤에 숨겨진 관료주의적 횡포와 안내 부족 태도에 학부모 입장에서 납득하기 어렵고 실망이 너무 큽니다. 아이는 영수증 검사 때문에 정작 동아리 연구 수업 진도를 나가지 못했다며 가슴이 답답하다고 울상을 짓습니다. 소통 부족 행정을 멈추고 편리한 모바일 사진 업로드 증빙 시설 시스템을 원합니다,기타,보통,행정실
학교에서 발급하는 성적증명서나 재학증명서 무인 발급기 시설이 본관 행정실 내부에만 설치되어 있고 행정실 업무 시간(오후 4시 30분) 종료와 동시에 출입문을 잠가버려 방과 후 활동을 하는 학생들이 증명서를 발급받지 못하는 행정 사각지대가 방치되고 있습니다. 대학 원서 접수 기간에 시간에 쫓기는 학생들이 발을 동동 구르며 안내 부족으로 인한 불이익 위험을 겪고 있는데도 행정실은 퇴근이 우선이라며 소통 부족으로 일관합니다. 아이는 서류를 떼지 못해 밤새 걱정과 불안으로 심장이 뛰었다고 합니다. 즉각적인 키오스크 시설의 외부 이동 배치를 강력히 촉구합니다,기타,보통,행정실
교내 학생회장 선거 과정에서 학교 측이 특정 후보의 공약(학교 매점 시설 개선 등)이 학교 예산 구조에 맞지 않는다는 이유로 사전 검열하여 공약 문구를 강제로 수정·삭제하게 하는 민주주의 침해 행위가 발생했습니다. 학생들의 자율성과 비판적 사고를 길러야 할 교육 기관이 독재적인 검열과 소통 부족 태도로 학생 자치를 유기하니 너무 화가 나고 매우 실망스럽습니다. 아이는 학교 선거 시스템이 짜고 치는 고스톱 같다며 큰 정치적 허탈감과 학습 의욕 저하를 표현했습니다. 구시대적인 선거 개입과 안내 부족 행태를 규탄하며 자유로운 공약 발표 권리를 원합니다,기타,보통,행정실
학교 급식비나 수학여행비 등의 교육 경비 자동이체(CMS) 출금 날짜가 사전 공지사항 안내 부족 상태로 수시로 무작위 출금되어 학부모들의 가계 재정 운영에 큰 혼란과 잔고 부족 금융 스트레스를 유발하고 있습니다. 출금 하루 전 최소한의 알림 문자나 메시지도 없이 일방적으로 돈을 빼 가면서 이의 제기를 하자 행정실은 시스템 오류라며 소통 부족 응대 태도로 일관해 너무 화가 납니다. 아이는 돈이 안 빠져나가 자기가 미납자가 된 줄 알고 교실에서 무서웠다며 가슴이 두근거렸다고 울먹였습니다. 즉각적인 정기 출금일 지정 및 사전 알림 시설 조치를 요구합니다,기타,보통,행정실
교내 탈의실이나 체육관 등 학생들이 자주 이용하는 다중 시설물의 이용 수칙 안내판이 영어 나 한문으로만 표기되어 있어 저학년 학생들이나 다문화 가정 아이들이 규칙을 이해하지 못해 이용 제한 불이익과 소통 부족을 겪고 있습니다. 글로벌 교육이라는 미명 하에 정작 한글 안내 부족 상태를 방치하여 소외 계층 아이들에게 은근한 인권침해와 소외감을 주는 처사는 정말 이해가 되지 않고 실망스럽습니다. 아이는 안내문을 읽지 못해 시설에 들어갔다가 교사에게 면박을 당하고 방치되었다고 느끼는 상황에서 눈물을 흘렸습니다. 즉각적인 한글 병기 시설 개선을 강력히 요구합니다,기타,보통,행정실
학교에서 일방적으로 지정한 사설 학업성취도 평가 모의고사 비용이 시중 가격보다 터무니없이 비싸게 청구되었음에도 불구하고 성적 분석 결과 보고서는 단순 등수만 표기된 부실한 상태로 배포되어 학부모들의 불만이 폭발하고 있습니다. 부실 사설 업체와의 유착 불신이 가득한데도 학교는 소통 부족 창구로 피드백을 거부하고 있으며 아이들에게 추가적인 문제풀이 과제 부담만 떠넘기고 방치하는 상황입니다. 아이는 비싼 시험을 보고도 수업 이해 부족과 진도 문제에 아무 도움이 안 됐다며 학습 의욕이 크게 떨어졌다고 고백했습니다. 투명한 예산 집행 내역 공개와 사설 평가 강제를 즉각 중단하십시오,기타,보통,행정실
교실 에어컨 가동 기준이 너무 엄격하여 여름철 실내 온도가 28도에 육박하는데도 행정실에서 중앙제어로 꺼버려 아이들이 만성 피로와 두통 속에 수업 이해 부족을 겪습니다,시설/환경,보통,시설관리
남학생 화장실의 소변기 칸막이가 설치되어 있지 않아 학생들이 프라이버시 침해를 느끼고 수치심 때문에 화장실 이용을 기피하며 참는 고통을 방치 속에 겪고 있습니다,시설/환경,보통,시설관리
학교 운동장의 스탠드가 낙후되어 시멘트가 깨지고 철근이 튀어나와 있어 학생들이 체육 시간이나 쉬는 시간에 앉아 놀다가 옷이 찢어지거나 다치는 낙상 위험이 상존합니다,시설/환경,높음,시설관리
"교실 내 형광등 중 여러 개가 수주일째 깜빡거리고 있으나 행정실의 시설 보수 지연으로 인해 학생들이 시력 저하와 집중력 저하, 눈의 피로를 가득 호소하고 있습니다",시설/환경,보통,시설관리
학교 도서관의 책상과 의자가 너무 낡아 삐걱거리는 소음이 심각하여 공부하려는 학생들이 집중력 저하와 스트레스를 겪고 있으나 가구 교체는 소통 부족으로 미뤄집니다,시설/환경,보통,시설관리
미세먼지가 심한 날 교실 내 공기청정기 필터 교체가 제때 이루어지지 않아 기계를 틀어도 퀴퀴한 냄새가 나며 아이들이 기침과 목 통증 등 열악한 대기 환경에 노출됩니다,시설/환경,보통,시설관리
학교 음악실의 방음 시설이 부실하여 옆 교실에서 진행되는 일반 수업에 악기 소리가 그대로 흘러 들어와 교사와 학생 모두 수업 진도와 진학 지도에 방해를 받습니다,시설/환경,보통,시설관리
겨울철 교실 난방 온도가 너무 낮게 설정되어 실내에서도 패딩을 입고 수업을 들어야 할 정도로 열악한 환경이며 이로 인해 아이들이 단체로 감기에 걸려 방치되고 있습니다,시설/환경,보통,시설관리
체육관 바닥의 왁스 칠이 오래되어 먼지가 가득 날리고 미끄러워 학생들이 체육 활동 중 미끄러져 발목을 삐는 등 낙상 안전사고 위험이 높은 상태로 방치되어 있습니다,시설/환경,높음,시설관리
"과학실의 환기 시설(후드)이 고장 난 상태로 방치되어 화학 약품 실험 수업 시 유독 가스가 교실 내부로 퍼져 학생들이 메스꺼움과 정서적 공포, 불안을 토로합니다",시설/환경,보통,시설관리
학교 건물 뒤편의 보도블록이 군데군데 가라앉고 깨져 있어 학생들이 하교 시 발을 헛디뎌 넘어질 뻔한 아찔한 순간들이 빈번함에도 경고판 부족 상태가 지속됩니다,시설/환경,보통,시설관리
교실 창문의 방충망이 찢어진 채 방치되어 여름철 수업 시간에 모기와 나방 등 해충들이 무분별하게 침입하여 아이들이 가려움증과 집중력 저하를 호소하며,시설/환경,낮음,시설관리
장애 학생들을 위한 교내 경사로나 엘리베이터 접근로가 화물이나 쓰레기 수거함으로 막혀 있어 이동권 침해와 환경 오염 위험이 가득함에도 교사들은 이를 방관합니다,시설/환경,높음,시설관리
컴퓨터실의 의자 높낮이 조절 장치가 대부분 고장 나 체형에 맞지 않는 자세로 수업을 듣느라 아이들이 척추 통증과 만성 피로를 호소하며 시설 개선을 원합니다,시설/환경,보통,시설관리
학교 옥외 가로등 시설의 절반이 꺼져 있어 방과 후 야간 자율학습을 마치고 귀가하는 학생들이 어두컴컴한 사각지대에서 범죄 및 낙상 위험에 노출되어 무서워합니다,시설/환경,높음,시설관리
남녀공학 학교임에도 불구하고 층별로 여학생 화장실 수가 너무 부족하여 쉬는 시간마다 긴 줄을 서느라 다음 수업 시간에 지각을 하거나 방치되는 상황이 속출합니다,시설/환경,보통,시설관리
교실 문손잡이가 헐거워져 수시로 빠지거나 안에서 잠겨 학생들이 갇히는 아찔한 안전사고 위험이 발생했음에도 임시방편 조치만 한 채 문 보수를 미루고 있습니다,시설/환경,높음,시설관리
급식실 식당의 테이블과 의자 간격이 너무 좁아 학생들이 식판을 들고 이동할 때 뒷사람과 부딪혀 음식을 쏟거나 화상을 입을 위험 환경이 상존하고 있습니다,시설/환경,높음,시설관리
학교 탈의실 내부 벽면에 곰팡이가 가득 피어 있어 퀴퀴한 냄새와 위생 안전사고 위험이 심각함에도 예산 부족이라는 이유로 도배 시설 보수를 방치하고 있습니다,시설/환경,높음,시설관리
교실 내 사물함이 너무 낡아 문이 제대로 닫히지 않거나 날카로운 모서리가 드러나 있어 학생들이 지나가다 긁혀 상처를 입는 환경인데도 교체 안내가 부족합니다,시설/환경,낮음,시설관리
미술실의 세면대 배수관이 막혀 물이 역류하고 악취가 진동하는데도 수주일째 방치되어 학생들이 붓을 빨거나 손을 씻을 수 없는 열악한 위생 환경에 놓여 있습니다,시설/환경,보통,시설관리
학교 건물 외벽의 타일 일부가 균열이 생겨 떨어져 나가는 끔찍한 붕괴 위험이 보임에도 출입 통제선 시설이나 안전 펜스 설치 없이 학생들의 통행을 방치하고 있습니다,시설/환경,높음,시설관리
학급 교실의 블라인드가 고장 나 서향 빛이 그대로 들어오는 오후 시간에 학생들이 눈부심과 모니터 반사로 인해 교실 수업 화면이 안 보여 수업 이해 부족을 겪습니다,시설/환경,보통,시설관리
수영장 시설이 있는 학교임에도 수질 관리가 부실하여 소독약 냄새가 너무 심하고 아이들이 수업 후 피부 발진과 안구 건조증 등 신체 건강 위험을 호소합니다,시설/환경,높음,시설관리
학교 매점 주변에 쓰레기통 시설 분리수거함이 부족하여 학생들이 버린 플라스틱과 음식물 쓰레기가 방치되어 벌레가 꼬이고 악취가 진동하는 환경 오염이 심각합니다,시설/환경,보통,시설관리
영어 교과 교실의 난방 배관에서 물이 새어 바닥이 흥건함에도 양동이 하나만 받쳐놓은 채 수업을 진행하여 학생들이 미끄러질 뻔한 안전사고 위험이 가득합니다,시설/환경,높음,시설관리
교내 분수대 시설이 가동되지 않고 고인 물이 썩어가면서 모기 유충의 서식지가 되어 학교 전체에 모기가 창궐하는데도 배수 조치 없이 방치하고 있어 화가 납니다,시설/환경,보통,시설관리
가정실 실습용 가스레인지 노즐이 노후화되어 가스 냄새가 미세하게 새어 나오는데도 시설 점검 없이 수업을 강행하여 화재 및 가스 중독 위험에 아이들이 노출됩니다,시설/환경,높음,시설관리
학교 운동장 주변 배수구가 낙엽과 쓰레기로 막혀 있어 집중호우 시 운동장이 거대한 저수지처럼 침수되어 학생들의 등하교 통학로 안전이 완전히 무너집니다,시설/환경,높음,시설관리
교실 내 벽면 페인트가 노후화되어 가루처럼 흩날리며 아이들의 책상과 옷에 쌓이고 호흡기 질환 건강 위험을 유발하는데도 환경 정비 조치가 없어 실망스럽습니다,시설/환경,높음,시설관리
"방송실 장비 오작동으로 인해 아침 조례 방송 시 귀가 찢어질 듯한 하울링 소음이 상습적으로 발생하여 학생들이 귀 통증과 정서적 걱정, 불안을 겪고 있습니다",시설/환경,보통,시설관리
학교 정문 진입로의 아스팔트가 파여 있어 비가 오는 날 주행하는 차량이 물을 튀겨 학생들이 옷을 버리거나 등굣길 교통 안전사고 위험을 마주하고 있습니다,시설/환경,높음,시설관리
체육관 무대 장치 조명이 너무 뜨겁고 와이어 고정이 부실하여 낙하 붕괴 위험이 가득한데도 학교 축제 행사를 강행하려 하니 안전 불감증에 분노가 치밀어 오릅니다,시설/환경,높음,시설관리
학생용 책걸상의 상판이 파이고 가시가 돋아나 있어 학생들이 필기를 할 때 종이가 찢어지거나 손에 가시가 박히는 등 교실 수업 환경이 너무 열악하여 슬픕니다,시설/환경,보통,시설관리
보건실의 침대 침구류가 제때 세탁되지 않아 얼룩이 가득하고 불결하여 아픈 아이가 안정을 취하러 갔다가 오히려 피부병을 얻어올까 봐 걱정이 가득한 상태입니다,시설/환경,보통,시설관리
학교 후문 진입로 통학로 계단에 안전 난간(핸드레일)이 설치되어 있지 않아 경사가 가파른 길을 비나 눈이 올 때 아이들이 넘어질 위험 속에 위태롭게 걸어 다닙니다,시설/환경,높음,시설관리
시청각실의 접이식 의자 스프링이 고장 나 앉을 때마다 쾅 하는 소음과 함께 아래로 가라앉아 학생들이 척추 충격과 수업 집중력 저하를 호소하고 있습니다,시설/환경,보통,시설관리
교내 탈의실 공간에 거울이나 옷걸이 시설이 전혀 구비되어 있지 않아 학생들이 가방을 바닥에 던져두고 좁은 공간에서 엉켜 옷을 갈아입는 불편을 겪습니다,시설/환경,보통,시설관리
학교 옥상 방수 시설 누수로 인해 4층 교실 천장에서 비가 오는 날마다 물이 떨어져 교실 구석에 빗물받이 통을 두고 수업을 듣는 원시적인 환경이 방치됩니다,시설/환경,보통,시설관리
"기숙사 샤워실의 온수 공급 시스템이 불안정하여 샤워 도중 갑자기 찬물이 나와 아이들이 심장 마비 놀람과 정서적 공포, 감기 건강 위험을 단체로 겪고 있습니다",시설/환경,높음,시설관리
학급 교실의 뒷문 힌지가 고장 나 문을 닫을 때마다 거대한 굉음이 발생하여 학생들의 정서적 안정을 해치고 조용히 공부하려는 분위기를 방해하고 있습니다,시설/환경,보통,시설관리
학교 야외 쉼터 벤치가 나무 재질인데 썩고 갈라져 파편이 튀어 학생들이 앉아 쉬다가 다칠 자상 위험이 높으나 교체나 도색 생활지도 조치 없이 방치됩니다,시설/환경,높음,시설관리
매점 내부 조리 시설 주변의 후드 가 기름때로 찌들어 있어 화재 발생 시 대형 화재 안전사고 위험으로 번질 우려가 가득함에도 위생 점검 시설 관리가 부실합니다,시설/환경,높음,시설관리
컴퓨터실 인터넷 회선 속도가 너무 느려 실습 파일을 다운로드하는 데 수십 분이 소요되어 교육과정 진도 문제를 유발하는 열악한 IT 인프라 환경입니다,시설/환경,보통,시설관리
교실 내 시계가 배터리가 방전되어 며칠째 멈춰 있으나 교체해 주지 않아 학생들이 지필고사 모의훈련을 할 때 시간 관리 연습 부족 불이익을 겪고 있습니다,시설/환경,보통,시설관리
학교 급수대 정수기 필터 교환 주기가 지났음에도 안내 부족 상태로 방치되어 물에서 쇠 냄새가 나 아이들이 위생 안전에 대한 걱정과 불안으로 물을 못 마십니다,시설/환경,높음,시설관리
체육관 창문 손잡이가 너무 높은 곳에 위치해 있으나 개폐용 장대가 없어 환기가 전혀 되지 않아 실내 체육 수업 시 먼지 구덩이 환경에서 아이들이 뜁니다,시설/환경,보통,시설관리
학교 주변 담장이 노후화되어 균열이 가고 한쪽으로 기울어져 있어 하교 시간 학생들이 지나갈 때 무너질 대형 붕괴 위험이 도사리는데도 안전진단이 없습니다,시설/환경,높음,시설관리
교실 내 스피커 음질이 찢어지는 소리가 나서 영어 듣기 평가 연습을 할 때 발음이 왜곡되어 들려 학생들이 시험 준비 부족과 수업 이해 부족을 호소합니다,시설/환경,보통,시설관리
기숙사 방마다 방음이 전혀 되지 않아 옆방의 숨소리까지 들릴 정도여서 학생들이 야간 자율학습 후 휴식을 취할 때 사생활 침해와 극심한 수면 부족 스트레스를 겪습니다,시설/환경,보통,시설관리
수업 시간 동안 교사 혼자서 교재 내용을 그대로 읽기만 하는 주입식 수업이 반복되어 학생들이 수업 이해 부족을 겪고 있으며 과제 부담만 가중되고 있습니다. 아이는 수업이 너무 지루해서 학습 의욕이 크게 떨어졌다고 말합니다,수업/학습 문제,보통,교무부
선택과목 분반 수업에서 특정 반만 진도가 너무 빠르게 나가거나 반대로 너무 늦어져 학급 간 진도 불일치 문제가 심각합니다. 정기고사 시험 범위를 맞추기 급급해 막판에 날림 수업을 하니 아이가 걱정과 불안을 호소합니다,수업/학습 문제,보통,교무부
수행평가 채점 기준이 사전에 명확하게 공지되지 않아 학생들이 과제를 준비할 때 큰 혼란을 겪고 있습니다. 안내 부족으로 인해 감점을 당한 아이는 억울함에 눈물을 흘렸고 학부모 입장에서도 납득하기 어렵습니다,수업/학습 문제,보통,교무부
영어 회화 수업이 원어민 교사의 일방적인 토크쇼처럼 진행되어 기초가 부족한 학생들은 전혀 알아듣지 못하고 방치되고 있습니다. 소통 부족으로 인해 아이는 영어 시간에 소외감을 느끼고 가슴이 답답하다고 합니다,수업/학습 문제,보통,교무부
수학 보충수업이 상위권 학생들의 진도에만 맞춰 진행되다 보니 중하위권 아이들은 수업 이해 부족으로 학습을 포기하는 상황이 발생하고 있습니다. 아이는 자신이 무능하게 느껴진다며 만성 피로와 스트레스를 호소합니다,수업/학습 문제,보통,교무부
조별 과제(프로젝트 수업) 비중이 지나치게 높아 일부 무임승차 학생들 때문에 성실한 학생들이 독박 과제 부담을 떠안고 있습니다. 이로 인한 학생 간 갈등을 교사가 중재하지 않고 방치하여 아이가 큰 정서적 스트레스를 받습니다,수업/학습 문제,보통,교무부
음악 실기 수업에서 악기 연주법을 제대로 가르쳐주지 않고 무조건 연습해 오라고만 하여 가정에서 사교육을 받아야 하는 대필 및 추가 비용 부담이 발생하고 있습니다. 학교 수업의 질에 매우 실망스럽습니다,수업/학습 문제,보통,교무부
온라인 학습 플랫폼을 활용한 과제 제출 시스템이 자주 먹통이 되는데도 교사는 무조건 학생의 부주의로 치부하며 미제출 처리를 하여 아이가 극심한 걱정과 불안 속에서 눈물을 쏟았습니다,수업/학습 문제,보통,교무부
과학 실험 수업이 기자재 부족을 이유로 매번 교사의 시연 동영상 시청으로 대체되어 학생들이 실습 기회를 박탈당하고 있습니다. 보여주기식 수업에 아이는 학습 의욕이 크게 떨어졌다고 토로합니다,수업/학습 문제,보통,교무부
질문이 자유로운 분위기라고 홍보해 놓고 정작 수업 시간에 질문을 하면 진도를 나가야 한다며 면박을 주는 교사의 고압적인 응대 태도 때문에 아이가 수치심을 느끼고 질문하기를 무서워하게 되었습니다,수업/학습 문제,보통,교무부
한문이나 기술가정 등 부교과 수업에서 매시간 자습만 주고 교사는 개인 업무를 보는 일이 반복되어 교육과정이 파행 운영되고 있습니다. 학생들의 학습권이 철저히 방치되는 상황에 분노가 치밀어 오릅니다,수업/학습 문제,보통,교무부
학기말 지필고사가 끝난 후 방학 전까지 수 주 동안 아무런 학습 프로그램 없이 하루 종일 영화만 틀어주며 시간을 때우고 있어 학교가 보육 시설로 전락했다는 실망감이 큽니다,수업/학습 문제,보통,교무부
진로 진학 상담이 형식적인 적성검사 결과지 배부로만 끝나고 학생 개인의 성향이나 내신 성적에 맞는 구체적인 가이드라인 안내 부족 상태가 지속되어 학부모 입장에서 답답합니다,수업/학습 문제,보통,교무부
국어 수업 중 교사의 발음이 너무 흐릿하고 목소리가 작아 뒷자리에 앉은 학생들은 수업 내용을 전혀 들을 수 없는 환경이 방치되고 있습니다. 아이는 수업 이해 부족으로 학업 스트레스를 겪고 있습니다,수업/학습 문제,보통,교무부
수행평가 결과에 대한 피드백이 전혀 이루어지지 않아 학생들이 왜 감점을 당했는지 알 수 없어 소통 부족을 겪고 있습니다. 다음 과제를 보완할 기준이 없어 아이가 가슴 답답해합니다,수업/학습 문제,보통,교무부
체육 이론 수업을 교실에서 진행할 때 단순히 교과서 받아쓰기만 시키는 등 교수 학습 방법이 너무 낙후되어 학생들의 수업 참여도와 학습 의욕이 저하되고 있습니다,수업/학습 문제,보통,교무부
사회 수행평가로 지나치게 방대한 분량의 보고서 작성을 요구하여 고등학생 수준을 넘어선 과제 부담을 주고 있습니다. 밤새 자료를 찾느라 아이가 만성 피로에 시달리고 있습니다,수업/학습 문제,보통,교무부
역사 수업에서 특정 정치적 견해나 편향된 시각을 학생들에게 주입하려는 교사의 독선적인 태도 때문에 아이가 교실에서 심리적 불편함과 정서적 학대 느낌을 받고 있습니다,수업/학습 문제,보통,교무부
미술 수업 시간마다 비싼 준비물을 갑자기 내일 당장 가져오라고 공지하여 워킹맘인 학부모에게 극심한 양육 일상 부담과 스트레스를 유발하고 있습니다. 안내 부족 시스템이 원망스럽습니다,수업/학습 문제,보통,교무부
컴퓨터실 장비가 너무 노후화되어 코딩 실습 프로그램이 제대로 구동되지 않아 학생들이 실습 시간의 절반을 대기하는 데 허비하고 있습니다. 교육 인프라 부실에 매우 실망스럽습니다,수업/학습 문제,보통,교무부
제2외국어 수업이 원어민 대화 위주가 아닌 단순 문법 암기식으로만 진행되어 실생활 활용도가 전혀 없는 죽은 교육이 반복되고 있습니다. 아이는 흥미를 잃고 학업 의욕 저하를 겪고 있습니다,수업/학습 문제,보통,교무부
정기고사 시험 문제에서 출제 오류가 발생했음에도 학교 측은 소통 부족 창구로 일관하며 복수 정답을 인정하지 않아 성실하게 공부한 아이가 깊은 좌절감과 억울함의 눈물을 흘렸습니다,수업/학습 문제,보통,교무부
자율학습 시간에 면학 분위기 조성이 전혀 되지 않고 일부 학생들의 잡담과 소란이 방치되어 조용히 공부하려는 아이가 집중력 저하와 학업 불안을 호소하고 있습니다,수업/학습 문제,보통,교무부
"수업 중 멀티미디어 자료(빔프로젝터, 스피커)가 수시로 고장 나 흐름이 끊기는데도 학교는 시설 보수를 미루고 있어 교사와 학생 모두 소통 부족과 수업 진도 지연의 피해를 보고 있습니다",수업/학습 문제,보통,교무부
기초 학력이 부족한 학생들을 위한 별도의 다정다감한 지도나 보충 프로그램이 없어 한 번 진도를 놓친 아이가 교실에서 투명인간처럼 방치되어 학교 가기를 무서워합니다,수업/학습 문제,보통,교무부
"교과서 외 부교재를 무분별하게 많이 지정하여 구입 비용 부담은 물론이고, 정작 수업 시간에는 다 다루지도 않아 책 가방 무게만 무겁고 과제 부담만 늘어나는 모순이 발생하고 있습니다",수업/학습 문제,보통,교무부
동아리 활동 시간이 단순 자습 시간으로 변질되어 학생들이 진로 포트폴리오를 쌓을 기회가 박탈되고 있습니다. 안내 부족과 운영 부실에 학부모 입장에서 납득하기 어렵습니다,수업/학습 문제,보통,교무부
수업 시간 중 교사가 특정 우수 학생들의 대답만 듣고 진도를 빠르게 넘겨버려 다수의 평범한 아이들은 수업 이해 부족 상태로 소외감을 느끼며 앉아 있는 열악한 환경입니다,수업/학습 문제,보통,교무부
학교에서 주관하는 논술 경시대회의 심사 기준이 불명확하고 수상자 명단만 덜렁 공지하여 과정의 투명성이 결여되어 있습니다. 아이는 노력에 대한 배신감을 느끼고 우울해합니다,수업/학습 문제,보통,교무부
독서 토론 수업에서 교사가 학생들의 자유로운 의견을 존중하지 않고 자신의 정답만 강요하는 고압적인 응대 태도를 보여 아이가 정서적 상처를 입고 입을 닫아버렸습니다,수업/학습 문제,보통,교무부
수학 지필고사 문항 수가 제한 시간에 비해 지나치게 많아 계산 능력이 뛰어난 소수를 제외하고는 문제를 다 읽지도 못하는 사태가 벌어져 학습 의욕 저하를 유발하고 있습니다,수업/학습 문제,보통,교무부
방과 후 학교 강좌가 선호도가 낮은 과목 위주로만 개설되어 학생들이 억지로 인원 채우기식으로 수강하게 만들어 시간 낭비와 비용 부담을 초래하고 있습니다,수업/학습 문제,보통,교무부
교과 교실제 수업으로 이동할 때 쉬는 시간 10분이 너무 부족하여 아이들이 헐떡이며 교실에 들어가느라 다음 수업 시작 직후 집중력 저하와 만성 피로를 호소합니다,수업/학습 문제,보통,교무부
"수업 시간에 교사가 개인적인 사담이나 군대 이야기, 주식 이야기 등으로 시간의 절반 이상을 허비하여 정작 중요한 교과 진도는 자습으로 때우는 무책임한 처사가 반복됩니다",수업/학습 문제,보통,교무부
지리 수업 중 지도나 시각 자료 없이 칠판 가득 텍스트만 판서하는 판서 위주 수업 때문에 아이가 거부감을 느끼고 학업 진도를 따라가는 데 큰 어려움을 겪고 있습니다,수업/학습 문제,보통,교무부
융합 인재 교육(STEAM) 프로그램이라고 대대적으로 홍보했으나 실제로는 단순 만들기 수준의 유치한 활동에 그쳐 학생들의 기대에 미치지 못하고 시간만 낭비했다는 실망이 큽니다,수업/학습 문제,보통,교무부
수행평가 제출 기한이 여러 과목이 같은 날로 겹치도록 일정이 짜여 있어 학생들이 일주일 내내 밤을 새우며 정서적 학대 수준의 정신적 고통과 과제 부담을 겪고 있습니다,수업/학습 문제,보통,교무부
보건 수업이나 안전 교육이 형식적인 유인물 읽기로 대체되어 학생들이 실제 위급 상황 시 대처법을 전혀 배우지 못하는 안내 부족 상태가 지속되고 있어 불안합니다,수업/학습 문제,높음,교무부
한 학기 동안 배워야 할 교과서 분량에 비해 수업 시수가 너무 적어 교사가 진도를 번개처럼 나가느라 학생들이 복습할 엄두도 못 내고 수업 이해 부족에 시달립니다,수업/학습 문제,보통,교무부
수업 시간 중 스마트 패드를 활용한 학습을 할 때 일부 학생들이 게임을 하거나 유튜브를 보는데도 교사가 이를 제재하지 않고 방치하여 면학 분위기를 흐리고 있습니다,수업/학습 문제,보통,교무부
가정가정 실습 수업에서 조별로 재료비를 각자 갹출하게 하여 학생들 간에 미묘한 빈부격차 감정과 소외감을 유발하는 불공정한 운영 방식에 대해 시정을 요구합니다,수업/학습 문제,보통,교무부
지필고사 난이도 조절 실패로 평균 점수가 터무니없이 낮게 나와 학생들이 단체로 학업 포기 심리를 겪고 있으며 교사는 이에 대한 격려 없이 소통 부족으로 일관합니다,수업/학습 문제,보통,교무부
원격 수업 녹화본의 화질과 음질이 너무 불량하여 지직거리는 소리 때문에 아이가 두통과 집중력 저하를 호소하며 온라인 강의 시스템 개선을 간곡히 원하고 있습니다,수업/학습 문제,보통,교무부
"말하기 수행평가 시 전교생이 보는 앞에서 발표를 시켜 내성적인 아이들이 극심한 걱정과 불안, 무대 공포증으로 눈물을 흘리는 등 정서적 학대 환경이 조성되고 있습니다",수업/학습 문제,보통,교무부
학습 플래너 검사를 의무화하면서 양식에 맞춰 완벽하게 쓰지 않으면 교실에서 공개적으로 꾸중을 들어 아이가 과제 부담 이상의 강박증과 스트레스를 겪고 있습니다,수업/학습 문제,보통,교무부
수업 시간에 배운 내용보다 훨씬 심화된 수준의 문제가 학원 교재 스타일로 지필고사에 출제되어 사교육을 조장하고 공교육에 대한 불신과 실망을 키우고 있습니다,수업/학습 문제,보통,교무부
체육 수업 시 부상 학생에 대한 배려 없이 획일적인 기준의 셔틀런(오래달리기) 평가를 강행하여 아이가 숨이 막히는 공포와 정서적 충격을 받고 귀가했습니다,수업/학습 문제,보통,교무부
실험 보고서 작성법에 대한 사전 가이드라인 안내 부족 상태에서 무조건 대학교 레포트 수준의 결과물을 요구하니 아이가 가슴이 답답하고 학습 의욕 저하를 느낍니다,수업/학습 문제,보통,교무부
수업 중 모르는 부분을 교무실로 찾아가 질문했으나 귀찮다는 듯 인강이나 학원 가서 물어보라는 식의 무책임한 응대 태도를 보여 아이가 학교 시스템에 큰 실망을 했습니다,수업/학습 문제,보통,교무부
선택과목 인원 제한 때문에 자신이 원하는 진로 과목을 수강하지 못하고 강제로 다른 과목에 배정되어 진학 포트폴리오에 큰 차질이 생겨 아이가 우울해하고 있습니다,수업/학습 문제,보통,교무부
담임교사가 특정 부유층 자녀나 학부모회 임원의 아이에게만 친근하게 대하고 평범한 학생들은 무관심으로 일관하는 차별 대우 태도 때문에 교실 내 위화감이 조성됩니다,교사 태도/행동,보통,교무부
학생들이 잘못을 했을 때 원인 파악을 하지 않고 무조건 전체 학생에게 연대책임을 물어 교실 바닥에 엎드려차려를 시키는 등 구시대의 고압적인 훈육 방식에 화가 납니다,교사 태도/행동,보통,교무부
조례 시간마다 교사가 자신의 개인적인 감정을 다스리지 못하고 학생들에게 신경질을 내거나 짜증 섞인 응대 태도를 보여 아침부터 아이들이 눈치를 보며 가슴 두근거려 합니다,교사 태도/행동,보통,교무부
"질문을 하러 간 학생에게 ""이런 것도 모르냐""며 다른 동료 교사들이 보는 앞에서 핀잔을 주어 아이에게 심각한 정서적 학대와 수치심을 안겨준 교사의 태도에 실망했습니다",교사 태도/행동,보통,교무부
수업 시간에 휴대폰만 보거나 사적인 통화를 하느라 아이들의 학습 지도를 방임하는 교사의 성의 없는 태도가 수개월째 지속되어 교육 환경이 무너지고 있습니다,교사 태도/행동,보통,교무부
학부모 상담 시 대화에 집중하지 않고 시계를 자주 보거나 건성으로 대답하는 등 소통 부족과 무례한 응대 태도로 일관하여 방문 후 극심한 모욕감과 스트레스를 받았습니다,교사 태도/행동,보통,교무부
"학생들의 외모나 복장에 대해 비하하는 발언을 농담조로 던져 사춘기 아이들에게 정서적 트라우마와 걱정, 불안을 심어주는 교사의 언행은 인권침해이므로 즉각 시정되어야 합니다",교사 태도/행동,보통,교무부
"성적이 낮은 학생들을 향해 ""너희들은 공부 안 하면 나중에 후회한다""는 식의 무시하는 발언을 상습적으로 하여 학생들의 학업 의욕 저하와 반발심을 유발하고 있습니다",교사 태도/행동,보통,교무부
조별 과제 결과물이 마음에 들지 않는다는 이유로 학생들 앞에서 과제물을 집어던지며 고함을 지른 교사의 폭력적인 행동에 아이가 큰 정신적 충격과 정서적 학대를 받았습니다,교사 태도/행동,높음,교무부
학생들의 개별적인 소질이나 노력은 무시한 채 오직 내신 등수로만 인간의 가치를 평가하는 담임교사의 차가운 응대 태도에 아이가 학교생활에 깊은 염증을 느끼고 있습니다,교사 태도/행동,보통,교무부
교무실에 서류를 제출하러 간 학생을 몇 십 분 동안 본척만척 세워두며 권위주의적인 태도로 일관하는 교사들의 행동에 아이가 방치되었다고 느끼는 고통을 겪었습니다,교사 태도/행동,보통,교무부
종례를 일관성 없이 매번 늦게 끝내어 학원 버스를 놓치게 만들거나 교통 불편을 유발하면서도 미안하다는 기색 하나 없이 당당한 교사의 이기적인 태도가 원망스럽습니다,교사 태도/행동,보통,교무부
"교실 내에서 학생들 간의 미묘한 따돌림 정황이 보여 상담을 요청했으나 ""아이들끼리 흔히 있는 일""이라며 안일하게 치부하고 방임하는 담임교사의 대처에 매우 실망했습니다",교사 태도/행동,높음,교무부
학생들이 공손하게 인사를 해도 쳐다보지도 않고 무시하며 지나가는 교사들의 고압적인 태도 속에서 아이들이 무엇을 보고 배울지 교육적 회의감이 가득 차오릅니다,교사 태도/행동,보통,교무부
체육 수업 중 동작이 느리거나 몸치인 학생을 향해 전교생이 듣는 앞에서 공개적으로 면박을 주어 아이가 체육 시간 자체를 무서워하고 등교 거부감까지 느끼게 만들었습니다,교사 태도/행동,보통,교무부
학급 행사를 기획할 때 학생들의 의견을 수렴하는 절차 없이 교사 독단적으로 결정을 내리고 강제 참여를 요구하는 소통 부족 행태에 학부모 입장에서 납득하기 어렵습니다,교사 태도/행동,보통,교무부
"수행평가 채점 오류를 정중하게 지적하러 간 학생에게 화를 내며 ""내 권위에 도전하냐""는 식으로 고압적인 응대 태도를 보여 아이가 억울함에 밤새 눈물을 흘렸습니다",교사 태도/행동,보통,교무부
교사가 특정 종교관이나 개인적인 신념을 수업 시간마다 반복적으로 설파하며 학생들에게 동조를 강요하는 정신적 학대 환경에 대해 강력한 주의 조치를 요구합니다,교사 태도/행동,보통,교무부
학생들의 사생활이 담긴 일기장이나 플래너 내용을 동의 없이 다른 학생들 앞에서 소리 내어 읽어 심각한 인권침해와 수치심을 안겨준 교사의 경솔한 행동에 화가 납니다,교사 태도/행동,보통,교무부
부장 교사라는 직위를 이용해 평교사나 학생들에게 고압적인 명령조로 지시를 내리고 군대식 분위기를 조성하는 낡은 태도가 학교의 발전을 가로막고 있습니다,교사 태도/행동,보통,교무부
학부모가 학사 일정에 대해 문의 메일을 보냈으나 수주일째 읽지 않고 답장도 없는 등 소통 부족과 무책임함의 극치를 보여주어 학교 시스템에 큰 실망을 했습니다,교사 태도/행동,보통,교무부
교실 청소 상태가 마음에 들지 않는다며 먼지가 가득한 바닥에 학생들을 다시 앉히고 훈계를 늘어놓는 교사의 비위생적이고 가학적인 태도에 가슴이 답답합니다,교사 태도/행동,보통,교무부
"시험 출제 경향에 대해 질문하는 학생에게 ""학원 가서 배워라""며 공교육의 책무를 저버리는 발언을 당당하게 하는 교사의 무책임한 태도에 분노가 치밀어 오릅니다",교사 태도/행동,보통,교무부
교사가 수업 분위기가 흐려졌다는 이유로 중간에 책을 덮고 교실을 나가버려 남은 시간 동안 학생들이 방치되고 수업 진도 문제를 겪게 만드는 무책임한 응대 태도입니다,교사 태도/행동,보통,교무부
"학생들의 이름 대신 ""야"", ""너"" 또는 신체적 특징을 따서 만든 부적절한 별명으로 학생들을 호명하여 교실 내 정서적 인권침해를 유발하는 교사의 언행을 시정 바랍니다",교사 태도/행동,보통,교무부
남녀공학 학교에서 남학생과 여학생의 성별에 따라 청소 구역이나 과제 기준을 차별적으로 적용하여 가이드라인 안내 부족과 성차별적 위화감을 조성하는 교사의 태도입니다,교사 태도/행동,보통,교무부
학생이 아파서 보건실에 가겠다고 했을 때 꾀병 부리지 말라며 조퇴를 막고 교실에 강제로 앉혀두어 아이가 끙끙 앓다가 병세를 키우게 만든 교사의 냉혈한 태도에 분노합니다,교사 태도/행동,보통,교무부
급식 지도를 하면서 자신이 좋아하는 반찬을 대량으로 먼저 챙겨가 정작 뒷줄에 선 학생들이 반찬 부족 현상을 겪게 만드는 교사의 이기적인 행동에 실망이 큽니다,교사 태도/행동,보통,교무부
다문화 가정 학생의 발음이나 문화적 차이를 교실 수업 중에 은근히 유머 소재로 삼아 해당 학생에게 정서적 학대와 상처를 주는 교사의 무지한 응대 태도를 규탄합니다,교사 태도/행동,보통,교무부
매사에 무기력한 태도로 수업 진도를 대충 나가고 학생들의 질문에는 대답을 회피하는 복지부동형 교사 때문에 아이의 학업 학습 의욕이 크게 저하되고 있습니다,교사 태도/행동,보통,교무부
가정환경 조사서를 걷으면서 부모의 직업이나 주거 형태를 은연중에 확인하고 학생을 대하는 태도가 눈에 띄게 달라지는 교사의 속물적인 태도에 상처를 받았습니다,교사 태도/행동,보통,교무부
"학교폭력 예방 상담을 신청했으나 ""네가 원인 제공을 한 것은 없냐""며 피해 학생에게 책임을 전가하는 2차 가해 응대 태도를 보인 상담 교사에게 매우 실망했습니다",교사 태도/행동,높음,교무부
수업 도중 자신의 사적인 감정으로 분을 이기지 못하고 교탁을 지휘봉으로 강하게 내리쳐 교실 전체에 공포 분위기를 가득 조성한 교사의 태도가 무섭다고 아이가 호소합니다,교사 태도/행동,보통,교무부
학부모 공개수업 날에만 평소와 다르게 다정한 척 가식적인 응대 태도를 보이고 평소에는 방임으로 일관하는 교사의 이중적인 행태에 교육적 불신이 깊어집니다,교사 태도/행동,보통,교무부
"전학 온 학생에 대한 따뜻한 소개나 적응 가이드라인 안내 부족 상태로 교실 맨 뒷자리에 덜렁 앉혀두어 아이가 극심한 소외감과 정서적 걱정, 불안을 겪게 만들었습니다",교사 태도/행동,보통,교무부
방과 후 상담 약속을 교사의 개인 사정으로 당일 사전 연락도 없이 취소하여 먼 길을 찾아온 학부모를 문전박대하고 소통 부족으로 일관하는 태도에 화가 납니다,교사 태도/행동,보통,교무부
학생들의 자치회 선거 과정에 특정 학생을 노골적으로 지지하거나 밀어주는 발언을 조례 시간에 하여 선거의 공정성을 훼손하는 교사의 편파적 태도를 시정해 주십시오,교사 태도/행동,보통,교무부
체육 교사가 운동장에서 남학생들에게만 공을 주고 여학생들은 그늘막 아래 자습을 주며 완전히 방치하는 성별 차별적 응대 태도가 매주 반복되고 있어 실망스럽습니다,교사 태도/행동,보통,교무부
소지품 검사 명목으로 학생들의 가방을 거칠게 뒤엎고 물건을 바닥에 떨어뜨리며 고압적인 자세로 학생들을 범죄자 취급하는 선도 교사의 태도에 인권침해를 느낍니다,교사 태도/행동,보통,교무부
지각한 학생에게 반성문을 쓰게 하면서 반성문 양식이 마음에 들지 않는다는 이유로 수차례 찢어버려 학생의 인격을 모독하고 과제 부담 그 이상의 정서적 학대를 가했습니다,교사 태도/행동,보통,교무부
학교 행정업무가 바쁘다는 핑계로 담임교사가 학급 단톡방의 알림을 전면 차단해 두고 학생들의 긴급한 질문이나 소통 요구를 원천 방치하는 소통 부족 태도입니다,교사 태도/행동,보통,교무부
"과학 교사가 수업 중 질문을 한 학생에게 ""그건 학원 선행학습 내용이니 여기서 묻지 마라""며 고압적으로 묵살하여 아이의 순수한 학습 탐구 의욕을 꺾어버렸습니다",교사 태도/행동,보통,교무부
내성적이고 조용한 학생들의 의견은 철저히 묵살하고 목소리 크고 외향적인 학생들의 요구만 수용하는 학급 운영 태도 때문에 아이가 교실 수업에서 소외감을 느낍니다,교사 태도/행동,보통,교무부
"학부모가 전화를 걸었을 때 귀찮다는 듯이 퉁명스러운 목소리로 응대하고 ""용건만 간단히 하라""며 고압적인 태도로 일관해 통화 내내 심장이 두근거리고 가슴이 답답했습니다",교사 태도/행동,보통,교무부
"학생이 실수로 물을 쏟았을 때 다정하게 닦아주기는커녕 ""칠칠치 못하다""며 반 전체 학생들 앞에서 면박을 주어 아이가 집에 와 서러움의 눈물을 흘리게 만들었습니다",교사 태도/행동,보통,교무부
"학습 진도를 다 나가지 못했음에도 시험 기간이 다가오자 ""나머지는 각자 알아서 공부하라""며 책임을 학생과 가정에 떠넘기는 무책임한 교사의 태도에 실망이 큽니다",교사 태도/행동,보통,교무부
동아리 담당 교사가 동아리 활동 예산을 어디에 썼는지 학생들에게 투명하게 공지하지 않고 소통 부족 상태로 일관하여 학생들 사이에서 불신이 가득 피어나고 있습니다,교사 태도/행동,보통,교무부
수업 중에 졸고 있는 학생의 책상을 발로 강하게 차서 깨우는 등 학생의 신체적 정서적 안전을 위협하고 공포심을 유발하는 교사의 폭력적인 응대 태도를 규탄합니다,교사 태도/행동,높음,교무부
학업 성적이 떨어진 학생에게 면담을 하자고 불러내어 비난 섞인 훈계만 늘어놓아 아이의 자존감을 바닥으로 떨어뜨리고 학업 포기 심리를 유발하는 담임교사의 태도입니다,교사 태도/행동,보통,교무부
가정통신문 제출 기한을 하루 넘겼다는 이유로 교무실 앞에 서서 벌을 서게 하여 아이에게 정서적 학대와 과도한 수치심을 안겨준 행정에 강력히 항의합니다,교사 태도/행동,보통,교무부
"새 학기 첫날부터 학생들에게 ""나는 무서운 사람이니 내 말에 복종하라""며 군대식 서열 문화를 조장하고 교실 분위기를 싹막하게 가득 채운 교사의 고압적 태도입니다",교사 태도/행동,보통,교무부
급식으로 나오는 국과 반찬이 식단표 공지와 달리 매번 미지근하거나 완전히 식은 채로 배식되어 학생들이 맛없는 식사를 하며 위생 안전사고 위험을 우려하고 있습니다,급식,높음,급식실
급식 메뉴에 튀김이나 인스턴트 가공식품 비중이 너무 높아 학생들의 영양 불균형이 우려되며 오후 수업 시간 내내 아이들이 소화 불량과 두통을 호소합니다,급식,보통,급식실
급식실에서 제공되는 수저와 식판에 기름때나 이전 식사 잔여물이 묻어 있는 등 위생 관리 부실 상태가 방치되어 아이가 불쾌감과 정서적 학대 느낌을 받았습니다,급식,보통,급식실
급식 양 배정 가이드라인 안내 부족으로 인해 늦게 식당에 도착한 뒷번호 학급 학생들은 고기 반찬이 부족하여 국물만 받아 가는 차별 대우 불이익이 반복됩니다,급식,낮음,급식실
급식 식단에 학생들의 선호도가 전혀 반영되지 않고 맛없는 채소 위주의 식단만 고집하여 다수의 아이들이 급식을 통째로 버리고 매점 과자로 배를 채우는 방치 상황입니다,급식,보통,급식실
급식실 줄서기 공간 관리가 안 되어 학생들이 새치기를 하거나 밀쳐서 식판을 놓치고 밥을 쏟는 등 질서 무너짐 환경이 매일 점심시간마다 반복되어 가슴이 답답합니다,급식,보통,급식실
"급식으로 제공된 과일(방울토마토, 사과)의 신선도가 떨어져 물러 터지거나 멍이 가득한 상태로 배식되어 학생들의 먹거리 위생 안전에 대한 신뢰가 매우 실망스럽습니다",급식,높음,급식실
특정 식품 알레르기가 있는 학생들을 위한 대체 식단 안내 부족과 배려 부족으로 인해 알레르기 유발 물질이 포함된 줄 모르고 먹은 아이가 두드러기 위험을 겪었습니다,급식,높음,급식실
급식에 나오는 김치가 너무 맵고 시어서 저학년 학생들이나 매운 음식을 못 먹는 아이들은 반찬으로 손도 대지 못하고 맨밥만 먹는 방치 상황을 겪고 있습니다,급식,보통,급식실
급식실 식사 시간이 너무 짧게 배정되어 배식받고 자리에 앉으면 10분 만에 허겁지겁 먹고 나가야 해 아이들이 상습 체증과 과제 부담 이상의 소화 스트레스를 겪습니다,급식,보통,급식실
"급식소 조리원들의 고압적인 응대 태도와 ""남기지 말고 다 먹으라""는 식의 강요 때문에 아이가 잔반 검사 통과에 정서적 공포와 불안을 느끼며 집에 와 눈물 흘립니다",급식,보통,급식실
급식 메뉴에 고기류 반찬이 나올 때 뼈가 너무 많거나 질겨서 학생들이 씹다가 치아 부상을 입을 뻔한 아찔한 안전사고 위험이 도사리고 있으나 조리 개선이 없습니다,급식,높음,급식실
급식실 내부 환경이 환기가 안 되어 음식 냄새와 열기가 가득 차 에어컨을 틀어도 땀을 흘리며 불쾌한 환경에서 식사를 해야 하니 학습 의욕 저하로 이어집니다,급식,보통,급식실
급식비 단가는 인상되었음에도 불구하고 식단의 질이나 구성은 오히려 퇴보하여 부실 급식 의혹 불신이 학부모들 사이에서 가득 차오르고 있어 소통 부족을 느낍니다,급식,보통,급식실
급식으로 나온 밥이 너무 질거나 반대로 생쌀처럼 굳어 있어 학생들이 소화를 시키지 못하고 오후 교실 수업 시간 내내 배탈과 만성 피로 증세를 호소하고 있습니다,급식,보통,급식실
급식 반찬의 간이 너무 짜거나 자극적이어서 학생들이 식사 후 오후 내내 갈증을 호소하며 정수기 앞으로 몰려 수업 진도와 쉬는 시간 소란을 유발하고 있습니다,급식,보통,급식실
급식실 바닥에 음식물 찌꺼기와 물기가 그대로 방치되어 있어 식판을 든 학생들이 걸어가다 미끄러지는 낙상 안전사고 위험이 매일 상존하고 있어 화가 납니다,급식,높음,급식실
급식으로 나오는 생선 요리에 가시가 너무 많이 제대로 제거되지 않은 채 배식되어 아이들이 목에 가시가 걸리는 아찔한 신체 건강 위험을 직접 겪고 우옵니다,급식,높음,급식실
급식소에서 사용하는 플라스틱 컵과 식기류가 노후화되어 흠집이 가득하고 그 사이에 세균 번식 위생 안전사고 위험이 높은데도 식기 교체가 이루어지지 않습니다,급식,높음,급식실
급식 식단표에 표기된 영양 성분 및 칼로리 정보 안내 부족 상태로 인해 비만 관리가 필요한 학생이나 소아당뇨를 겪는 아이들이 식단 조절에 큰 어려움을 겪습니다,급식,낮음,급식실
급식 배식 조가 특정 학급 교사의 사적 친분 조치에 따라 순서가 임의로 변경되어 규칙을 지킨 아이들이 점심시간 권리를 침해당하고 학교 행정에 매우 실망스럽습니다,급식,보통,급식실
급식으로 제공되는 국물 요리에 MSG 나 조미료 맛이 지나치게 강하게 나서 먹고 나면 입안이 텁텁하고 아이들이 두통과 구토 증세 불안을 호소하는 환경입니다,급식,보통,급식실
급식실 퇴식구 공간이 너무 협소하여 잔반을 버리려는 학생들이 엉켜 냄새나는 국물이 옷에 튀거나 위생 오염 스트레스를 유발하는 구조적 문제가 방치됩니다,급식,보통,급식실
"급식 영양사가 학부모들의 식단 개선 건의 사항에 대해 소통 부족 창구로 일관하며 ""예산 맞춰 하는 공적인 일이니 간섭 말라""는 고압적 태도를 보여 답답합니다",급식,낮음,급식실
"급식으로 나오는 유제품(우유, 요구르트)의 보관 시설 온도가 낮지 않아 미지근한 상태로 배식되어 여름철 식중독 위생 안전사고 위험이 심각하게 우려됩니다",급식,높음,급식실
급식 메뉴가 매주 지나치게 중복되어 월요일에 나온 반찬 재활용 의혹 불신이 생길 정도로 식단의 다양성이 결여되어 학생들의 급식 만족도가 바닥을 칩니다,급식,보통,급식실
급식실 의자의 등받이가 없어 학생들이 불편한 자세로 식사를 하느라 척추 통증을 호소하며 편안해야 할 식사 시간이 정서적 고통 환경으로 변질되었습니다,급식,보통,급식실
급식에 사용되는 식재료의 원산지 표시 안내 부족 상태가 지속되어 국내산 고품질 재료를 사용하는지 학부모 입장에서 납득하기 어렵고 불안감이 가득합니다,급식,낮음,급식실
급식실 배식 구역 조명이 너무 어두워 음식 내부의 이물질을 눈으로 식별하기 어려운 환경이며 이로 인해 위생 안전사고 위험을 조기에 차단하지 못하고 있습니다,급식,높음,급식실
급식으로 나오는 빵이나 떡 제품이 퍽퍽하고 건조하여 학생들이 먹다가 목이 메어 캑캑거리는 상황이 발생하는데도 식수대 시설과의 동선 배치가 부실합니다,급식,보통,급식실
급식 조리실 내부를 학부모 모니터링단에게 공개하지 않고 비밀주의 소통 부족 태도로 일관하여 청결 상태에 대한 의구심과 교육 불신을 키우고 있어 분노합니다,급식,보통,급식실
"급식 반찬 중 채소류(나물, 샐러드)의 세척 상태가 불량하여 진흙이나 작은 벌레 사체가 발견되는 끔찍한 위생 안전사고 위험 사태가 발생하여 실망이 극에 달했습니다",급식,높음,급식실
급식실에 배치된 휴지나 냅킨 시설이 항상 부족하여 학생들이 음식을 흘렸을 때 옷이나 손으로 닦아야 하는 불결하고 열악한 방치 상황이 계속되고 있습니다,급식,보통,급식실
급식 메뉴 중 세계 요리 특집이라며 정체불명의 퓨전 음식을 내놓아 학생들이 한 입도 먹지 못하고 전량 잔반으로 버리는 예산 낭비 행태에 가슴이 답답합니다,급식,보통,급식실
급식실 직원들이 배식할 때 위생 장갑을 낀 손으로 돈이나 스마트폰을 만진 후 그대로 음식을 집어 배식하는 위생 관념 실종 행태에 너무 화가 나고 실망스럽습니다,급식,보통,급식실
급식으로 나오는 숟가락의 크기가 너무 크거나 작아 저학년 아이들이 입을 다치거나 음식을 흘리며 정서적 상처와 과제 부담 이상의 식사 스트레스를 겪습니다,급식,보통,급식실
급식 식단에 매운 반찬만 3가지 이상 겹쳐서 나오는 날이 많아 매운 음식을 못 먹는 학생들은 국에 밥만 말아 먹고 교실 수업 시간 피로와 배고픔을 호소합니다,급식,보통,급식실
급식실 한구석에 잔반 통이 상시 노출되어 있어 식사하는 테이블 바로 옆에서 구토를 유발하는 비위생적인 풍경과 악취 환경 오염이 방치되는 상황에 항의합니다,급식,보통,급식실
급식으로 제공된 닭고기 요리가 내부까지 완전히 익지 않아 붉은 핏기가 도는 상태로 배식되어 학생들이 살모넬라균 등 위생 안전사고 위험에 직면했습니다,급식,높음,급식실
급식실 입장 순서 배정 가이드라인 안내 부족으로 인해 특정 학년이 매번 점심시간의 절반이 지난 후에야 입장을 할 수 있어 휴식 권리를 불평등하게 침해당합니다,급식,낮음,급식실
급식소에 정수기 시설 대수가 학생 수에 비해 너무 적어 식사 후 물 한 모금 마시기 위해 수십 명이 긴 줄을 서다 종이 울려 교실로 뛰어가는 열악한 환경입니다,급식,보통,급식실
급식으로 나오는 국물의 염도가 너무 높아 짠맛이 강함에도 염도 측정 수치 안내 부족 상태를 고수하며 학생들의 신체 건강 관리를 소홀히 하고 있습니다,급식,낮음,급식실
"급식실 내 교직원 전용 식사 구역은 화려하고 쾌적하게 꾸며놓은 반면, 학생 구역은 낙후되고 비좁아 은근한 차별 대우와 소외감을 조장하는 행정에 화가 납니다",급식,보통,급식실
급식 메뉴 중 샌드위치나 햄버거의 패티가 가공 향료 맛이 너무 심해 학생들이 거부감을 느끼며 학교 급식의 영양 학적 가치에 매우 실망스럽다고 토로합니다,급식,보통,급식실
급식실 퇴식구 앞에 잔반을 버리는 도우미 학생들에게 고압적인 태도로 지시를 내리고 청소를 강제하는 등 학생 자치권을 침해하는 생활지도 방식에 항의합니다,급식,보통,급식실
급식으로 나오는 수프나 죽 요리가 너무 묽어 물처럼 흘러내려 학생들이 식판을 들고 걸어가다 주변 사람에게 쏟아 화상을 입히는 안전사고 위험이 상존합니다,급식,높음,급식실
급식실 입구에 미끄럼 방지 매트 시설이 깔려 있지 않아 비가 오는 날 학생들이 신발에 묻은 물기 때문에 대형 낙상 위험을 겪고 있으나 방치되어 있습니다,급식,높음,급식실
급식 메뉴 개발을 위한 학생 설문조사를 실시했으나 결과 반영 내역에 대한 소통 부족 창구로 일관하며 기존의 부실한 식단을 무한 반복하는 행태에 실망했습니다,급식,보통,급식실
급식으로 나오는 조미김이나 디저트류의 비닐 포장지가 너무 질겨 아이들이 손으로 뜯다가 대형 사고로 음식을 쏟아 교실 수업 전 정서적 상처를 입고 눈물 흘립니다,급식,높음,급식실
급식실 내 테이블 위생 행주 소독이 제대로 안 되어 테이블을 닦아도 쉰내가 진동하는 열악한 위생 환경 속에서 아이들이 억지로 밥을 먹는 방치 상황입니다,급식,보통,급식실
쉬는 시간 복도에서 학생들이 술래잡기를 하며 전속력으로 뛰어다니는데도 생활지도 교사가 제지하지 않아 부딪힌 아이가 낙상 상해를 입을 위험이 상존합니다,생활지도/안전,높음,생활안전부
학교 앞 문구점 주변에서 불량 식품이나 사행성 뽑기 기계가 무분별하게 운영되고 있으나 학교 차원의 하교 시간 유해 환경 단속 생활지도가 전무하여 방치됩니다,생활지도/안전,높음,생활안전부
학생들의 등교 시간 복장 단속을 하면서 귀걸이나 양말 색상 같은 사소한 규정 위반으로 교문 앞에 수십 분간 서 있게 해 정서적 학대와 수치심을 유발합니다,생활지도/안전,높음,생활안전부
체육 수업 전 준비운동을 소홀히 한 채 바로 축구나 피구 경기를 진행하여 학생들이 근육 파열이나 염좌 등 신체 안전사고 위험에 노출되는 환경이 방치됩니다,생활지도/안전,높음,생활안전부
교실 내에서 스마트폰 단속 가이드라인 안내 부족으로 인해 수업 시간 중 카카오톡이나 게임을 하는 아이들이 많아 면학 분위기와 안전 생활지도가 무너지고 있습니다,생활지도/안전,높음,생활안전부
쉬는 시간 화장실 구석에서 학생들이 거친 욕설과 언어폭력을 쓰며 장난을 치는데도 교사들의 화장실 순찰 생활지도가 사각지대로 남아 있어 아이가 무서워합니다,생활지도/안전,높음,생활안전부
자전거 통학을 하는 학생들이 헬멧 등 보호장구를 착용하지 않고 정문을 드나드는데도 이를 단속하거나 안전지도를 하는 교사가 보이지 않아 걱정이 가득합니다,생활지도/안전,높음,생활안전부
비가 오는 날 교문 앞에서 우산을 접으며 들어오는 학생 동선 생활지도가 안 되어 우산 살에 눈을 찔릴 뻔한 아찔한 안전사고 위험을 아이가 직접 목격했습니다,생활지도/안전,높음,생활안전부
학급 단톡방에서 특정 학생을 배제하거나 저격하는 글을 올리는 사이버 불링 정황을 담임교사가 인지하고도 소통 부족 태도로 방관하여 피해가 커지고 있습니다,생활지도/안전,높음,생활안전부
점심시간 운동장 주변 후미진 창고 사각지대에서 일부 비행 학생들이 모여 소란을 피우는데도 CCTV 모니터링이나 교사 순찰 생활지도가 없어 불안 환경입니다,생활지도/안전,높음,생활안전부
이동 수업 시 학생들이 계단에서 우측통행 규칙을 지키지 않고 뒤엉켜 내려오다 밀쳐져 구를 뻔한 낙상 안전사고 위험이 상존함에도 보행 생활지도가 실종되었습니다,생활지도/안전,높음,생활안전부
교실 내 커터칼이나 가위 등 날카로운 문구류 안전 사용 규칙 안내 부족 상태로 학생들이 위험한 칼치기 장난을 치는데도 교사는 주의를 주지 않고 방임합니다,생활지도/안전,높음,생활안전부
미세먼지 경보 발령 날 야외 체육 활동을 자제하라는 지침을 어기고 운동장에서 피구를 강행하여 학생들이 호흡기 질환 건강 위험을 호소하는 안일한 생활지도입니다,생활지도/안전,높음,생활안전부
교내 밴드부 연습실의 고전압 앰프와 멀티탭 전선 정리가 안 되어 학생들이 발에 걸려 넘어지거나 감전 안전사고 위험이 높은데도 동아리 생활지도가 부실합니다,생활지도/안전,높음,생활안전부
하교 시간 교문 앞 좁은 인도에 학생들이 한꺼번에 몰려 차도로 밀려 내려와 주행하는 차량과 부딪힐 뻔한 교통 안전사고 위험이 매일 반복되나 방치 상태입니다,생활지도/안전,높음,생활안전부
학생증을 소지하지 않은 학생들을 교문에서 고압적인 태도로 단속하며 벌점을 무차별 부과하여 아침부터 아이들에게 심각한 스트레스와 학대 감정을 안겨줍니다,생활지도/안전,높음,생활안전부
청소 시간 걸레자루를 가지고 칼싸움 장난을 치거나 창문 밖으로 먼지를 터는 위험한 행동을 교실 내 감독 교사가 배치되지 않아 생활지도가 차단되었습니다,생활지도/안전,높음,생활안전부
"학교폭력 피해 우려로 상담을 청한 학생에게 ""친한 친구끼리 사소한 오해""라며 합의를 종용하는 담임교사의 무능한 생활지도 태도에 너무 화가 나고 실망스럽습니다",생활지도/안전,높음,생활안전부
동절기 운동장 진입로 빙판길 미끄럼 방지 염화칼슘 살포가 지연되어 아이들이 넘어지는 낙상 위험이 가득함에도 등교 지도 시 보행 생활지도가 안 이뤄집니다,생활지도/안전,높음,생활안전부
매점 이용 시 학년별 질서 유지 가이드라인 안내 부족으로 인해 덩치 큰 상급생들이 하급생들을 밀치고 새치기를 하는 갈취 분위기 안전사고 위험이 방치됩니다,생활지도/안전,높음,생활안전부
교실 안에서 관상용 선인장이나 날카로운 화분을 창틀에 두어 떨어질 경우 아래 보행 학생이 맞을 낙하 안전사고 위험이 높은데도 환경 정비 지도가 없습니다,생활지도/안전,높음,생활안전부
방과 후 자율학습 종료 후 늦은 귀가 시간 정문 앞 어두운 골목길에 생활지도 순찰 교사가 배치되지 않아 학생들이 범죄 위험에 대한 걱정과 불안을 호소합니다,생활지도/안전,높음,생활안전부
학교 축제 현장 체험학습 버스 탑승 시 안전벨트 착용 여부를 인솔 교사가 확인하지 않고 출발하여 대형 교통 안전사고 위험을 자초하는 안일함에 분노합니다,생활지도/안전,높음,생활안전부
컴퓨터실 수업 중 유해 사이트 무설정 접속을 방치하여 학생들이 음란물이나 도박 광고에 노출되는데도 정보 생활지도 모니터링이 실종되어 납득하기 어렵습니다,생활지도/안전,높음,생활안전부
지진 및 화재 대피 훈련 시 대피 경로 안내 부족과 교사들의 우왕좌왕 소통 부족 태도로 인해 학생들이 계단에서 병목현상 압사 위험을 겪으며 실망을 표합니다,생활지도/안전,높음,생활안전부
특이 성향을 보이며 타인에게 물건을 던지는 분노조절 학생을 일반 교실 내에 아무런 격리나 전문 지도 조치 없이 방치하여 주변 아이들이 상해 위험에 시달립니다,생활지도/안전,높음,생활안전부
급식실 대기 줄에서 학생들이 장난으로 뒷사람을 밀치는 밀치기 행위를 배식 지도 교사가 보고도 훈계하지 않고 지나쳐 안전 불감증에 가슴이 답답합니다,생활지도/안전,높음,생활안전부
탈의실 남녀 이용 시간 분리 가이드라인 안내 부족으로 이성 학생이 문을 열어 사생활 인권침해와 수치심 정서적 학대를 유발하는 부실한 생활지도 실태입니다,생활지도/안전,높음,생활안전부
교실 문을 거칠게 발로 차서 열거나 쾅 닫는 위협적인 행동을 일삼는 불량 학생에 대한 즉각적인 제지나 행동 교정 생활지도가 이루어지지 않고 방치 상태입니다,생활지도/안전,높음,생활안전부
체육 대회 야외 활동 중 대열을 이탈해 매점으로 뛰어가는 학생들을 인솔 교사들이 잡담하느라 통제하지 않아 대열 무너짐 안전사고 위험을 유발했습니다,생활지도/안전,높음,생활안전부
과학실 알코올램프 사용 실험 수업 시 불꽃을 켠 채 자리를 비우는 위험 행동을 담당 교사가 교탁에서 노트북만 보느라 인지하지 못하고 방임하는 열악한 환경입니다,생활지도/안전,높음,생활안전부
학교 주변 공사 현장 인도 단절로 아이들이 차도로 우회 등교를 하는데도 학교 차원의 임시 통학로 안전 요원 배치나 보행 생활지도가 소홀하여 위험합니다,생활지도/안전,높음,생활안전부
교내 옥상 출입문 고장 잠금장치를 수일째 보수하지 않아 학생들이 난간에서 장난치는 아찔한 추락 위험이 상존함에도 순찰 생활지도가 완전히 손놓였습니다,생활지도/안전,높음,생활안전부
학급 내 금전 거래나 물품 강매 같은 경제적 인권침해 비행 정황에 대해 아이들끼리의 장난이라며 소통 부족으로 일관하고 생활지도를 외면하는 담임교사입니다,생활지도/안전,높음,생활안전부
선도부 학생들이 교문 앞에서 위협적인 눈빛과 짜증 섞인 응대 태도로 학우들을 단속하며 공포 분위기를 조장하는 구시대적 생활지도 방식을 시정 바랍니다,생활지도/안전,높음,생활안전부
비가 오는 날 현관 물기 미제거로 인한 미끄러운 바닥 보행 안전 생활지도는 안 하고 두발 규정만 단속하는 교사들의 주객전도 태도에 실망이 가득합니다,생활지도/안전,높음,생활안전부
학교 매점 앞 통로 밀집도가 지나치게 높아 압사 안전사고 위험을 겪고 아이가 가슴 답답해하는데도 동선 제지나 분산 생활지도 조치가 없어 너무 화가 납니다,생활지도/안전,높음,생활안전부
기숙사 야간 점호 이후 학생들이 방을 이탈해 고성방가를 지르는 생활지도 붕괴 환경을 사감 교사가 야간 순찰 소홀로 방치하여 수면 부족 고통을 유발합니다,생활지도/안전,높음,생활안전부
수업 중 창밖으로 지우개나 페트병을 던지는 투척 비행 행동을 가벼운 훈방 조치로만 끝내 아래 통행 학생의 두부 손상 안전사고 위험을 방임하는 학교입니다,생활지도/안전,높음,생활안전부
"동아리 실습 도구(칼, 글루건) 화상 자상 위험 가이드라인 안내 부족 상태에서 강사가 밀착 생활지도를 안 해 아이가 다치고 서러움의 눈물을 흘렸습니다",생활지도/안전,높음,생활안전부
학교 주변 유흥가 유해 업소 밀집 구역에 대한 방과 후 교외 순찰 생활지도가 전무하여 학생들이 범죄 안전사고 위험에 무방비로 노출되어 실망스럽습니다,생활지도/안전,높음,생활안전부
교실 내 텔레비전 모니터 거치대 나사가 헐거워져 흔들리는데도 시설 보수 없이 수업을 강행하여 학생 머리 위 낙하 안전사고 위험이 도사리는 위험 환경입니다,생활지도/안전,높음,생활안전부
방과 후 자율학습 미신청 학생을 교실에 강제로 잡아두고 문을 잠가 화재 발생 시 대피 불가 안전사고 위험을 초래하는 위법적 고압 생활지도를 중단하십시오,생활지도/안전,높음,생활안전부
체육 수업 참관 중인 아픈 학생을 땡볕 운동장 바닥에 아무 조치 없이 앉혀두어 열사병 위험과 정서적 방치 학대 환경을 유발하는 교사의 처사에 분노합니다,생활지도/안전,높음,생활안전부
교내 엘리베이터 정원 초과 탑승 장난을 제재하는 생활지도가 없어 실제 갇힘 안전사고 위험으로 아이들이 안에서 공포와 가슴 답답함을 호소하며 울었습니다,생활지도/안전,높음,생활안전부
학급 내 스마트폰 불법 도박 유행 정황을 담임교사가 조례 시간 외 폰 수거 생활지도 소홀로 방치하여 갈취 비행 안전사고 위험으로 번지는 열악한 교실입니다,생활지도/안전,높음,생활안전부
체육관 무대 뒤 밀폐된 어두운 사각지대에 대한 출입 통제 생활지도가 없어 감전 화재 안전사고 위험 및 비행 아지트 환경이 방치되는 것에 실망이 큽니다,생활지도/안전,높음,생활안전부
학교 운동장 낙후된 창고 주변 깨진 유리병 방치 구역에 대한 접근 제한 안내 부족과 생활지도 실종으로 아이들이 놀다 다칠 상해 위험이 심각합니다,생활지도/안전,높음,생활안전부
청소 시간 젖은 걸레로 복도 바닥을 닦은 후 미끄럼 경고판 설치나 보행 생활지도가 없어 뛰어가던 아이들이 단체로 넘어지는 낙상 안전사고 위험이 높습니다,생활지도/안전,높음,생활안전부
학교 홈페이지 익명 게시판이 스팸 광고와 악성 매크로 글로 도배되어 공지사항 안내 부족과 소통 부족을 유발하는데도 행정실은 사이트 보안 관리를 방치합니다,기타,낮음,행정실
학기 초 발급된 학생증의 사진 인쇄 상태가 흐릿하게 오타 범벅으로 나와 시설 이용 불이익을 겪는데 복잡한 재발급 수수료 추가 부담을 가정에 전가해 화가 납니다,기타,보통,행정실
행정실 직원들의 전화 응대 태도가 너무 고압적이고 퉁명스러워 필수 서류 문의 시 정서적 모욕감과 불통 행정 소통 부족 스트레스를 유발하여 가슴이 답답합니다,기타,낮음,행정실
일방적으로 지정한 독점 교복 납품 업체의 품질이 형편없고 비싸 학부모의 경제적 과제 부담을 가중시키며 교환 AS 소통 부족 처사에 매우 실망스럽습니다,기타,보통,행정실
졸업앨범 사진 화질이 조잡하고 특정 학생 편중 인쇄로 인해 우리 아이가 교실 내 소외감과 정서적 상처를 받았으나 앨범 사태 환불 불가 소통 부족으로 일관합니다,기타,보통,행정실
교내 자판기 음료 유통기한 경고 안내 부족 상태로 고장 장비가 방치되어 위생 안전사고 위험과 돈 낭비 불편을 겪는 상황에 대해 시설 지도를 원합니다,기타,높음,행정실
자체 모바일 페이 결제 시스템의 잦은 서버 다운 결제 오류로 학생들이 점심시간 내 줄만 서다 밥을 굶고 방치되어 스트레스와 실망감을 호소하고 있습니다,기타,보통,행정실
분실물 보관소 접수 대장 및 온라인 조회 시스템 가이드라인 안내 부족으로 분실물이 도난 유실되는 방임 태도에 가정의 경제적 손실 부담이 커져 화가 납니다,기타,낮음,행정실
학교 발전기금 찬조금 명목의 반강제 기부 독려 가정통신문으로 경제적 정신적 스트레스를 유발하며 차별 대우 위화감 조성 소통 부족 처사에 항의합니다,기타,보통,행정실
성적표 우편 발송 행정 주소지 오기로 민감한 사생활 개인정보가 타인에게 노출 노출되는 행정 사고 위험과 소통 부족 응대 태도에 책임자 문책을 요구합니다,기타,높음,행정실
동아리 선정 과정이 가위바위보 무작위 배정 방식으로 진행되어 희망 진로 기회를 박탈당하고 학습 의욕 저하 교실 수업 이해 부족을 겪게 만드는 행정입니다,기타,낮음,행정실
도서관 대출증 우선 발급 차별 처사로 일반 학생들이 도서 이용 제한 불이익과 교내 위화감 소외감 정서적 상처를 느끼게 만드는 불공정 행정을 시정 바랍니다,기타,보통,행정실
불법 사교육 홍보 전단지 배포원들이 교문 안까지 침입해 아이 가방을 붙잡아 무섭고 심장이 뛰는데도 보안 관리를 유기하고 방치하는 학교에 실망했습니다,기타,보통,행정실
주말 조기축구회 운동장 유료 대관 수익에만 치중해 정작 학생들이 주말 시설 이용을 전면 통제당하고 쓰레기 오염 환경 위험을 마주하게 만드는 상업 행정입니다,기타,높음,행정실
교내 매점 간식 가격이 편용점보다 터무니없이 비싸 용돈이 부족한 아이가 교실 소외감을 느끼며 영양 칼로리 안내 부족 폭리 행태에 분노를 호소합니다,기타,낮음,행정실
단체 봉사활동 프로그램 기관이 특정 종교 편향성이 심한 곳으로 지정되어 종교 자유 침해와 정서적 학대 스트레스를 가중시키는 소통 부족 기획 태도입니다,기타,보통,행정실
셔틀버스 운행 노선이 일부 학부모 임원 거주지 위주로 편파 배정되어 원거리 통학 학생이 만성 피로와 교통 불편 위험을 겪음에도 소통 부족으로 일관합니다,기타,높음,행정실
장학금 수혜자 선정 심사 기준이 불투명하고 공지 안내 부족 상태로 밀실 처리되어 학생들 간 불화와 학업 학습 의욕 저하 좌절감 눈물을 유발하고 있습니다,기타,낮음,행정실
교지 인쇄물에 학생 동의 없이 개인 초상권과 입시 성적 정보를 무단 실어 전교생 놀림거리 정서적 트라우마 무서워하는 인권침해를 저지른 행정입니다,기타,보통,행정실
동아리 연습실 배정 시간이 교사 주관적 호불호로 편파 분배되어 복도 바닥 연습 서러움 눈물 소통 부족 온라인 시설 예약 시스템 구축을 촉구합니다,기타,보통,행정실
아침 명상 오디오 방송 볼륨이 너무 크고 종교색 내용으로 두통과 아침 학습 준비 기회 박탈 과제 부담 스트레스를 조장하는 일방적 행정을 중단하십시오,기타,보통,행정실
교내 공모전 결과 발표일이 수 주 지연됨에도 아무런 지연 사유 안내 부족 상태로 방치해 입시 포트폴리오 불안 피가 마르는 만성 피로를 겪고 있습니다,기타,낮음,행정실
교육용 태블릿 PC 장비를 분실 위험 핑계로 보관함에 잠가만 두고 수업 시간 시설 활용 개방을 안 해 교실 수업 이해 부족을 유발하는 전시 행정입니다,기타,높음,행정실
교내 건의함 수거를 수개월째 안 해 먼지만 쌓이고 학생 의견 묵살 무력감 눈물을 유발하는 형식적 쇼 소통 부족 행정을 투명하게 처리장 전면 공개 바랍니다,기타,낮음,행정실
축제 기간 외부 푸드트럭 쓰레기 처리 비용을 학생 결제액에 강제 전가해 과제 부담을 주며 돈 없는 아이를 교실 구석 소외감 눈물 흘리게 만든 기획입니다,기타,보통,행정실
학부모 공식 방문 상담 차량의 교내 진입 주차 시설을 전면 통제해 극심한 불편과 담임 상담 조치 혜택 방치 소외감을 유발하는 고압적 규정입니다,기타,보통,행정실
가정통신문 알리미 앱 서버 오류로 내일 준비물 공지가 밤늦게 전달되어 퇴근 후 문구점을 헤매는 양육 스트레스와 아이 꾸중 눈물을 유발하는 불량 시설입니다,기타,보통,행정실
의무 예방 교육을 강당 바닥 소음 속 동영상 틀어주기 형식 실적 채우기로 방치해 정작 실제 폭력 위험 대처법 안내 부족 실망을 키우는 부실 프로그램입니다,기타,높음,행정실
매점 판매 가공식품 대기업 독점 비율 100%로 품목 다양성 선택 권리를 침해하고 불량 배아픔 학습 의욕 저하 입찰 과정 비공개 소통 부족 상태입니다,기타,보통,행정실
청소 시간 자욱한 복도 먼지 속 마스크 지도 없이 강제 청소 가학 노동 환경으로 아이 눈따가움 머리아픔 만성 피로를 느끼게 만드는 구시대 청소 방식입니다,기타,보통,행정실
방학 캠프 취소 공지를 개강 전날 밤 일방 문자 통보해 맞벌이 양육 일정 붕괴 피마름과 아이 혼자 집 방치 우울 눈물을 유발한 부실 행정 처리입니다,기타,낮음,행정실
영재 학급 선발 시험 출제 오류 채점 기준 비공개 이의 제기 원천 봉쇄 소통 부족으로 아이 학습 의욕 완전 꺾임 교실 눈물 불신을 조장하는 밀실 행정입니다,기타,보통,행정실
체육 대회 특혜 배치 간식 지급으로 대다수 일반 학생 들러리 취급 뙤약볕 스탠드 방치 정서적 소외감 학대 상처 눈물을 유발하는 안일한 행정입니다,기타,보통,행정실
정서 특성검사 관심군 학생 명단 비밀 관리 소홀 유출로 교실 내 왕따 위험 인권침해 등교 거부 트라우마 심장 내려앉음 보안 시스템 부실 사태입니다,기타,높음,행정실
도서관 무인 대출 키오스크 UI 시설 오작동 복잡함 안내 부족으로 책 대출 20분 소요 독서 학습 의욕 저하 가슴 답답함 시설 보수를 원합니다,기타,낮음,행정실
초빙 외부 강사의 편견 차별 발언으로 수업 아이들 정서적 학대 정신적 충격 교실 지옥 눈물 자질 검증 소통 부족 자격 블랙리스트 지정을 요구합니다,기타,보통,행정실
운영위원회 회의록 핵심 안건 예산 내역 블라인드 처리 형식 눈속임 행정 폐쇄성 불신 가슴 답답함 안내 부족 원본 영수증 첨부 전면 공개를 항의합니다,기타,낮음,행정실
교육 급여 지원 신청 종이 안내문을 무분별 배포해 가난 낙인 걱정 불안 정서적 상처 등교 거부 개인정보 생활지도 소홀 전산 시스템 수정을 촉구합니다,기타,낮음,행정실
학급 환경미화 예산 현실화 부족 부담을 임원 부모 사치 경쟁 유발 경제적 과제 부담 스트레스 돈 따르는 학습 의욕 저하 불법 찬조 묵인 행정입니다,기타,보통,행정실
인기 특별 프로그램 참가 선발 기준 선착순 모바일 접수 서버 1초만 터짐 기회 박탈 안내 부족 불평등 소통 부족 추첨제 배정 시스템 개선을 원합니다,기타,낮음,행정실
교내 백일장 심사 교사들의 본인 학급 동아리 몰아주기 수상 실적 조작 의혹 정서적 학대 허탈감 피거꾸로 분노 학습 의욕 저하 블라인드 심사 요구입니다,기타,보통,행정실
학습 전용 앱 업데이트 오류 동기화 실패 미제출 감점 불이익 기술 결함 고압 응대 태도 과제 부담 억울함 만성 피로 눈물 시스템 무상 시설 보수 원합니다,기타,보통,행정실
선도위 처벌 수위 권력 자녀 경고 일반 학생 사회봉사 고무줄 잣대 불평등 도덕성 상실 극심 불신 불안 무서워함 가슴 답답 양형 원본 공개를 요구합니다,기타,보통,행정실
생기부 입력 마감 셀프 세특 작성 강요 폐단 과제 부담 극에 달함 직무유기 학대 방임 입시 불이익 걱정 밤새 눈물 사교육 대필 추가 비용 전수조사 원합니다,기타,보통,행정실
동아리 활동비 증빙 절차 낙후 규격 불일치 반려 행정 과제 부담 스트레스 안내 부족 관료주의 횡포 연구 진도 방해 가슴 답답 사진 업로드 시설 원합니다,기타,낮음,행정실
재학증명서 발급기 시설 행정실 내부 설치 오후 4시 반 종료 문잠금 방거후 학생 발급 사각지대 시간 쫓김 불이익 위험 퇴근 우선 소통 부족 항의합니다,기타,높음,행정실
학생회 선거 공약 사전 검열 민주주의 침해 자율 비판 사고 가로막음 독재 검열 소통 부족 짜고 치는 고스톱 허탈감 학습 의욕 저하 자유 공약 원합니다,기타,높음,행정실
교육 경비 자동이체 출금 날짜 사전 공지 안내 부족 무작위 출금 가계 재정 혼란 알림 문자 누락 시스템 오류 미납자 자책 교실 무서워함 시설 조치 요구입니다,기타,낮음,행정실
다중 시설 이용 수칙 영어 한문 표기 한글 안내 부족 저학년 다문화 가정 규칙 이해 못함 이용 제한 불이익 면박 방치 눈물 한글 병기 시설 개선 바랍니다,기타,낮음,행정실
사설 모의고사 비용 시중보다 터무니 비쌈 성적 분석 부실 단순 등수 표기 불신 가득 소통 부족 피드백 거부 문제풀이 과제 부담 학습 의욕 저하 중단 요구입니다,기타,보통,행정실
